Age,Annual_Income,Total_Purchases,Average_Ticket,Total_Spending,Loyalty_Points,Website_Visits,Days_Since_Last_Purchase,Online_Purchases
34,49072,13,271.99,4322.48,10062,52,233,6
60,33441,23,126.36,3548.86,8747,189,152,21
42,20302,18,67.69,1543.43,1872,157,163,16
43,85606,25,630.79,17449.74,42802,167,124,19
44,31539,23,117.14,2755.44,7749,221,105,22
32,37868,18,197.49,4336.03,10042,136,173,14
37,49652,18,272.76,4395.27,11648,82,177,8
28,33779,5,87.01,50.0,99,5,372,1
46,39421,17,281.42,4331.09,10816,62,209,3
43,43376,18,384.79,6588.4,16797,171,173,16
56,74487,27,548.98,14483.19,38037,154,64,18
25,23243,21,84.09,1595.4,4824,160,118,21
23,39302,5,213.55,1192.6,2015,5,273,1
21,23182,21,172.2,4300.14,11010,184,103,19
45,25299,24,150.63,4193.11,9365,224,175,21
41,31533,11,159.54,738.04,860,129,241,11
28,30221,6,121.6,1053.18,1535,5,314,0
18,40118,16,256.3,4454.18,11549,130,191,12
36,38724,6,149.51,862.15,1794,39,315,1
20,18581,20,85.55,1675.75,5958,226,197,22
35,29703,13,149.5,2773.22,6234,129,230,11
36,31538,21,139.75,2352.98,7339,192,210,21
30,34093,16,179.58,3203.82,8846,110,214,16
24,34227,18,144.93,2880.31,9397,150,165,15
50,60714,21,494.88,10446.11,27402,118,175,13
48,80741,27,584.35,14448.73,35939,162,53,17
51,29551,20,157.56,3008.87,7846,107,193,6
18,33654,8,113.45,767.85,3985,52,320,1
41,50568,20,311.67,6335.33,17480,83,165,7
31,49432,20,229.33,4816.14,11923,92,158,7
26,28660,16,167.24,2467.75,7056,114,228,14
46,20601,13,81.01,653.05,988,56,246,6
45,35369,6,166.17,1557.37,3354,80,274,4
38,62693,22,350.33,7424.81,20184,80,118,7
47,63417,12,476.74,5952.84,15787,5,240,6
20,32165,6,122.51,1285.82,2000,14,334,3
29,34865,8,142.82,1550.72,5889,97,291,7
54,36856,28,179.95,5109.03,12579,249,69,25
43,42632,14,336.65,4604.38,12204,90,295,8
40,33380,3,171.51,174.99,0,80,358,3
42,31653,17,106.94,1432.57,3892,196,199,16
49,30095,20,247.67,4986.47,11333,100,238,6
42,47752,12,236.78,2090.58,5566,80,258,6
29,33514,15,142.93,2044.59,5947,131,284,13
29,33256,12,123.77,1960.45,6619,92,241,6
53,78867,18,580.93,10361.94,27736,120,202,14
29,36187,14,209.6,3578.08,8007,99,259,11
46,30339,22,104.73,2781.43,8239,139,149,17
41,85491,22,665.35,14465.13,36764,184,138,16
36,26909,29,93.86,2618.35,5777,225,78,25
31,26230,16,88.26,2875.19,9504,147,263,19
35,31030,17,171.44,2198.12,5324,172,154,17
51,41069,21,256.67,4581.22,11410,85,158,10
54,45423,23,224.86,4988.05,14053,110,60,10
40,66077,30,516.33,15188.94,39529,205,53,18
52,58940,10,290.48,3200.34,7692,33,314,3
44,55811,26,355.19,9575.04,24422,147,126,14
43,63959,22,518.31,11682.41,29391,144,127,13
32,31454,20,124.45,2632.96,8190,161,216,18
36,52612,22,449.73,10431.35,26387,95,122,11
41,36333,16,225.24,3279.43,10927,128,231,13
23,32515,21,130.87,3324.98,9089,193,184,18
51,36723,26,134.47,3618.07,10910,229,177,23
20,38554,10,183.69,1542.53,4279,74,314,3
18,46019,26,297.0,8003.9,20532,144,138,15
41,84208,32,580.17,19022.64,48325,219,14,22
38,31540,20,173.18,4209.91,10741,137,173,19
49,80391,22,644.66,13256.62,34467,177,181,17
18,31916,10,149.04,862.68,800,74,268,9
37,28607,20,80.3,2193.78,7793,140,122,17
39,39966,22,139.71,4117.53,11790,164,169,19
65,54623,16,300.96,5339.79,15683,111,204,7
27,35448,7,134.31,753.23,1023,67,274,4
53,48378,20,282.48,5321.38,11928,111,140,9
27,88558,25,651.13,17327.41,43160,142,125,17
45,63742,13,409.35,4997.61,14082,130,254,9
23,33590,19,156.49,2474.12,6917,184,194,18
36,26597,2,213.67,1105.09,3011,5,393,2
46,34551,22,110.32,1969.8,4597,160,180,17
32,18000,4,115.62,704.39,1892,5,346,5
73,44971,17,179.74,3228.82,8420,164,208,15
30,55448,22,317.69,7827.94,19008,81,78,7
45,63757,24,451.29,11338.71,31112,104,135,10
44,33585,17,234.31,3120.54,9055,80,116,5
46,71122,20,468.46,9254.68,24561,160,186,15
40,37333,25,129.51,3150.49,8589,241,90,25
42,23159,22,64.13,1546.36,4487,247,139,23
53,80874,21,537.01,10746.37,27114,170,164,14
55,32890,17,147.03,1817.79,4690,133,196,15
40,41661,21,188.02,2782.47,6358,205,181,19
32,34435,15,107.11,1668.54,4718,135,235,12
48,59094,11,372.9,3358.41,8666,69,258,8
56,33682,11,132.93,1353.47,2843,88,225,7
32,36227,15,252.67,2833.88,8360,40,187,3
55,56688,16,540.29,8743.23,23092,98,206,9
33,94894,20,703.26,13911.36,34951,160,161,14
29,35396,21,152.72,3939.85,10702,190,162,21
43,36272,15,128.41,1811.83,4925,122,187,12
34,76164,22,590.22,13460.33,35558,181,227,15
45,43491,8,184.5,551.64,861,37,268,4
39,23586,15,205.38,2783.38,7352,108,180,6
35,41732,16,211.6,3059.32,7919,88,266,10
45,35057,20,184.22,4099.53,10803,169,174,20
44,28895,10,96.65,1100.81,4383,37,294,5
18,29259,19,197.4,4526.16,13263,169,120,16
35,51490,13,208.85,3192.15,6673,39,197,8
28,36447,21,167.34,3509.13,10054,163,163,15
33,37447,21,166.03,3641.69,8945,183,205,15
41,39885,16,152.05,2777.53,7850,69,189,8
38,58072,18,323.01,6314.36,15587,114,202,10
52,60080,17,416.64,7269.33,19787,112,198,8
45,46210,9,224.81,2059.14,5699,12,280,4
61,55713,18,325.77,6398.21,15587,128,191,7
42,50845,19,305.01,5673.81,14324,61,175,6
43,68697,21,487.19,9690.06,25760,126,124,16
43,27544,13,158.95,1932.28,4224,47,246,6
27,37038,21,167.19,3871.98,10211,141,129,16
40,36407,11,126.44,1193.25,1359,48,240,5
27,37335,15,166.82,3083.47,8381,112,214,12
45,85339,21,623.05,12837.61,32406,120,142,12
44,82821,26,609.6,15682.98,40547,261,1,23
22,34318,23,179.24,4118.9,11519,198,178,21
53,40347,18,150.74,3781.99,8600,151,189,16
23,30277,19,208.59,4197.15,9636,154,203,17
22,23714,18,141.61,2756.91,8612,103,221,13
46,92939,36,756.51,27284.55,69617,215,1,23
38,47286,4,268.4,590.86,83,67,371,2
37,34265,8,134.19,1348.14,1768,40,275,4
25,23888,16,132.07,885.49,879,155,212,14
52,49960,15,332.02,4953.29,13200,56,222,6
31,47314,12,239.2,3399.15,9900,159,283,11
23,29173,17,189.0,3220.03,6501,175,175,15
44,49559,21,298.8,6373.06,16752,76,187,8
44,45125,15,239.1,3535.54,11499,33,237,3
28,39850,6,239.66,1954.49,4114,58,334,3
53,61040,23,475.61,11520.64,27774,109,135,9
36,42511,7,211.96,897.61,1897,45,294,4
35,51861,24,359.0,10345.0,26705,160,162,12
44,26644,25,130.3,2871.82,7780,172,123,21
51,77834,28,625.56,17370.15,42960,191,17,21
44,35929,17,176.89,2809.75,5581,70,221,11
43,22266,14,121.27,1910.55,5435,158,224,13
39,52517,25,483.54,13358.6,34732,195,181,18
27,47847,6,210.68,1420.19,3986,34,307,3
38,40724,10,189.79,1942.4,5367,35,247,4
39,31424,15,130.88,804.84,1062,121,248,15
18,27371,6,97.34,1080.15,3387,5,313,2
28,37135,16,151.17,2535.66,7247,122,284,12
28,36717,23,200.7,4344.25,11968,150,171,17
46,30814,17,76.38,1512.65,5028,159,221,16
41,34070,14,211.61,2072.78,6158,44,197,6
26,44829,13,184.06,1993.34,6432,86,308,10
41,86026,21,627.6,13559.35,36128,130,186,15
45,41630,17,269.23,4524.26,11999,80,198,4
44,30114,10,97.99,471.34,2426,79,251,10
50,76172,25,392.4,9917.15,24754,147,71,14
24,29179,6,131.57,50.0,1660,5,273,0
45,34549,7,146.49,1201.54,3739,60,331,4
45,64414,25,462.62,11404.84,28101,162,164,15
47,55721,13,377.82,5872.11,16510,49,263,5
38,38675,19,202.41,3485.91,10200,101,168,12
39,31813,15,153.71,2278.83,5703,76,255,12
27,35079,21,178.2,4861.2,12036,186,200,16
42,44631,18,272.48,4234.15,10130,95,200,8
51,66206,13,526.46,6951.03,19387,64,196,6
54,51905,24,334.24,8011.98,22099,127,92,10
34,37638,8,166.31,1329.78,3298,5,280,0
47,30603,12,78.44,184.32,625,58,201,6
18,29428,15,117.0,959.46,3812,127,285,14
34,28757,17,112.72,2270.93,8234,160,151,17
52,23960,6,162.69,50.0,0,39,286,4
21,27209,10,108.83,987.14,3339,27,228,5
37,48709,17,321.39,6134.45,15398,91,254,7
25,31641,16,161.58,3711.29,8130,125,216,14
18,32561,5,166.98,50.0,0,33,314,2
40,86638,20,553.43,12120.26,30803,150,168,16
23,32571,23,179.48,3945.05,10011,212,205,19
28,29694,18,149.01,2900.63,6728,171,147,14
46,51299,13,343.07,5036.57,12665,69,268,5
46,40276,10,187.36,1314.8,3117,72,254,7
38,56200,18,343.84,5765.12,14773,51,244,6
45,38576,10,171.76,1183.57,1248,83,269,5
39,35617,9,136.69,2423.43,6892,5,286,2
68,39967,17,258.07,4276.83,13257,92,178,9
26,18000,18,67.04,1484.36,3132,121,165,16
55,27184,22,86.45,1798.69,6178,194,172,19
47,42662,4,206.08,1474.66,3443,21,287,2
35,54367,19,322.74,7041.4,16681,114,114,10
34,35535,17,150.91,2897.74,7789,109,175,11
26,39187,4,191.43,504.04,3066,33,300,4
53,33335,19,108.48,1733.01,5357,115,164,19
37,52473,17,384.3,6304.71,15333,82,193,6
47,64091,17,507.11,8377.6,22720,70,220,8
57,36465,13,158.6,1267.7,1705,66,286,6
46,45297,15,353.31,5993.68,16295,53,220,7
48,51742,13,327.57,4646.22,10964,79,209,9
32,84066,27,651.78,17445.64,45786,178,95,20
37,31139,9,174.11,2108.05,4728,91,233,6
28,38952,18,175.07,2533.37,6780,119,159,12
34,76209,20,554.86,11035.28,28278,173,87,14
53,36979,10,211.16,2322.43,6379,73,266,7
36,49920,6,197.37,1715.07,7090,42,322,5
43,74274,24,586.41,13654.2,34477,182,138,18
31,35623,12,143.9,1921.46,4490,99,252,4
39,33506,11,135.23,936.98,1138,132,300,10
54,44909,10,267.07,3082.58,4623,22,269,4
30,38717,13,213.37,1643.67,5891,121,247,11
46,34316,13,80.61,1893.58,3633,95,222,10
44,60346,23,511.16,11765.86,28495,175,126,16
39,43928,15,234.8,3568.97,7449,61,167,8
31,35140,11,191.7,1286.0,4763,33,243,4
18,39931,16,188.23,2340.99,7204,153,224,16
37,42089,23,210.78,3866.06,10968,159,144,17
40,53336,24,447.28,11481.04,28662,217,141,20
58,64976,27,520.91,13264.54,34479,211,68,20
52,60064,27,326.24,8793.58,21643,130,132,16
45,41932,13,182.86,2095.75,3557,53,262,7
37,71974,13,487.42,7465.52,18771,143,295,13
29,36186,19,192.41,3807.95,11433,116,239,15
33,53074,17,395.85,7463.25,20089,62,165,8
36,62736,19,485.37,8755.41,22956,133,123,14
27,31224,16,165.56,2685.49,7273,173,139,12
28,21589,8,86.0,1579.01,6673,94,229,4
38,45091,14,237.8,2212.69,5337,50,211,7
19,37512,14,184.66,2603.54,7559,66,223,4
53,36874,13,221.59,3167.87,7876,53,237,7
34,35644,13,214.39,2611.93,6319,73,274,9
32,37070,17,138.92,1826.67,3677,163,216,17
45,63269,21,512.93,10750.3,28166,171,131,18
42,40424,20,125.51,1939.44,4967,140,155,14
43,113324,31,768.3,23190.45,57221,217,86,23
56,39979,17,191.08,3806.82,8031,177,186,15
36,54298,20,341.87,7120.11,18168,108,229,9
51,38997,18,312.13,4431.8,11970,106,182,9
25,23951,16,167.77,3029.41,8567,155,223,15
43,47946,13,265.31,3045.4,7644,89,200,9
18,22598,15,112.77,2831.87,6851,100,203,12
39,24480,25,153.81,3904.3,9589,215,91,22
45,35395,23,178.33,3994.74,10808,218,124,22
37,73837,18,561.83,8612.04,24062,152,185,17
37,76265,25,638.94,15977.5,41115,208,133,20
55,25629,10,242.14,1439.14,3801,37,326,1
28,37677,17,158.1,2274.96,7972,128,231,16
38,33170,14,146.57,1639.08,5044,90,203,8
30,35097,21,180.71,4536.37,12387,148,191,16
54,25994,17,104.85,2334.66,5154,153,156,15
41,27669,5,187.48,1113.95,979,5,349,0
36,42491,11,421.25,3799.68,10558,75,296,8
30,21447,17,134.52,2311.71,5726,95,180,7
45,51086,18,419.23,6711.82,15660,107,191,14
39,33535,7,156.26,1281.66,3214,37,215,1
43,69417,15,478.03,8004.69,20865,23,273,4
51,32793,21,106.34,1988.6,6335,200,182,20
53,29980,21,70.31,665.78,750,193,90,21
33,36835,12,168.56,1302.39,4067,60,222,9
47,78883,31,505.11,16244.17,43047,165,107,17
33,39586,6,185.0,1229.16,2150,46,398,2
48,36790,12,234.72,2623.84,7846,92,290,6
55,25953,14,183.45,2000.41,5766,92,254,6
37,28695,21,44.62,1109.43,4888,172,84,20
43,63017,25,393.57,9460.4,23756,104,127,9
55,70573,20,599.15,14377.24,37474,152,179,14
18,36531,18,220.32,4048.12,12429,147,142,16
34,58595,17,523.48,10248.35,25852,117,137,10
42,41383,16,374.73,6156.18,15931,140,188,13
54,45384,32,240.58,7885.78,20642,287,31,27
44,36751,11,146.86,1568.79,3592,76,222,7
48,32627,16,144.1,1480.56,6467,146,251,14
33,27305,24,149.42,2366.41,6316,173,60,20
32,58420,14,383.93,4796.9,13849,73,207,3
44,59721,19,332.86,5811.62,16316,113,157,7
64,33980,21,116.85,2772.19,7679,184,155,21
36,18000,7,95.53,50.0,0,63,312,4
26,22282,11,110.67,1573.67,4663,86,209,12
30,47250,19,250.48,5582.51,14302,94,195,8
49,56276,26,525.31,13346.36,35570,155,109,18
27,33329,12,155.26,1616.98,5063,57,237,9
25,32057,21,93.25,2363.38,5020,202,111,17
35,57610,20,365.11,6891.73,18558,44,164,4
43,64046,21,520.46,10699.67,27734,141,89,13
64,79613,20,602.38,12213.68,32312,155,143,15
56,33661,15,123.03,1550.75,4757,129,213,14
24,48504,14,253.54,3176.19,9242,62,220,3
43,43791,23,407.6,9701.97,28132,125,139,12
33,27475,19,139.63,3113.5,8106,153,130,17
33,31727,10,94.96,1194.52,2852,75,242,3
43,39235,17,193.07,3635.58,9576,163,182,17
55,45518,17,404.5,6432.17,16732,125,208,10
23,40698,16,215.2,2917.73,6893,146,214,16
57,31909,7,92.1,1236.24,1645,29,274,4
49,68233,23,550.68,12020.83,29812,156,182,14
48,26885,16,124.15,1472.81,5454,108,209,16
41,94254,21,729.45,14423.83,35463,130,132,13
30,46613,21,218.26,4736.56,13281,171,155,18
49,71997,17,440.06,7641.68,20415,78,182,6
44,77417,16,603.79,8587.4,22677,136,255,15
43,39433,19,190.22,3413.19,10716,169,109,17
51,33302,16,108.58,2394.88,6847,157,221,16
38,34288,11,182.79,2273.24,6752,40,207,4
47,79242,23,554.33,12186.66,31877,144,173,16
28,38693,18,187.17,4160.08,10154,112,122,12
35,43615,7,223.94,842.49,1739,21,352,5
52,55178,27,378.81,11363.6,29683,130,84,13
41,78751,25,609.07,15573.03,40752,138,82,15
41,30479,18,50.18,1089.97,1650,158,186,15
57,50054,27,378.93,11092.34,27572,180,105,21
53,45226,15,184.51,2866.84,7858,114,251,9
25,39125,24,197.93,4293.5,11530,196,134,21
42,23307,24,94.03,3348.99,10599,210,131,23
46,44774,17,201.37,3445.48,9536,188,245,15
41,62620,20,486.39,10108.46,25363,109,172,14
20,58193,20,284.36,5804.86,15832,128,107,12
45,42390,19,180.77,3895.44,10563,123,230,15
53,57295,22,463.34,10036.25,28023,219,110,20
40,44256,16,400.96,5651.14,13459,154,213,15
35,42160,21,239.13,4326.39,11615,125,199,12
34,34743,16,150.56,2927.1,8932,109,254,10
36,32850,10,146.01,1414.06,4107,13,277,5
42,37295,9,202.78,827.98,1225,34,261,2
28,18000,15,113.58,1651.15,4159,90,178,11
42,28455,12,174.81,1350.77,5140,51,246,7
30,38037,14,119.24,702.29,1816,92,260,9
64,54967,28,341.45,10667.33,27873,124,78,12
59,76327,16,601.48,9532.3,23971,116,211,11
23,48773,12,210.15,1807.39,3618,75,228,8
39,41328,23,220.93,4868.92,12058,177,120,19
48,43536,14,200.32,2989.63,7838,139,244,16
38,68332,21,411.14,9387.81,23713,60,174,7
24,29006,22,102.25,3180.68,6803,195,158,21
36,24162,19,140.71,2295.5,3478,175,184,16
23,34553,12,160.38,2034.69,5106,82,209,10
42,31512,16,34.46,50.0,586,122,158,13
39,68355,21,502.35,10329.17,24911,150,98,18
44,61794,21,440.24,9634.09,23719,196,152,15
26,29464,13,123.9,1738.66,5750,107,263,12
38,28461,12,139.1,948.71,4300,164,236,16
37,26819,23,94.34,2838.74,5895,199,97,20
38,21985,6,113.47,886.75,2513,58,227,5
18,34639,26,173.62,4466.2,13648,224,164,24
18,37276,12,150.18,2089.08,6146,73,267,7
26,35591,15,174.96,2409.87,5754,152,181,12
31,42678,15,231.49,4197.5,11043,78,241,8
42,41506,17,215.19,3535.36,10320,64,177,6
47,65210,20,525.5,9717.84,25202,162,192,14
28,33961,18,176.38,2804.71,4962,186,239,15
29,34306,21,136.23,2336.15,6492,221,204,20
42,19565,19,57.81,2047.68,4675,166,231,16
41,24678,13,86.51,294.83,0,127,188,13
36,51279,25,313.07,8668.77,20322,115,166,12
35,34714,21,134.4,2667.28,8403,216,141,22
46,31655,30,320.64,8897.83,24386,200,45,22
46,18000,19,63.74,122.67,1632,160,207,18
36,28552,12,80.86,317.43,2371,69,286,10
42,24645,18,135.02,2867.84,9659,121,206,9
37,42258,11,161.91,1079.16,2642,115,215,9
29,94505,31,684.76,20618.48,53815,245,55,26
28,39724,19,106.01,2074.29,5477,150,167,16
46,48674,17,295.7,5350.51,14321,93,164,9
38,54687,20,353.68,6736.77,17748,125,146,9
30,40901,11,199.52,2144.85,5676,75,325,5
24,35816,11,181.22,2095.15,2324,111,316,9
55,68604,20,507.48,10949.6,28077,165,220,17
39,25810,15,182.79,3491.72,10198,64,225,4
18,39153,15,203.18,3746.61,11648,79,219,8
46,47066,22,259.17,5524.25,16105,155,167,13
23,36611,14,200.28,3927.59,10336,104,272,10
40,29751,22,136.62,3544.38,9404,175,123,17
39,78889,35,570.13,19707.84,49211,250,1,24
45,42965,14,246.4,1417.48,3480,94,222,6
42,60273,22,363.55,7551.18,19358,107,198,12
39,37677,9,209.2,1346.37,3335,43,323,4
56,76581,24,536.32,12786.08,33579,176,123,15
47,23814,19,68.01,558.1,0,174,156,16
47,104371,28,777.54,22262.41,56240,194,79,22
32,35372,13,126.27,1679.58,3860,125,181,9
31,44719,13,287.24,3336.88,8819,44,289,5
41,53989,12,286.77,3750.33,11005,53,253,5
54,25938,8,132.99,2247.28,5547,108,244,6
24,33211,30,168.27,4926.52,11295,248,74,24
32,43350,19,258.04,5683.73,14914,129,172,13
30,34385,23,198.52,4014.73,7945,201,176,21
39,27109,21,152.67,3397.33,10979,180,146,18
41,50373,20,278.19,5695.0,14289,177,164,20
38,70660,24,542.59,12121.44,31218,154,140,16
47,65410,26,515.33,13599.63,37257,174,133,15
57,99632,23,762.43,18429.18,46781,126,141,15
30,33044,24,242.43,6087.06,16229,97,219,10
43,35481,19,151.22,3233.9,9241,187,208,20
31,30298,19,145.02,3358.74,10078,163,206,18
27,35504,16,211.84,3091.47,8715,123,214,17
37,63813,26,486.17,13335.59,34186,180,86,17
39,35939,17,195.86,3539.21,10091,126,208,14
55,60834,25,360.29,8550.02,21439,128,64,11
54,51464,18,447.81,6585.04,16191,61,203,10
29,51990,28,269.81,6830.96,17792,177,4,16
43,32642,19,185.93,3728.59,8873,173,171,19
32,24343,5,135.51,815.23,2675,23,253,3
53,69654,13,554.22,6680.09,17224,85,248,12
21,28848,4,93.11,50.0,0,72,297,4
49,20094,19,61.59,1803.27,5279,146,180,17
61,59167,17,367.53,6284.12,17176,85,231,5
53,77207,25,558.19,13420.69,33479,178,167,16
35,39987,2,181.37,975.17,1312,5,287,1
56,72074,25,559.43,13294.45,33292,151,120,16
49,47027,22,337.58,7681.75,20745,134,165,10
57,52458,9,278.65,3017.28,9688,78,279,7
47,66079,21,470.65,10282.83,26242,187,176,18
32,31437,25,260.74,6915.42,17783,111,130,16
42,62037,23,492.27,11165.45,28769,189,131,22
47,66751,22,384.25,9146.41,22907,130,105,14
62,51144,26,330.98,8662.65,22684,122,144,12
25,23544,18,49.62,839.76,1846,154,184,16
52,53482,11,375.21,4766.03,12626,73,281,6
20,36296,9,142.58,1261.76,3817,51,250,7
29,27518,18,144.73,2794.8,8586,157,200,15
19,40200,25,269.28,6798.43,17975,218,157,21
42,73796,15,599.05,9141.38,23642,106,213,14
46,28099,12,184.53,2706.88,7712,82,274,7
47,47382,17,294.46,3315.71,7852,115,144,7
51,35431,11,125.67,1838.34,6384,66,232,5
25,37977,16,165.71,1596.85,5692,111,202,14
50,31403,17,164.93,3601.28,6421,91,180,10
46,49280,32,462.75,15162.61,39351,239,41,21
34,96205,25,675.99,17374.67,43131,181,102,21
35,39317,21,200.35,4470.92,10940,148,169,16
45,53336,22,280.69,5907.04,15216,96,160,9
38,84036,26,621.0,16551.73,41841,187,143,17
47,76560,16,571.34,8627.19,23440,112,250,12
32,49852,28,330.86,9572.09,26482,108,83,10
33,49358,13,336.62,5278.03,15774,54,290,10
36,60156,21,456.04,10424.76,26073,148,146,16
50,53529,21,379.09,7582.75,19935,76,123,7
35,42498,23,206.43,4770.12,14006,243,132,24
36,57699,12,314.54,3478.03,11414,65,200,6
57,39860,10,255.91,2606.62,7096,121,275,5
46,29534,15,112.17,2383.52,5087,138,242,13
31,70051,24,599.24,14962.94,37492,250,101,19
54,43587,10,158.08,2370.54,3883,41,293,4
48,22359,9,87.93,1204.08,3103,43,284,4
34,60808,19,510.59,8920.96,22264,141,170,12
62,53290,16,386.75,6781.67,17057,90,208,10
57,38476,10,240.5,1898.3,5752,66,312,7
40,56948,20,330.16,7066.6,17056,86,186,8
47,28646,5,156.78,334.78,1612,17,325,1
37,37785,20,239.87,5076.2,13685,187,191,20
48,64617,23,561.58,12450.79,28918,170,143,15
37,93273,30,642.79,19345.6,51339,257,55,22
18,31792,14,149.42,1680.49,4236,39,233,6
44,75274,22,572.1,13324.32,33761,172,127,14
37,40147,20,172.51,3415.4,9698,154,154,18
45,38254,14,130.02,1798.96,5343,144,226,12
44,87023,28,557.6,15088.86,37842,174,51,20
44,76357,27,541.41,14018.14,35657,181,113,21
58,48422,11,248.84,2567.9,6373,49,271,2
25,23279,17,39.19,488.5,2394,138,196,14
62,31182,14,157.38,2760.04,5998,112,272,13
47,92376,29,681.97,20098.84,54882,224,91,19
36,62565,30,524.6,16373.34,42978,179,49,20
53,60386,19,490.23,9063.06,23308,110,191,11
38,50564,20,488.83,10060.41,26220,181,207,16
37,70936,25,487.91,12385.09,31301,171,126,16
51,59226,26,479.4,12477.9,31225,211,2,18
48,67566,24,548.49,13108.85,33261,168,85,18
47,62230,21,563.52,12109.97,29627,167,241,16
35,24787,3,126.0,223.45,0,35,313,0
41,37899,17,186.57,2832.05,8952,95,176,12
34,67030,18,417.8,7266.46,17066,82,137,7
30,39168,11,317.61,3133.49,7688,85,288,6
53,82611,24,622.77,14972.2,39138,169,134,17
36,26309,16,51.06,594.27,3212,110,200,15
44,62295,20,347.83,6295.2,16953,136,196,13
33,38214,20,159.04,2983.9,7007,182,171,20
37,80492,29,647.75,18325.67,48315,199,76,22
40,38601,24,247.21,5945.96,16497,127,132,12
42,35667,11,127.72,1001.69,4696,59,226,9
40,45901,22,265.4,5859.48,12876,257,120,23
41,41474,17,299.82,3814.96,8461,56,201,9
37,30622,19,120.52,2943.71,6947,201,205,17
32,34980,13,222.45,2765.51,5959,18,198,3
49,54404,18,443.17,7805.63,22079,136,219,14
32,45669,10,215.56,1876.72,4570,56,315,5
33,31152,26,114.52,2458.79,6018,190,124,18
27,42750,19,252.49,4783.7,11455,162,188,20
53,33682,9,100.03,593.39,3237,26,270,4
26,23332,15,116.04,1783.09,7338,129,209,12
39,25816,11,78.47,1602.63,3742,67,269,8
38,22826,18,73.14,1862.0,5356,131,168,15
52,72206,19,553.76,10253.3,26694,130,137,12
67,23416,15,100.72,50.0,146,116,203,14
47,49050,27,475.96,12870.6,31389,165,131,15
30,39254,9,202.66,973.42,4630,59,285,4
49,65147,20,493.98,10006.95,26290,170,170,15
33,45678,5,198.48,1969.03,4342,68,325,4
46,92191,29,660.68,18359.64,49345,164,104,20
47,43287,6,248.82,1434.2,4952,49,369,1
48,47740,16,355.04,5355.84,16344,59,227,7
39,33765,25,192.55,4155.62,9601,146,140,12
27,26023,17,52.96,50.0,0,117,199,14
25,38282,17,227.37,3261.24,8498,172,229,16
26,29104,19,146.31,3998.31,9414,124,157,16
26,32524,22,118.14,2414.24,6624,202,191,19
50,24461,14,201.05,2403.52,3786,66,214,7
34,57053,14,362.59,5114.76,14299,30,248,4
36,38597,11,174.63,1931.61,4882,62,297,6
39,32520,19,51.67,1300.9,4280,192,186,19
32,34938,11,176.55,1140.83,2755,85,232,10
42,22759,13,51.73,580.78,755,59,227,10
53,18000,25,84.46,2333.81,5795,200,128,19
51,40830,21,171.17,3676.34,8977,175,90,18
34,78866,24,640.92,15771.26,42046,99,73,14
38,32619,19,146.73,2342.44,6552,127,211,16
29,40205,13,245.92,3117.11,8342,141,235,13
50,42843,16,214.68,4036.39,7597,61,198,7
43,61053,20,503.62,10088.83,27859,169,138,17
43,24799,5,61.62,1134.07,3255,24,304,6
45,62637,21,521.55,11303.91,27519,103,156,14
30,98787,28,689.04,20001.73,50118,203,90,20
40,33173,17,123.14,1574.98,4117,172,190,17
38,29675,18,143.73,2303.18,7583,165,170,15
50,59933,15,342.49,4302.17,12760,54,253,7
23,32293,20,189.05,5542.55,15763,154,148,19
52,66045,15,519.79,7585.19,19356,135,216,12
24,40373,23,139.01,4257.25,11856,185,146,19
33,44237,25,321.61,8524.67,23548,125,166,10
36,26427,21,95.48,1944.1,4717,195,158,20
29,42761,18,257.27,5062.48,13537,84,125,8
38,27625,15,130.37,2123.16,5497,151,256,13
56,36069,4,174.15,1236.63,1908,48,340,5
44,44227,26,323.66,7996.96,21614,143,94,14
34,55043,17,503.28,7283.83,17429,105,215,10
32,42444,11,230.66,2715.53,7673,56,245,7
34,46453,21,224.83,4702.64,13746,213,185,20
46,29081,25,136.18,2214.68,6361,217,132,24
27,43538,9,229.75,1925.27,4630,60,255,7
52,35086,18,180.9,2686.11,7594,102,207,7
48,36853,20,158.09,3324.75,6579,153,165,19
42,48752,19,295.87,4512.43,11752,155,183,15
40,39286,8,163.39,923.2,4225,29,286,4
27,37168,13,139.23,2965.02,6487,40,215,6
32,18000,19,70.55,207.02,0,121,235,15
30,18000,9,107.61,518.65,804,58,260,6
42,56451,17,317.33,5167.68,14838,58,228,6
44,50473,18,341.88,6680.78,17809,124,191,16
53,84460,25,620.45,15768.33,39401,175,110,18
53,85803,20,604.7,11380.31,29095,117,183,15
59,24428,13,49.17,107.55,29,111,210,9
33,30055,15,165.38,2428.86,7449,143,262,13
41,71969,22,524.19,11463.85,29190,175,170,14
51,43562,21,260.74,6662.49,15930,63,178,7
23,74003,42,572.86,23531.6,60618,262,1,29
39,44366,14,305.34,5392.01,14949,92,245,4
28,38250,10,198.73,1916.22,6321,43,223,5
23,40003,20,256.59,4238.32,12111,171,224,17
50,39638,9,169.54,1023.28,2974,39,276,1
30,32391,12,110.13,780.57,2295,108,256,11
35,33731,13,167.44,1934.0,6059,119,192,12
36,26689,15,96.92,1177.35,3523,130,261,12
49,39256,25,102.16,3197.51,9086,218,79,22
36,25256,20,43.56,50.0,1821,189,128,19
43,45793,25,216.79,4710.84,11174,255,83,24
27,30931,9,177.28,2040.41,4228,86,309,6
33,58426,19,466.82,8279.29,21556,139,213,11
41,26086,14,114.49,1786.96,3214,103,181,12
35,63718,31,357.36,11339.27,30488,172,68,14
51,27272,8,75.28,1571.89,5763,22,230,4
43,66527,23,541.87,12620.87,33569,131,171,15
40,34231,27,122.74,3072.58,8187,268,89,25
18,29247,13,105.52,1865.12,5751,100,241,9
36,19689,8,91.65,1537.64,5889,5,349,2
34,46659,14,296.94,4137.55,10194,33,155,6
26,27700,4,110.78,209.01,37,31,320,5
31,38448,23,152.04,3377.03,8831,174,142,19
30,53446,24,303.3,8431.38,20616,89,178,13
51,18000,16,30.21,463.33,1388,101,206,12
35,37485,15,193.93,2269.37,6934,119,195,15
53,44048,20,285.85,7049.98,17306,72,88,7
33,35786,17,192.2,2255.42,4625,130,177,15
36,36169,20,155.44,3959.35,10385,156,208,17
28,28685,19,112.36,3192.4,8054,166,267,15
41,64833,20,342.9,6788.66,17914,88,192,12
39,94173,37,654.93,23662.23,59676,211,38,22
40,44901,11,218.52,2641.94,6748,27,265,2
33,53348,23,376.77,9261.47,26176,58,120,7
33,54989,15,360.13,4779.98,11762,110,137,7
56,50477,29,378.4,10415.13,28133,125,25,14
46,40132,13,231.09,2819.36,7664,64,268,10
49,39768,16,280.84,4023.75,10390,108,135,9
41,69419,9,512.28,5866.72,15108,92,294,12
67,44018,17,260.83,4476.86,10743,74,225,5
35,59855,13,312.85,3643.68,9883,42,267,3
49,51850,20,342.59,5668.9,14789,95,181,8
50,88739,30,716.58,21883.99,54345,215,58,23
49,60818,33,480.21,15719.8,42710,269,2,23
21,35246,21,116.44,2219.14,5720,210,141,20
49,63132,21,526.51,10759.8,28228,166,164,17
59,33317,11,67.72,812.07,1638,101,237,12
55,58076,25,351.17,8885.63,23006,193,82,16
24,36025,13,222.43,3318.36,8593,115,241,11
54,54663,7,242.75,1971.33,6113,60,350,3
59,84451,23,568.34,13712.52,34678,193,168,17
30,56097,18,382.88,6367.34,16431,125,184,11
43,34055,20,151.23,3475.63,9457,126,183,15
34,24574,9,58.72,968.38,2302,116,262,11
52,56767,12,466.68,6192.99,16261,51,290,6
49,25364,19,122.52,1763.66,6580,204,196,19
43,32345,11,142.09,1800.61,5438,17,249,7
44,36592,10,174.82,2374.03,6131,125,259,9
42,43417,7,242.41,2755.23,6759,54,267,3
57,71102,20,550.4,11040.47,28806,107,192,10
45,44288,11,278.13,2878.11,7815,66,170,5
31,54180,15,342.03,5117.66,12940,71,221,10
23,34977,20,201.05,3879.15,9815,146,114,17
34,24054,10,89.86,1339.73,2432,5,260,4
26,33368,22,173.74,4379.3,10731,176,146,20
22,32354,16,156.01,2889.13,7067,112,166,11
33,39784,18,176.95,3594.92,8137,149,130,13
27,25130,18,62.86,1150.9,5072,160,169,14
18,38328,14,181.4,2126.31,8312,89,222,9
30,38193,17,191.9,3457.15,10697,168,215,16
44,19993,18,58.06,545.86,1109,159,178,15
42,55873,18,330.39,6349.94,19083,103,174,9
36,25794,7,74.14,431.84,2511,5,260,2
30,18000,3,56.01,50.0,0,6,354,0
48,31299,17,114.47,2244.8,6530,120,212,16
38,72108,19,513.19,8759.22,23290,123,199,12
25,38447,18,251.76,4298.91,13872,168,162,15
46,64414,25,487.5,12061.95,29525,216,120,21
46,33014,4,139.44,335.12,1860,5,343,2
43,46172,11,197.17,2476.93,6138,76,270,7
60,66017,22,510.98,10246.91,25555,211,87,18
38,48527,15,160.5,2689.99,8051,98,166,13
24,54591,19,319.9,6316.7,15929,72,141,7
24,22452,11,75.84,654.58,3401,116,351,10
46,50673,22,353.47,7253.76,17900,124,169,11
29,33231,17,152.23,2712.34,7349,152,165,16
55,42199,5,268.84,583.49,3727,51,279,3
46,37296,13,212.3,4152.87,9553,87,268,6
29,20712,19,94.9,1487.04,4185,151,189,13
38,36414,20,222.5,3900.32,9136,129,180,17
37,32965,19,208.54,3145.2,7425,117,149,9
43,59011,15,412.08,6373.69,15365,109,273,12
47,61512,20,461.49,8459.68,21890,71,94,6
36,54817,13,302.32,4585.26,12423,70,217,6
35,77904,18,592.02,10581.0,26568,145,190,14
40,61638,23,501.19,11441.09,26815,166,118,19
55,91680,30,707.77,21713.58,55008,188,92,22
37,21088,15,69.62,579.49,3424,105,180,11
18,43158,3,206.62,422.88,3977,13,362,4
31,47875,22,456.97,10712.27,27447,151,81,17
38,92154,28,639.04,17911.24,44204,206,115,21
47,28830,16,106.35,1749.57,5856,160,168,17
60,48027,18,279.64,4070.19,10461,95,188,10
34,23862,11,78.77,374.55,1759,68,261,8
32,56644,21,339.26,7919.24,20159,89,123,12
41,35527,17,171.14,3363.28,9602,160,173,15
42,79971,26,580.23,14758.64,38129,222,96,19
36,30991,18,143.39,3213.9,9052,157,191,17
65,47708,20,293.62,5585.47,13647,140,165,12
37,35718,2,207.66,566.05,1094,5,379,2
35,44240,19,289.04,5381.55,13599,86,175,11
34,36071,22,152.49,3203.48,9009,177,94,20
65,34822,5,162.17,1011.58,1662,5,314,1
41,48366,18,273.25,5516.61,16061,81,204,7
21,56877,28,330.58,9980.58,24211,181,91,13
47,39716,22,215.18,4069.0,9479,198,128,20
46,33728,18,97.7,2745.03,10241,141,219,16
41,45985,21,251.58,4781.79,12013,114,143,12
46,64978,22,474.43,11201.26,27491,194,147,15
41,18000,7,30.0,1064.96,4296,5,240,5
30,45606,24,264.12,6775.09,14660,118,135,12
24,28058,17,162.41,3116.04,7665,112,210,14
34,67192,26,484.82,13812.36,34437,83,118,8
42,53569,19,362.84,6676.91,17941,96,142,8
48,24667,10,106.68,1225.07,3950,29,325,4
63,36781,13,222.61,4513.75,10266,38,267,5
50,57944,17,445.39,7230.15,18801,124,168,11
44,35303,12,214.85,1952.01,4037,83,196,8
47,99545,21,688.92,13727.06,34292,189,191,17
43,37046,17,132.91,2039.87,5500,134,147,14
44,52332,26,270.62,6508.93,17678,158,146,13
53,48714,20,291.59,6281.5,15595,178,138,19
43,73227,29,559.65,16234.49,42158,203,92,21
24,42306,16,190.54,3023.85,8557,117,202,11
38,18266,14,83.8,1047.2,2787,90,209,10
24,35281,16,174.01,3041.25,8565,165,257,18
36,54165,17,363.68,6528.59,15831,87,167,5
27,23564,16,139.24,3175.48,6974,126,214,12
29,42973,21,276.31,4701.61,8881,59,117,9
25,36928,10,160.96,909.11,3571,82,249,6
18,31946,6,148.54,1009.09,1699,7,268,0
42,26129,17,50.61,577.71,934,162,212,16
42,35518,15,197.76,2397.57,7410,166,205,16
37,30622,5,155.83,116.86,0,33,367,2
50,33710,9,161.21,2504.53,5883,44,211,8
29,34578,22,186.61,4137.49,10617,215,173,22
32,37340,17,235.46,5228.62,13625,91,219,11
62,47411,12,323.25,5114.17,12839,110,232,9
41,58451,23,473.24,11252.36,30701,200,67,18
27,24110,15,99.54,1410.81,5519,139,234,13
26,26108,9,154.62,1680.53,4552,42,254,6
37,97698,29,716.43,20634.49,54351,167,107,19
18,44979,11,192.75,2231.87,6570,106,275,9
36,30270,27,250.12,6673.08,15639,186,39,18
43,35707,12,158.27,3161.76,8034,59,266,9
36,34074,23,234.5,6005.91,14807,76,114,8
48,54771,23,432.01,9461.71,25174,206,210,17
45,70522,22,513.3,12008.01,29607,126,100,17
29,29775,6,91.09,50.0,460,16,317,0
32,32042,18,161.66,3542.67,9725,97,112,15
42,40635,14,233.2,3526.8,11942,70,262,6
40,66775,19,411.97,7478.72,18586,84,187,10
41,18000,19,85.33,1661.04,4559,177,119,17
25,45518,23,301.78,8133.97,20542,167,160,21
21,29792,16,196.22,2421.38,6200,125,222,13
30,21570,8,43.25,1206.33,4020,53,268,3
56,19077,16,127.19,2429.99,5998,120,247,10
54,44072,9,229.5,2955.86,9528,26,278,5
35,53882,19,407.91,7070.25,18233,93,146,9
25,19469,10,72.9,1046.71,2320,17,244,5
48,50338,23,272.81,5648.95,14140,61,179,10
31,29169,11,152.67,1707.02,4054,98,304,9
29,28665,13,199.69,1711.28,4072,78,254,11
25,32315,23,164.21,3358.55,9259,181,159,19
38,28115,9,83.77,699.69,56,78,227,6
33,27774,18,117.97,2346.45,7184,131,161,19
18,46512,16,241.8,3596.52,8610,154,137,16
31,31163,14,122.98,1177.72,4851,145,186,13
51,45818,14,223.45,2133.18,5688,92,176,7
43,108925,16,683.24,10252.2,26499,126,163,12
36,47180,16,355.1,5696.25,16026,66,168,6
30,36918,18,205.3,4320.63,10777,148,150,16
39,62270,19,472.94,8227.52,21370,141,151,14
39,50196,8,276.63,2064.21,5597,20,266,3
45,19028,7,57.39,899.15,1698,46,262,5
32,35833,15,187.43,2183.73,7847,109,254,12
19,38291,9,146.98,1096.54,4566,5,285,2
31,29710,19,125.89,3791.87,9822,141,173,16
50,55051,17,455.91,7383.43,18450,131,182,13
45,76020,18,570.03,10407.35,26381,100,196,11
32,36170,22,162.07,4117.76,13899,206,107,20
40,94941,19,685.98,13026.94,32603,134,142,15
37,43804,10,218.91,2116.26,5684,37,249,5
34,46353,15,213.83,3313.88,9531,96,193,8
48,85162,26,629.25,15515.2,39751,138,65,17
47,77794,21,563.46,11767.45,29959,138,142,14
40,44332,23,203.29,5194.77,12978,247,104,21
20,22206,12,95.91,1011.19,3177,127,291,13
33,53790,4,277.11,1000.82,2152,56,359,3
35,48870,10,183.72,1222.77,3859,58,256,2
29,41812,16,274.34,4348.18,11300,133,217,14
25,26798,19,88.06,757.93,1711,193,169,20
51,43837,17,388.01,6468.49,15140,110,229,9
58,67895,26,404.68,10300.42,26793,124,109,12
49,52845,21,437.44,9091.84,23119,113,156,12
25,91606,23,630.5,14180.73,37815,144,177,14
25,54462,19,445.43,8449.88,23517,138,130,15
48,44139,20,187.73,3862.47,9276,133,182,17
27,20648,18,138.1,3385.94,9933,172,239,16
61,74059,20,611.0,12469.01,30545,162,167,13
47,41662,13,241.13,3817.84,11035,108,265,8
22,40936,12,179.24,2484.47,5172,73,218,8
22,42365,22,188.17,4225.13,10461,171,148,19
38,44103,23,235.16,5224.89,13508,184,115,19
28,39465,10,239.53,1686.61,3962,18,327,2
57,62344,19,386.99,7804.58,17486,93,242,8
48,33888,17,154.29,2831.68,7377,189,176,16
53,71547,19,564.07,10678.75,26599,111,202,11
30,32114,8,143.46,991.17,780,58,196,6
45,27994,11,158.65,745.13,3787,87,281,10
34,40177,14,138.57,2615.26,6187,130,238,11
18,44812,13,248.3,2870.67,8726,26,190,6
33,47913,8,194.34,1367.72,4561,64,313,4
44,41391,28,170.0,3701.34,9328,259,106,23
40,31828,3,117.79,893.39,2522,34,338,3
37,28870,14,146.2,3019.43,10034,123,239,10
26,27709,20,147.3,3057.08,7892,132,146,16
44,49312,15,344.53,4636.39,15371,89,232,9
42,88511,33,621.17,20507.95,49838,224,56,23
48,62484,20,345.17,6722.29,17703,153,180,10
27,23861,8,60.44,1073.85,2293,35,227,2
29,34356,13,167.87,2599.7,6516,132,269,13
18,36543,7,171.63,2132.93,7591,51,297,2
31,89796,29,624.65,17678.89,47246,196,48,19
45,40978,25,254.84,5638.51,12869,90,108,9
48,43779,25,190.85,4522.14,12912,212,173,22
36,91869,37,660.2,23794.71,63245,246,12,22
47,68028,15,364.5,5334.61,12514,79,212,10
32,49245,24,291.37,7638.04,21348,102,142,10
48,41193,8,143.36,1033.13,5133,23,252,4
43,23073,14,55.43,905.27,3759,119,242,11
54,76647,29,542.35,15003.08,39369,200,84,17
48,33613,15,130.45,1409.85,4152,160,206,15
27,25323,18,131.08,2134.47,6479,113,109,11
26,38394,15,153.32,2384.8,6519,112,142,13
23,62524,29,346.27,10431.5,26112,142,44,13
57,59757,5,291.06,1147.49,4640,32,299,2
26,29897,16,159.85,2163.71,4063,148,227,15
33,32433,6,124.03,317.51,0,68,291,4
21,30820,15,148.05,2654.81,9209,156,226,15
39,45062,10,280.77,3298.64,7833,51,247,6
48,48192,17,337.93,5449.87,12294,45,208,6
51,25297,14,41.34,550.67,3610,47,213,5
43,48540,16,325.15,5623.73,15714,78,215,9
33,55176,5,229.49,1814.21,5381,31,277,0
44,45525,15,286.85,4541.74,11399,73,260,8
49,104904,26,696.2,18115.49,44866,143,48,16
32,31215,21,106.11,1506.19,4393,195,109,20
58,36856,18,153.89,2946.58,6025,183,133,16
34,30794,14,118.03,1384.44,3144,158,244,16
61,32409,10,192.12,2463.93,7939,96,336,7
52,23624,16,40.41,1342.97,3869,139,210,14
37,29436,6,95.2,741.68,1492,5,353,2
52,46613,19,334.88,5277.5,15122,76,170,7
36,59168,17,341.79,5671.33,15944,104,173,8
56,87920,13,594.66,7246.28,21430,127,233,11
36,39147,6,188.31,1010.56,3202,5,273,0
53,53909,29,296.94,8140.66,20837,139,98,12
22,37903,13,144.62,818.35,1547,69,246,9
24,40152,16,234.95,3232.69,8762,117,194,13
22,33030,17,143.09,2227.31,3636,133,169,17
36,45543,12,257.59,2960.85,7576,51,202,7
49,62917,20,522.57,11604.24,26281,140,166,15
32,80806,20,599.09,12413.3,32044,157,164,14
41,18035,19,86.79,2120.39,6718,170,182,18
38,79904,23,582.0,13927.63,35404,154,156,14
32,27075,17,146.01,2019.36,4236,149,239,13
38,46412,10,215.57,2879.73,8253,29,246,8
18,22883,14,130.46,2534.49,5498,148,271,15
33,53767,21,398.14,8870.2,23163,134,180,13
31,18000,10,128.88,1238.2,4258,103,225,9
22,58141,4,405.36,1925.92,4492,59,309,5
54,33729,8,136.22,1307.46,1655,62,232,5
32,38496,11,222.66,2609.75,7200,94,239,10
34,59882,10,341.14,3656.18,9275,41,237,6
32,38224,17,211.82,2881.92,8177,182,208,18
38,28805,24,137.45,3307.28,9240,249,84,24
39,109486,25,692.49,17710.03,45368,215,95,23
33,69858,18,585.49,11020.73,27883,96,168,14
38,33171,17,191.15,2981.34,8602,130,240,14
21,37957,13,154.03,1877.33,6710,78,225,8
20,45151,8,232.49,2368.85,4589,96,383,9
36,28994,22,72.59,1124.75,2857,140,129,16
41,55773,6,275.3,2105.32,5164,29,262,4
44,27377,15,137.31,3196.75,9788,191,214,17
24,30714,17,141.72,2216.37,6874,138,103,12
28,26084,9,206.81,1518.95,3327,51,235,5
50,75807,29,549.73,15735.78,41198,150,77,18
49,65815,22,490.63,10569.48,27110,168,154,17
27,29727,22,76.41,1424.7,2922,139,151,17
40,54675,22,438.38,9479.21,24668,150,116,17
34,86762,28,649.57,18505.98,45658,238,75,26
38,64090,12,540.82,7012.87,16087,86,254,7
27,30775,13,133.58,2908.08,7042,94,299,6
23,37720,20,167.86,3767.3,12103,155,174,18
55,35265,18,203.72,4128.98,11014,180,189,15
46,33669,23,156.1,3624.07,8076,213,120,21
60,50776,17,333.65,5927.06,15697,100,232,7
52,38310,15,171.52,2417.19,5870,130,233,14
18,34203,16,154.46,2610.79,3648,140,197,14
38,43939,7,230.13,730.21,2288,38,300,0
42,40702,17,140.36,1833.89,5021,149,234,14
47,54313,11,251.55,3032.92,6909,71,263,3
30,36223,28,201.98,5957.2,15258,201,92,22
26,38586,10,229.38,2190.53,5461,62,246,6
46,42216,9,220.78,1244.56,2667,60,317,7
24,41681,13,207.64,2670.41,7745,41,235,5
30,29875,20,177.86,4109.01,10747,154,120,20
18,33378,9,135.29,1185.51,3385,27,304,4
26,30433,21,134.93,3215.5,9857,182,181,19
41,35696,14,87.22,772.16,2573,145,192,14
32,41792,14,214.71,2935.77,6307,141,237,12
33,19162,15,89.36,1399.58,4481,108,224,10
30,34613,17,168.96,2348.43,4440,130,232,15
46,31091,21,77.53,1214.26,3351,175,178,20
50,89175,23,605.36,14128.51,34650,157,153,14
35,61455,25,482.0,10839.53,28767,168,53,15
36,32659,22,174.6,3357.34,9904,193,154,18
40,65975,18,478.19,8007.93,21998,167,206,15
38,48048,22,303.02,6536.31,19080,90,103,9
41,20552,8,56.71,905.63,0,30,272,5
31,54101,6,283.99,1466.43,3179,40,289,2
35,41429,19,257.59,5181.24,12648,125,172,9
58,29596,20,130.38,1603.67,4237,190,167,21
39,45267,14,191.57,2759.14,6134,143,223,13
38,45454,11,320.8,2873.61,8890,62,223,5
34,20916,20,49.76,1442.18,3186,183,226,20
63,18000,10,30.0,1469.63,3449,55,183,5
65,35063,11,189.83,2002.9,6211,70,239,5
38,40772,17,310.74,6155.77,14239,81,179,9
28,33311,17,141.79,1805.88,3349,131,201,14
52,53501,25,269.8,6267.95,16351,105,80,9
52,93772,23,665.08,14766.68,39064,145,88,17
37,87482,29,559.24,16703.7,43823,188,103,20
49,93286,17,634.46,10165.99,24049,140,210,15
28,28154,14,114.3,1574.83,5246,127,194,14
43,48039,17,244.11,3049.88,6140,94,224,8
23,30643,14,202.18,2752.43,9830,77,230,8
25,40910,23,164.43,3340.54,9648,225,148,20
46,34240,20,183.27,3445.47,9875,219,141,21
39,38351,24,216.89,5527.11,14027,102,128,11
43,26936,13,112.18,905.42,3149,73,192,8
20,32852,21,143.96,2531.94,7757,180,233,18
52,26078,21,97.92,2158.35,2705,139,120,19
41,34671,22,114.58,2514.34,7710,165,114,19
38,53600,26,396.97,10434.38,25795,175,106,17
38,45112,7,203.31,879.76,1564,27,303,0
20,38893,11,157.07,1535.16,6553,102,319,10
53,32000,9,38.49,964.23,2681,58,280,8
44,61466,24,440.48,10640.62,24717,165,117,17
40,62246,18,399.94,7241.46,19950,106,85,8
36,25757,13,65.27,2045.59,5979,38,269,9
33,34397,19,213.41,4577.25,9921,157,151,16
39,64587,25,410.05,10497.63,24194,158,77,13
51,50760,8,382.34,3731.93,9717,12,305,1
48,49766,19,429.21,8234.52,20235,135,148,14
34,25439,19,116.5,2474.63,5716,148,139,18
47,34863,21,257.07,4567.43,11721,99,135,8
46,56774,23,356.88,7157.72,16015,117,177,9
35,18000,10,49.41,50.0,456,98,261,9
25,45938,10,176.5,1413.74,4301,49,245,5
49,58122,19,384.67,8142.2,18753,56,218,10
26,42998,22,191.45,4062.04,10429,203,137,22
44,42947,22,366.51,7552.17,18918,181,122,17
44,19509,4,111.05,1075.77,2956,8,390,0
26,42063,23,190.03,5318.18,11695,213,41,23
40,41889,20,277.22,5525.43,12519,99,104,11
40,67664,23,545.0,12657.59,31499,145,241,16
39,50361,9,265.3,3298.85,8202,60,254,7
48,70336,23,632.83,14855.12,37286,175,161,18
48,56028,20,437.84,7841.12,18216,177,148,17
27,24016,12,156.14,1278.45,5102,26,162,7
50,46221,22,298.26,7261.27,18255,139,160,9
20,35942,14,219.71,4149.38,9857,103,190,12
38,64866,26,502.9,13881.81,36162,146,121,16
59,47458,15,280.94,4954.79,13243,99,284,9
38,56468,17,340.31,6419.87,17319,88,196,8
66,36052,19,376.39,6019.97,15621,150,185,14
31,28342,15,138.97,2452.57,4777,110,181,10
46,69040,22,516.14,11139.3,29756,172,155,17
18,42375,20,181.95,3695.08,7138,186,176,14
39,56746,27,454.14,12119.72,30997,195,51,19
29,33804,20,220.71,3954.97,10099,172,242,16
30,33394,20,188.35,4654.15,13729,169,183,17
24,25541,13,118.67,1022.17,2875,144,202,12
24,18254,12,88.4,678.51,0,116,233,11
29,31943,18,184.68,3433.33,9277,139,180,18
59,55065,19,379.67,6548.23,17123,116,211,11
54,50806,14,366.48,5090.91,13503,59,276,4
40,76794,21,611.07,12695.98,33109,146,193,16
38,60643,26,537.96,14241.77,35179,176,92,17
62,30758,7,126.68,838.52,662,32,315,4
29,26844,14,105.0,1114.39,1349,130,238,12
44,50931,16,300.95,4482.17,10755,85,195,8
37,36451,9,175.26,2484.86,6576,44,307,5
49,27669,16,116.57,2036.16,5650,109,135,14
40,40322,17,246.12,3248.26,11265,89,167,8
46,69862,28,547.7,15277.62,37494,226,68,24
46,41109,16,256.36,4191.89,12491,128,162,15
34,45573,11,371.02,3717.55,13595,52,229,6
22,18000,9,55.54,50.0,0,69,332,6
36,40404,10,150.02,1243.4,4837,56,296,3
22,30473,16,82.75,1678.77,4413,124,226,14
25,36881,24,197.08,4749.31,10440,176,122,21
38,34930,22,158.3,3419.51,9952,164,172,17
47,68537,18,556.12,9298.23,21402,78,239,10
47,49291,21,395.46,7669.45,18860,79,161,10
39,93558,28,662.51,18115.25,43815,245,68,21
26,37476,24,131.2,3167.95,8772,211,102,24
28,34063,17,116.33,1283.77,2927,177,201,16
50,38791,23,190.39,4142.42,9288,242,133,21
36,22899,10,131.63,1296.07,4382,84,221,9
45,47415,17,288.32,5269.17,12307,86,213,9
30,18000,6,63.81,133.99,0,43,333,5
62,73258,30,496.36,14286.44,36562,226,50,20
47,22410,7,109.7,625.79,657,70,352,7
45,33174,10,89.72,97.2,306,80,276,4
37,20828,14,116.69,2155.94,6720,70,240,12
51,28813,16,139.9,2188.87,6854,137,255,14
22,38896,15,170.75,2567.69,5584,98,198,7
45,43160,11,205.51,2319.36,6993,65,219,6
51,81849,20,589.33,11105.16,27788,140,228,16
39,40010,21,148.23,3423.99,10134,206,143,21
40,30666,9,162.97,1925.58,3359,38,328,5
42,24948,21,99.25,1957.64,3755,147,63,19
20,30100,22,121.73,2110.7,3338,188,187,19
42,38264,18,106.32,2001.38,4821,157,196,16
34,33446,19,200.2,3827.93,10403,54,148,6
39,29398,10,109.32,1291.93,4452,94,285,4
45,26605,14,182.01,2851.51,6070,133,186,14
38,45807,19,233.51,4370.44,11231,140,160,11
38,21272,19,42.02,291.33,0,106,127,13
51,81867,20,580.48,11937.28,30042,134,181,16
22,34952,24,134.5,3020.15,5988,215,106,21
38,25797,17,94.56,695.19,2368,136,154,16
24,46276,6,201.77,479.53,3529,38,334,3
25,29754,29,106.77,3534.75,10540,232,107,26
34,43352,22,204.95,4438.94,10968,229,184,20
47,71200,20,547.23,10000.38,25084,133,231,13
31,43843,22,227.51,5404.21,14371,140,135,18
57,29775,7,113.17,50.0,0,28,247,2
21,42257,15,214.22,3438.69,8768,115,252,13
54,47107,17,402.3,6410.85,17011,131,185,13
32,22860,23,90.39,1290.78,6190,206,179,20
46,48006,25,268.13,8121.21,21921,96,131,11
44,69116,21,356.72,6919.84,18605,140,160,11
60,59547,20,396.94,8551.63,22434,64,165,7
42,25516,18,78.08,971.46,2202,185,226,18
32,41774,13,272.79,3896.93,9914,133,222,11
24,21243,13,60.26,1017.92,3015,112,266,11
53,64451,19,464.13,8716.98,23432,169,125,17
42,62363,24,368.01,8133.19,19683,88,94,9
41,70894,20,481.15,9431.07,23423,174,145,17
46,40725,23,222.69,4684.09,11806,111,131,7
46,25847,15,135.67,2214.45,4675,121,160,14
37,66155,22,413.22,9049.47,23839,109,147,9
37,42059,23,329.9,6988.53,18611,152,97,15
49,47724,21,281.22,5824.04,15041,114,131,10
43,35030,9,137.88,1415.31,2229,70,347,6
44,43263,23,405.01,9575.89,24622,197,93,18
28,22825,13,30.0,97.83,0,83,236,11
39,35508,12,161.41,1492.11,3896,96,255,12
37,77093,15,615.93,9778.7,23213,117,194,12
39,47357,12,210.1,2074.19,6897,55,241,6
58,58516,22,326.34,6842.36,18256,148,184,12
36,48817,12,276.05,2909.12,7843,33,241,5
38,43854,23,333.07,7787.28,20041,146,119,14
44,82660,24,581.32,14200.19,35754,223,113,19
48,30212,16,191.98,2764.26,6048,74,219,7
45,44034,19,182.78,2627.65,4934,156,222,16
52,33482,9,132.02,1001.06,1388,28,247,5
29,34080,25,191.04,5175.02,12674,238,99,21
58,53841,20,398.89,7855.81,22824,63,225,8
44,66494,22,459.61,9769.79,26931,149,196,14
39,36087,21,204.26,4290.97,10161,191,175,18
60,59856,19,433.26,7420.36,18573,110,136,13
59,29847,23,134.78,3370.1,7609,212,163,21
53,29641,3,78.83,307.99,322,31,335,3
44,44342,18,202.28,3890.42,11357,134,251,13
36,28453,18,96.6,1964.42,3745,178,228,19
19,35140,8,152.12,2608.42,5005,53,229,5
25,34240,22,181.48,3111.61,10081,215,176,20
35,27684,14,89.85,916.32,3325,145,223,13
46,51407,24,308.33,6969.17,20825,124,103,11
35,39975,13,158.03,1527.89,2105,69,228,5
36,88549,18,639.6,11096.74,27692,147,202,14
50,25350,23,110.94,1245.54,4809,252,133,23
26,38666,18,168.9,2827.28,4896,155,207,15
21,33144,17,189.36,3663.37,8537,187,281,18
35,27501,9,153.35,120.66,0,65,240,6
29,39950,18,252.43,4867.84,13653,173,227,18
38,39194,19,136.12,3091.28,6448,184,181,19
40,29106,18,107.59,1649.07,2243,151,204,15
40,24006,19,86.46,1942.88,4651,182,152,17
38,69838,32,505.21,16090.05,40465,214,65,20
37,36895,1,151.44,1370.36,3462,9,372,0
37,45780,10,293.92,3185.32,6271,86,263,6
50,45129,22,296.84,6732.27,17762,47,97,8
44,52497,17,476.43,7700.66,19719,121,172,15
63,52395,24,375.26,9847.16,27303,125,174,10
37,75077,28,589.36,15817.82,40163,187,98,20
56,34298,15,160.7,2539.47,8351,103,215,12
18,39356,25,225.71,5313.01,13298,160,102,18
43,29735,21,88.6,2300.01,5664,173,143,21
34,53253,14,326.91,5091.06,12864,69,237,8
38,82172,13,568.24,6652.98,17342,95,243,10
34,34472,12,213.13,2003.86,5949,113,261,6
44,43936,17,238.86,4351.1,11395,86,172,6
37,33748,25,149.75,3758.99,8966,221,166,23
26,24257,17,55.41,1139.31,1189,153,216,16
38,49831,20,358.72,6079.09,17110,124,195,10
36,34151,16,219.31,3172.87,8759,66,128,7
44,51323,21,362.2,7570.38,18767,96,136,9
26,31629,19,182.69,2526.29,4627,150,162,15
20,33820,21,72.2,1048.66,801,174,190,16
50,93789,25,705.36,18066.04,45770,202,86,19
36,39899,29,399.02,12728.38,31901,220,51,21
41,20534,7,105.48,835.44,1555,64,365,3
36,36277,8,211.36,723.6,2697,5,294,3
55,37983,14,143.32,1845.8,2133,107,254,10
30,27718,15,145.53,1933.95,2672,117,233,11
48,69759,12,547.97,6703.66,16592,88,168,10
40,66302,16,497.45,7763.94,21614,97,191,10
50,38227,23,158.78,4316.66,13502,154,137,22
37,62334,16,398.37,5043.01,12215,61,205,7
47,45110,29,400.17,10485.0,24829,217,85,23
22,33281,12,164.93,2594.73,6630,80,255,10
29,34693,22,138.27,1310.65,3007,165,176,18
31,23815,15,134.81,1092.13,2314,148,168,16
34,43299,7,209.4,789.02,855,28,264,1
51,36436,3,156.74,725.52,1424,28,304,2
25,38284,5,208.23,1331.87,3958,59,318,2
23,36169,13,162.63,2825.77,7040,61,271,9
60,40466,8,190.63,1481.08,4025,59,282,3
59,20415,10,30.0,297.3,957,61,276,8
28,25646,15,165.26,1803.59,7114,176,222,15
53,74501,18,451.22,8928.06,23703,71,152,6
58,45682,11,231.86,4380.78,11639,51,276,5
53,38632,16,198.44,3165.09,6832,130,194,15
56,29089,5,110.03,888.09,1674,30,277,3
48,86015,25,626.08,16486.8,41564,133,137,14
66,29160,20,150.99,3457.14,9510,185,120,19
38,82989,24,539.17,13809.0,36588,150,128,17
29,31872,22,176.64,4192.62,10163,180,125,19
41,56589,19,396.72,7244.75,17376,109,257,11
43,87426,24,598.36,15185.09,39125,154,109,13
18,33470,9,180.29,2351.16,6220,5,268,3
36,67170,24,537.7,13155.49,34623,164,145,16
32,44818,19,313.95,6674.55,15252,141,140,12
45,54553,13,260.72,2901.43,8346,63,204,5
34,40871,12,252.49,3143.28,8641,94,240,13
25,26955,21,133.56,3422.47,8786,202,221,22
34,33337,7,94.1,79.6,0,20,334,4
27,31620,17,148.59,2778.43,7082,152,239,14
43,82916,25,593.28,14575.88,38312,148,81,18
45,93973,32,674.99,21385.68,54462,195,6,15
35,51589,18,316.47,5519.58,13793,78,184,9
24,29737,15,150.6,2376.11,7410,77,248,12
20,29167,8,99.06,1329.43,2089,67,264,4
29,41687,22,253.93,5444.03,15784,181,176,20
47,29829,13,95.86,1205.7,1026,120,214,14
51,43666,13,223.08,3165.64,8475,31,205,8
51,59164,13,331.03,4100.07,9834,59,241,7
33,34660,22,154.37,3326.66,10909,196,179,21
48,35434,18,210.73,3237.07,8449,99,191,7
44,41374,8,198.49,2094.38,4548,25,314,4
55,32361,5,113.9,532.09,2399,23,312,4
47,34424,6,182.21,525.18,1131,56,273,5
33,44903,18,218.34,3163.42,6852,137,240,14
18,43688,21,243.25,4903.45,11995,134,218,14
50,43970,10,255.74,2803.8,6443,41,267,7
46,60536,20,469.69,9014.22,19813,92,166,11
22,31158,16,130.11,1317.26,5001,154,192,15
21,37852,19,246.61,4511.02,9995,147,176,16
52,28539,22,255.78,5301.73,14755,187,106,19
46,49879,11,211.72,3193.84,7634,39,284,6
55,77289,20,586.27,11441.23,29670,102,131,14
39,41275,22,229.25,5939.23,15594,182,145,18
27,27666,12,112.23,609.13,451,72,177,8
71,45579,16,240.81,3659.89,9192,153,189,15
60,18000,11,56.72,347.68,1041,49,231,9
30,38957,10,209.54,569.84,0,79,274,10
38,94726,26,657.19,17652.92,46612,137,123,18
42,33567,12,154.03,2385.59,6908,108,242,12
25,18000,19,30.0,447.01,1827,165,219,16
60,36871,22,184.49,3059.98,6766,198,155,18
45,40440,22,197.72,5480.73,15308,197,150,18
32,35578,23,219.61,4152.03,10586,200,164,18
18,32179,4,116.61,976.97,3581,29,284,4
50,36895,16,182.97,2000.83,3699,131,205,17
48,69223,29,537.73,14933.81,38718,229,119,23
49,18000,15,44.3,464.33,2741,102,191,10
46,63607,17,447.99,6311.18,18597,99,215,10
47,81918,34,585.26,19452.64,48635,246,1,22
62,70786,28,511.02,14832.81,39316,179,86,19
44,23768,16,53.8,148.79,2690,115,247,15
43,53559,18,446.79,8930.72,21634,84,144,7
40,50857,12,338.19,4980.16,13777,42,235,6
46,27007,18,136.6,2251.35,6340,134,184,15
41,81043,20,651.78,12121.09,30419,113,176,12
48,30332,17,135.07,2848.2,7164,126,222,16
43,38064,8,257.29,2494.3,6079,73,249,6
46,43702,19,266.68,5558.25,12324,62,184,8
31,28042,3,117.1,1137.86,5134,29,330,2
36,38014,27,376.77,9747.93,23678,184,82,17
53,53578,21,272.05,7008.91,19366,111,169,10
58,75193,23,615.29,13498.04,34433,141,136,13
54,46253,9,190.17,2102.38,4423,86,263,6
43,27346,6,111.78,934.2,1366,48,282,3
65,36223,15,132.68,1691.34,6186,142,239,15
46,30570,18,110.56,1231.1,3929,199,211,18
24,27215,11,112.77,1711.3,4482,91,233,8
23,50297,19,204.97,3853.67,9387,153,157,15
50,58029,12,361.34,4631.79,10400,73,231,7
47,23279,19,74.26,884.67,3937,134,213,18
42,59749,20,493.03,9173.95,25158,122,172,15
35,29786,9,172.6,1099.35,3193,82,289,8
28,24447,13,115.39,895.0,3071,110,245,12
42,56851,15,326.77,5340.72,12882,88,227,7
34,38022,12,184.54,1961.83,4365,31,294,6
40,37182,20,195.2,4980.55,14635,190,183,18
41,28759,19,83.31,1194.65,5144,148,232,16
45,64110,20,504.18,9642.11,25215,190,201,19
62,50238,15,327.56,5696.98,14498,108,220,11
41,36095,15,128.54,1949.79,5706,130,192,13
47,27495,12,130.26,1757.31,5488,43,241,4
39,60245,15,363.58,5245.84,11616,73,215,8
50,22177,7,84.84,50.0,891,49,244,4
30,30551,21,96.75,1092.17,3423,154,116,19
25,22648,14,84.25,694.63,0,97,255,11
42,51609,26,464.44,11688.03,31023,201,94,19
33,87710,24,621.45,15029.85,38720,122,71,13
49,53041,20,321.86,6238.02,16824,98,163,8
27,36891,18,114.67,2046.81,4190,165,206,13
33,41470,11,169.16,2517.85,7046,72,290,6
36,38453,25,349.28,8336.45,22925,135,86,17
33,34248,2,169.57,630.71,2779,5,305,0
36,32638,7,208.26,1764.08,5181,58,299,6
45,58758,23,504.39,12745.12,31376,139,190,17
41,40945,17,346.11,5565.44,15887,159,209,14
29,21776,14,105.09,920.14,2831,118,270,12
33,33624,6,97.42,772.29,89,7,346,4
53,61145,15,506.49,7702.89,20681,126,248,10
18,41440,17,218.56,4094.36,11353,104,180,15
38,23057,9,98.61,50.0,0,80,262,8
39,51383,19,378.97,6745.92,17071,68,174,8
38,43495,13,254.19,3334.7,8342,80,279,6
22,51791,14,277.4,4001.33,12431,125,201,13
45,36754,6,227.4,817.32,1345,5,294,3
47,39625,8,155.45,1918.51,4080,5,275,1
40,32451,18,180.06,4335.8,10406,167,133,19
45,66418,30,582.86,17904.53,45258,243,67,22
46,56550,16,351.93,4278.36,12761,81,208,7
41,35000,9,190.3,1344.42,4845,16,307,1
45,32096,19,175.6,2437.52,5138,132,153,15
38,40516,6,200.89,727.98,1626,34,275,2
39,75307,16,607.01,10583.57,27175,129,219,11
35,45478,13,214.27,3096.88,9196,86,195,7
43,33978,4,145.65,355.4,17,49,376,5
21,25547,5,92.64,290.46,2199,43,288,4
30,34592,13,227.01,2405.4,6309,128,228,14
37,33789,19,121.05,2360.45,7113,157,240,16
18,35907,14,196.66,2140.5,7619,108,271,11
21,43245,10,200.58,2139.93,6965,68,265,7
54,64955,26,488.88,12454.04,32874,226,101,21
55,79702,30,632.5,19780.07,50481,198,52,18
49,74594,29,581.86,18042.93,46028,218,107,18
39,30975,19,136.04,1973.38,4266,178,189,16
49,34729,21,195.11,3343.53,10529,218,144,21
45,68761,23,515.42,11596.21,28371,191,193,14
24,33263,17,191.6,2751.24,6450,162,205,15
46,42589,18,237.58,4958.65,13524,204,152,17
41,69526,17,364.29,6414.86,17472,95,230,8
52,30450,8,195.66,2404.55,7678,47,277,4
41,56179,17,413.6,7117.01,18231,132,158,11
34,48301,19,333.71,6757.36,17066,109,176,11
47,26669,6,124.63,50.0,0,5,278,2
47,56056,12,367.21,5220.74,13537,29,290,5
54,93506,28,689.85,19195.82,50391,161,129,16
46,32411,17,191.72,3508.54,10756,85,220,6
46,64717,23,508.97,11475.55,30979,189,179,17
41,47553,19,243.17,3993.8,11413,72,183,8
35,34744,18,139.7,2403.87,3843,139,146,15
21,35600,13,161.92,2732.41,5944,65,262,9
49,34936,15,120.82,2933.24,8983,110,132,15
44,32273,3,124.21,50.0,788,18,348,4
48,81194,22,590.1,12930.7,34771,156,179,15
51,94516,25,670.0,16583.85,41576,138,131,17
40,33235,10,207.36,1803.67,5477,57,269,7
45,31146,9,198.66,2221.47,7894,49,268,2
47,42415,9,227.04,2586.02,8976,65,289,6
36,79282,13,550.4,7786.75,19720,129,204,10
32,96435,28,653.44,19151.1,49914,166,1,18
40,23340,19,93.96,1462.73,1852,146,210,17
47,40316,12,216.82,2941.11,8029,77,254,8
34,44261,19,261.32,5012.46,12049,171,144,18
49,53332,23,405.23,8523.35,22998,132,152,19
34,30109,13,128.87,2200.11,4851,103,237,11
47,57570,20,329.17,6448.65,15220,131,177,9
37,24324,8,73.29,190.22,0,90,304,5
34,30030,17,142.87,3074.14,8766,165,143,16
47,56967,18,361.72,6677.99,15777,92,156,5
31,47058,25,219.94,5355.56,12688,188,84,21
31,58456,24,287.26,5868.0,16896,144,152,13
28,30242,16,96.9,1203.04,3077,147,181,15
25,19507,16,51.44,110.8,1060,163,230,12
57,43109,15,258.78,3199.29,10349,30,183,5
43,39890,7,84.06,1626.72,3346,67,340,7
41,75824,18,590.75,10880.12,26795,124,187,15
52,18000,3,30.0,50.0,0,38,367,4
31,18567,7,52.54,1047.08,3639,53,300,5
35,24731,18,107.36,2321.27,4849,112,150,14
48,55172,22,410.14,8955.08,23830,144,145,17
47,56797,12,320.8,3755.02,11008,32,244,4
53,64437,24,484.83,11645.05,29919,196,149,19
54,31848,8,154.68,991.84,1682,22,294,4
30,38446,13,164.51,2579.38,8060,95,272,12
25,26616,12,85.13,338.48,2533,88,306,5
52,87828,33,636.43,21165.8,52519,258,1,23
43,56007,17,335.55,5928.37,13498,49,185,6
31,51682,15,365.32,5653.58,15591,14,266,4
26,32924,1,163.0,716.99,3917,9,362,1
69,59854,16,489.64,8198.83,20399,108,183,11
45,48404,19,303.16,5872.22,15120,64,214,7
34,29169,16,166.98,2746.3,5825,130,219,14
59,49785,15,445.04,5892.67,16917,96,183,14
51,52930,9,220.01,2119.65,7042,5,300,0
21,26258,14,94.05,1011.79,3045,43,141,6
44,96422,27,670.09,17585.92,43909,192,137,18
42,66177,25,536.05,13875.21,34935,163,109,19
42,60865,26,502.94,12988.2,32950,169,62,18
36,58102,19,491.59,8643.28,22494,146,167,13
35,31674,3,140.24,50.0,0,6,371,3
22,32303,15,147.29,2551.21,5505,155,215,13
46,33223,20,66.19,1173.88,5667,182,210,18
34,21346,12,114.57,1603.7,5553,117,277,10
26,30577,16,196.47,3473.68,9567,164,208,16
38,31675,8,135.13,1436.86,5860,56,219,4
36,43836,6,236.07,1343.45,2108,32,353,3
45,60097,17,463.61,7857.61,20351,95,185,11
26,34477,20,137.67,2987.86,8680,142,177,19
56,66802,26,514.93,13500.79,34816,214,148,19
38,65355,25,566.85,13627.26,34592,166,128,16
29,35412,15,182.44,3043.53,6383,98,150,11
41,31556,4,145.15,839.16,3153,5,318,2
38,45509,21,290.61,5623.32,16886,99,113,8
19,23961,22,130.03,2512.56,4907,168,132,16
38,36663,26,255.56,6188.53,16443,125,154,13
36,49846,13,341.85,3929.83,8711,35,257,4
43,53125,22,315.33,7749.86,20361,133,96,10
41,42713,19,297.21,5496.85,13992,65,174,6
42,56810,30,362.03,10091.72,25019,132,48,12
24,41018,18,175.49,3505.93,6201,213,226,18
46,55689,24,378.9,9087.71,24408,115,160,12
40,32416,10,123.17,336.19,665,111,282,9
34,24276,18,52.92,50.0,240,172,156,15
35,26762,16,101.38,1648.37,4705,148,186,13
51,75305,28,538.7,15162.5,39137,186,136,16
35,46333,13,428.37,5408.29,14189,88,243,6
52,40942,11,207.35,1181.73,1727,46,256,6
24,34870,17,156.93,2449.87,8973,95,203,14
31,25762,22,126.02,3975.38,10229,161,167,22
22,18000,14,57.55,437.63,2979,130,221,12
40,33150,7,251.18,2257.37,4660,37,350,5
18,34258,3,144.09,821.18,2515,5,266,0
42,34345,8,142.74,1344.21,3055,84,260,7
39,45574,18,189.97,3039.79,9255,126,224,16
28,41947,13,232.07,4096.66,10419,105,183,12
34,31012,3,135.29,943.65,847,22,365,1
69,34043,15,212.07,2386.73,5547,179,238,14
50,59626,23,521.6,11530.59,30226,173,155,18
68,18000,15,63.08,1025.26,5405,134,191,13
31,89055,22,586.04,13616.91,34268,142,140,16
60,50817,11,312.71,3330.05,11453,31,224,3
31,30332,15,144.08,1951.07,3469,107,191,12
47,21801,17,125.47,2053.24,4176,153,163,9
32,47699,22,318.02,7393.58,19588,123,133,10
62,33202,17,243.24,4407.19,12766,97,214,8
49,46513,25,429.88,10899.08,25635,192,84,19
52,59658,20,370.5,7140.15,17286,89,116,10
37,28041,12,165.67,2159.23,4019,125,296,11
26,39556,19,196.4,4563.46,12189,83,256,11
34,51113,24,257.78,6272.5,18355,181,82,21
18,25245,4,77.55,539.54,491,40,305,4
47,33662,15,157.0,1855.84,2241,197,197,18
43,18000,15,75.08,1509.8,5965,169,190,16
29,32823,13,212.22,3234.57,7567,100,249,14
41,39221,23,147.44,4375.1,10339,233,105,22
49,78136,26,662.72,16622.94,42014,175,131,18
38,78777,20,589.33,11089.56,28239,180,188,14
41,27524,26,140.05,3524.1,5328,208,91,21
30,33611,15,201.42,4404.57,11861,113,234,11
33,34373,22,176.6,3329.59,9411,194,166,18
40,46869,20,338.07,4960.82,11673,91,144,9
47,62419,16,381.73,5212.39,13047,84,220,9
31,28561,11,153.54,2230.29,6653,62,259,6
28,36375,22,228.17,5112.54,12232,227,181,23
45,30777,26,136.24,2797.92,8891,201,146,22
51,64856,18,461.63,8304.21,20315,80,141,9
75,36624,8,194.45,1739.55,5626,47,288,4
50,47291,8,259.31,2676.91,7992,20,277,5
45,62471,11,441.64,5584.38,14042,65,264,7
43,48897,17,274.82,4193.0,11364,77,187,7
60,57304,24,496.79,11726.92,30735,135,115,16
39,38771,2,187.02,857.4,3610,5,371,0
49,84443,19,620.02,12457.14,30904,151,116,14
25,44796,18,193.51,3745.32,9957,154,172,16
35,41372,11,169.98,1593.31,4947,41,249,6
26,18000,26,48.31,1743.28,4061,252,55,26
20,40477,13,195.03,2394.63,8651,54,289,3
36,39233,16,148.71,2572.83,8212,83,181,10
24,35116,13,153.56,2089.08,4934,113,311,11
29,30031,20,182.85,3863.0,9744,151,194,18
39,43465,13,269.01,3746.06,11347,62,220,9
39,49633,21,345.91,8091.81,21283,62,163,10
40,30235,24,70.44,1743.12,3961,227,43,21
30,49081,7,212.08,665.91,2423,12,317,1
39,54576,21,282.53,5782.04,15813,99,188,8
45,25112,8,78.43,50.0,211,30,284,1
66,54317,22,353.4,7419.64,18810,97,143,7
38,43244,22,286.68,6012.33,16183,141,174,14
45,35103,5,163.21,841.02,1199,5,322,2
48,33039,16,190.17,2360.91,6125,143,233,15
36,38489,9,117.67,1986.7,6001,85,283,4
39,35126,6,144.99,1769.51,4444,17,316,3
40,61366,18,414.47,8216.74,22466,70,187,4
23,34675,12,244.4,3003.4,9659,39,248,3
31,33378,19,85.92,1379.62,2929,131,110,18
33,50747,11,216.94,1631.48,6211,42,314,6
20,44514,18,288.56,5591.23,15909,133,216,14
30,28667,22,155.38,3021.68,7514,179,92,17
53,18710,5,61.13,50.0,178,7,306,0
50,19934,6,30.0,1352.24,1233,78,289,4
42,28870,9,137.88,1308.04,3138,70,271,4
44,21548,21,79.47,2235.81,6662,151,115,16
30,42330,15,238.79,3374.61,9016,95,245,8
36,82186,29,627.28,18994.06,48527,214,60,22
29,31672,19,140.27,2711.13,7199,148,146,15
42,39198,22,260.19,5869.55,14301,135,98,10
21,21449,17,72.91,1294.71,3577,134,231,11
48,34956,9,155.1,1229.23,4342,5,267,1
28,20591,15,67.6,1849.89,6490,135,142,16
41,99497,24,716.64,17389.89,42675,172,125,13
56,40282,13,248.07,3636.93,10508,26,253,4
30,27854,11,125.46,1791.93,5299,47,233,8
18,32638,25,141.04,3161.26,6331,183,159,19
51,30693,21,96.47,1886.22,4277,203,150,20
28,66315,20,547.47,11508.5,27457,126,98,12
49,68443,20,539.15,11740.59,29181,148,180,18
46,47715,18,256.44,4474.89,10777,154,154,17
31,61559,2,330.24,1568.13,4882,31,344,1
36,73966,15,614.29,8968.32,23301,94,233,7
42,45206,23,212.84,4171.4,10506,119,120,11
19,41514,18,167.92,2130.19,6177,89,195,12
32,20369,17,94.49,1030.61,2482,156,208,13
51,40655,10,248.58,2664.19,7666,62,241,7
56,39086,21,272.67,6366.01,13774,148,175,13
33,34054,20,182.27,4273.33,11120,83,177,8
20,36008,21,241.97,4694.06,11778,136,133,16
22,31471,16,146.01,3798.25,8741,103,216,11
51,23339,18,153.98,3914.78,10186,165,174,20
27,39323,23,192.76,3720.46,10365,198,128,19
18,49792,12,244.2,2643.98,6158,60,280,6
29,24467,18,30.0,50.0,813,131,271,13
49,41076,22,237.14,5632.31,15389,130,175,11
43,34125,22,114.54,1951.84,4785,214,117,21
20,49134,21,303.67,7476.83,19652,195,98,19
18,43821,22,228.03,5594.78,14366,204,163,20
18,39188,11,126.18,3088.42,8957,113,279,7
31,29676,21,160.99,3421.07,7866,151,207,15
42,36936,18,205.06,3690.02,8438,155,210,16
39,81027,29,592.63,16695.59,41827,218,98,21
26,44611,19,170.51,2933.96,6794,165,153,15
34,64900,22,437.5,10024.07,24567,165,108,17
47,49145,13,312.94,3453.91,9778,53,265,5
27,30573,19,137.16,3475.83,8692,167,194,16
25,48730,22,307.11,7022.51,18238,42,175,6
49,45322,13,313.7,4060.09,11170,85,248,7
41,49659,22,287.23,5507.54,13181,115,170,5
36,54931,6,270.18,2132.41,6687,13,319,1
27,38476,16,186.91,3726.44,11407,104,274,14
22,28266,16,165.66,2983.47,6482,136,185,12
41,68158,21,449.68,8694.69,22288,139,141,9
38,40170,7,195.05,2097.31,4930,32,275,1
50,46712,7,247.88,1625.31,4261,27,328,4
49,56466,11,357.47,3923.75,8294,102,247,7
45,30358,20,158.71,3024.27,6404,164,165,18
36,44909,15,372.52,5844.17,14270,114,217,9
36,58999,26,507.8,13021.72,34420,195,55,20
53,38777,18,157.08,3147.79,6533,147,202,15
36,68679,22,625.45,12992.13,34052,87,178,10
60,37542,20,184.83,3137.64,7438,185,154,14
58,26522,8,122.39,50.0,773,42,360,5
37,22219,21,50.18,1130.96,2670,231,200,22
43,73036,23,560.56,13243.16,35009,140,172,14
28,34874,13,188.18,2031.43,6178,114,274,12
52,48993,15,294.65,3678.09,9532,88,239,8
47,57841,29,454.56,13461.63,34709,194,92,19
49,33659,9,176.16,2052.05,6114,82,233,8
29,36102,19,203.1,3637.47,9532,194,140,17
35,42638,18,287.28,4685.07,12625,122,220,9
36,51593,27,441.23,11991.74,29968,161,61,15
34,40415,13,226.51,2747.45,7074,77,206,6
49,67591,20,429.38,8563.08,22152,78,202,8
53,25814,7,143.33,866.59,2688,13,262,2
20,28972,10,107.7,448.76,1229,33,263,3
39,40180,15,327.27,5069.01,14632,94,162,8
43,39457,15,105.58,1174.68,5278,156,193,15
50,47818,18,280.95,4368.03,13352,99,196,10
18,33881,10,207.01,1768.43,4873,98,230,9
24,40232,18,243.1,4125.29,12092,137,198,16
37,33061,19,140.76,2390.02,6868,124,190,15
40,49254,25,280.72,6219.9,14071,85,105,10
27,28190,14,138.55,1905.54,5242,36,255,6
28,25676,11,108.23,1395.77,3749,55,268,5
55,30846,12,142.31,1268.84,1657,50,266,3
58,76716,23,572.81,14198.62,36485,175,81,20
40,34277,6,155.97,345.32,1804,17,284,3
36,38631,8,198.2,2765.83,6870,6,331,2
49,42190,19,263.08,4831.09,9245,93,151,7
30,24634,3,110.59,606.66,0,35,338,3
44,34059,14,157.65,2477.87,6956,87,279,13
55,29146,18,208.32,3759.58,10280,139,219,15
54,43081,17,300.91,6089.95,15941,94,231,5
39,52438,22,336.93,6774.56,16237,79,137,10
39,31576,17,143.05,3615.72,9037,172,204,19
26,36468,22,184.08,4794.99,12320,211,181,19
48,52681,11,252.1,2376.63,6795,63,252,8
55,37925,23,190.53,3911.57,8224,184,152,21
41,34617,27,134.27,2807.07,7640,263,151,27
28,42121,21,182.17,4270.61,11347,155,125,14
50,95544,25,734.82,20075.44,51387,191,122,18
36,22515,19,86.37,1284.61,3951,167,172,20
50,62399,23,369.49,9474.69,24953,107,145,9
48,52879,13,233.69,2257.39,4494,84,302,5
36,42537,17,198.39,3490.03,9703,145,179,14
38,48123,18,237.01,3514.19,11422,103,161,7
29,41044,18,244.41,4138.37,9876,105,193,13
37,50406,24,277.55,6326.2,16449,129,210,10
34,55196,17,514.08,8589.15,22116,151,164,13
23,38261,19,212.03,4383.41,8540,178,203,16
22,18000,15,80.74,625.15,1543,92,138,11
70,34999,13,195.41,2141.53,7366,55,156,8
45,81560,22,605.59,12459.48,32719,159,189,17
55,39145,13,206.84,3914.66,10077,71,297,4
49,67846,21,594.21,11561.09,30200,171,86,16
26,20504,22,30.0,124.14,431,184,107,19
64,44196,22,404.57,8910.24,23423,169,135,15
41,67850,24,563.36,12367.64,33303,188,151,19
21,24852,7,34.83,50.0,0,19,279,3
31,21480,25,181.12,3645.03,12078,196,132,19
64,32636,12,55.02,919.77,1419,45,235,5
36,37990,31,170.28,5945.61,14865,284,1,28
31,29317,21,196.07,4493.59,11737,212,168,18
50,31057,19,146.68,3856.98,9301,171,223,17
55,50458,20,363.58,6925.21,17616,141,190,12
41,42339,13,255.1,3447.97,6734,83,290,10
37,48245,10,364.04,4288.32,10636,5,209,2
31,46303,22,256.43,6423.19,15981,197,132,20
25,41404,13,244.44,3518.43,9556,137,210,11
54,37121,5,114.2,725.66,1744,5,409,1
31,41360,19,174.72,4253.16,10265,168,143,18
55,61925,29,425.7,12636.01,31577,243,70,21
45,20939,16,48.05,1373.49,5294,113,215,14
26,39172,20,194.46,4262.21,9325,179,155,18
50,34826,10,176.76,1606.25,3096,47,202,4
67,59690,17,385.15,6769.46,15480,97,205,6
48,56511,21,330.58,6832.68,18451,112,130,12
39,68766,19,526.55,8885.36,21572,155,140,16
54,95640,27,719.54,19591.03,48641,156,96,17
50,94726,28,695.58,18864.43,46118,163,37,18
39,66150,24,483.9,11608.4,30145,107,146,15
39,55223,10,176.85,1879.35,6171,36,230,5
30,42223,19,255.64,5210.12,12696,111,177,14
27,38560,20,195.09,4391.78,11680,148,159,17
57,32663,20,186.03,3351.9,8114,153,166,17
50,56165,26,331.42,8430.19,22013,114,123,15
37,47208,14,279.83,3685.7,7244,83,275,8
32,38434,17,233.39,2989.72,9116,96,229,7
35,19698,12,71.46,1057.71,2603,70,218,11
35,37216,9,168.79,1869.85,5774,65,229,6
18,42531,13,181.55,2852.53,7439,164,186,13
27,47131,8,277.49,2222.29,6048,29,339,0
50,18000,9,84.93,432.59,0,88,276,6
54,30148,26,69.85,1118.66,4134,261,147,24
25,30661,22,181.02,4014.91,10041,220,101,22
25,50061,17,249.96,4081.25,12099,156,249,14
46,48789,9,187.98,1534.5,3707,47,275,6
36,26231,16,108.2,1144.94,3433,126,179,14
22,35958,22,157.93,2999.95,5450,141,155,21
24,40655,18,137.99,206.58,0,183,173,16
43,62220,12,518.09,5821.72,15694,134,301,10
31,59234,17,362.08,5831.64,14559,56,240,7
52,80242,30,601.0,18592.14,44482,189,73,21
36,51419,18,402.42,7707.89,19414,69,168,8
38,52000,18,290.0,5874.5,14535,117,123,7
49,48703,12,228.09,2511.41,8003,36,264,3
41,65117,21,504.75,10992.93,28787,127,166,17
51,19544,14,49.24,1034.98,3517,101,237,13
23,44165,21,263.32,5847.02,15338,167,138,18
40,26809,9,165.54,1829.14,4345,109,343,9
26,20963,6,30.0,819.64,2294,36,315,3
38,55217,16,333.67,6236.9,16907,49,194,6
32,56005,24,324.31,8124.94,21238,178,86,9
27,39400,18,163.95,2601.44,5821,89,185,13
37,30759,13,192.06,2765.35,9986,129,239,13
45,53652,16,341.9,6287.93,18556,137,172,10
37,41790,3,179.31,717.19,3087,5,316,0
42,28455,19,151.36,3781.01,12191,181,179,18
41,61829,18,294.03,5466.66,15048,114,196,12
40,97704,22,712.82,15475.36,40984,184,104,18
47,40144,7,220.62,2704.65,6592,43,270,1
35,40790,7,206.95,480.41,2531,45,294,4
54,62088,29,471.87,12898.12,33852,159,106,20
30,35772,3,161.46,50.0,2285,62,317,0
42,44049,15,279.5,3982.69,10856,56,185,8
26,38449,7,221.37,2588.21,7324,62,247,5
45,34206,1,130.57,418.96,4408,26,317,1
22,35539,20,170.97,3650.66,9979,192,83,19
45,35670,13,149.51,982.28,4052,131,203,10
25,56275,16,302.0,4293.97,9899,59,250,6
32,50114,22,296.91,6343.76,16532,101,133,10
23,19107,9,114.33,1780.73,5081,80,292,7
42,30086,17,203.28,3933.64,12504,97,161,9
45,34975,15,209.9,2960.8,7136,136,202,13
33,24687,5,100.52,1324.16,4966,72,367,5
29,45955,15,266.86,4763.79,12045,73,218,7
36,33213,18,102.99,2344.63,5655,206,205,18
35,24316,15,74.1,1907.77,5639,133,177,15
29,41071,17,151.94,2747.69,8556,173,204,18
25,36539,19,205.86,2855.29,9815,136,191,14
53,32447,11,191.18,2490.21,6809,88,319,10
52,34786,21,130.15,1665.56,4188,200,162,21
24,56030,18,375.37,5562.07,14788,39,173,6
39,36064,22,147.98,3638.7,12270,203,149,18
37,63900,27,397.95,11767.15,30781,143,104,12
18,41707,8,167.12,1133.93,3222,26,231,4
40,57138,18,332.3,5976.04,15598,133,199,7
48,47477,7,226.18,974.4,2271,66,338,4
25,26946,7,134.43,423.01,2017,57,308,3
51,52499,23,479.12,12174.6,32115,86,102,12
36,38521,20,172.47,3821.9,10362,195,82,18
48,67430,21,445.59,9390.06,23301,66,110,6
33,34325,20,152.94,2710.1,6052,147,155,15
39,42373,9,247.05,3036.9,7481,50,291,3
38,50987,24,241.56,6020.66,14027,108,90,13
18,23958,15,97.42,1442.62,2204,104,226,12
46,44895,14,302.49,4118.72,11031,82,231,6
52,28393,22,165.27,2703.21,7022,227,247,24
23,42187,17,193.59,2853.26,6644,121,266,14
40,83612,34,617.36,20954.37,52823,223,8,21
37,37082,21,130.28,2539.91,6634,195,139,20
40,40774,17,249.64,3982.54,11816,155,211,12
27,35807,13,198.25,1696.5,5055,92,251,12
32,48318,28,262.72,6939.74,16664,258,139,26
44,31022,16,159.5,2825.87,7513,136,294,16
41,56267,29,486.5,12981.31,32526,237,46,22
23,51622,12,270.49,4199.78,12005,66,266,7
30,34406,17,211.67,4365.73,10921,58,149,6
62,49102,9,326.45,2670.89,6782,30,309,5
24,44518,10,222.36,2385.09,5243,37,311,3
50,86381,24,656.07,15378.31,39115,143,104,11
26,25038,13,103.68,2354.87,6166,137,256,13
26,45841,20,217.96,4306.27,8878,136,100,17
19,31011,1,119.01,50.0,0,20,366,0
65,37628,19,144.02,2795.45,6187,175,222,15
31,31782,19,214.78,4133.51,10995,195,117,18
30,37944,19,191.68,3907.74,9353,128,186,11
47,39974,12,215.28,3328.56,7698,78,238,8
51,37539,8,238.59,1630.97,5148,36,275,3
58,51962,9,290.72,2873.41,6961,13,327,1
45,34737,6,142.48,1511.63,4547,24,309,2
25,21558,21,107.22,2802.08,5001,108,166,15
54,64603,23,522.87,12006.09,33828,155,153,18
43,45284,24,229.65,5438.69,13697,153,40,11
40,24187,13,92.09,1407.25,3961,81,254,7
24,31032,11,141.59,859.59,2759,107,272,12
27,25668,12,126.42,1347.08,4032,102,234,11
40,37113,23,198.83,5325.24,13974,189,147,21
34,35755,20,213.41,5396.94,12087,177,172,18
45,38313,15,152.88,2454.04,5034,120,167,14
32,41591,12,149.81,2468.45,8845,99,200,9
52,18000,5,56.18,494.8,2167,34,311,3
43,51011,18,352.64,6131.88,15909,124,194,12
43,44738,21,160.18,2350.05,6135,174,160,20
37,33747,22,96.34,2082.65,5923,218,125,22
42,18000,5,52.21,50.0,0,5,218,2
27,35826,19,250.55,4113.7,9622,133,147,16
28,27335,8,75.49,438.69,2205,40,360,6
46,22988,20,108.12,1922.2,3524,145,129,17
53,81065,18,617.76,11662.46,31788,145,174,18
35,28976,18,145.56,2971.92,7566,150,189,13
45,48664,18,320.96,7302.98,17440,132,165,11
41,41892,9,198.56,1882.7,5259,60,259,6
51,89289,16,703.15,11283.24,29884,145,178,14
39,63926,16,390.81,6000.7,14679,66,182,7
36,87154,29,646.41,19219.14,50033,190,110,19
29,25705,10,77.15,241.43,1283,71,278,3
38,20476,17,30.0,245.18,1017,163,243,17
42,89463,25,665.15,15570.53,39221,121,153,14
18,37767,17,200.2,3480.6,8419,127,207,13
42,43285,12,228.02,2824.17,8573,106,249,10
26,22746,19,105.83,2662.84,5759,177,197,15
34,19797,16,86.96,1878.47,6924,138,232,14
26,36025,23,179.59,3401.32,7527,189,106,21
25,33004,16,165.07,3551.13,9998,108,185,14
35,35546,6,121.1,1229.32,5388,10,330,1
25,39300,16,226.89,3670.01,9213,140,163,12
50,62895,19,381.27,6598.55,16974,178,145,11
30,76376,20,595.84,11888.57,30937,145,140,14
39,57076,19,342.96,6632.33,16929,108,187,9
39,54113,17,421.77,5485.88,13922,78,149,5
47,42561,27,253.35,6756.07,16916,119,119,16
47,18000,18,64.51,1095.01,1686,102,156,13
45,52974,26,474.4,12781.3,32057,208,178,20
51,50025,19,340.39,6502.6,18088,84,211,7
24,29987,13,131.86,1669.62,3695,76,253,9
27,34861,19,218.22,6122.06,14821,154,162,15
18,31182,17,156.54,3229.86,8459,97,200,12
36,43926,18,267.54,3718.5,10588,65,175,6
51,34175,16,159.2,2979.66,10020,147,185,14
36,39931,20,228.75,5000.4,12867,125,195,13
35,82537,21,561.12,11040.61,28745,124,134,10
49,28014,12,90.26,573.44,796,110,251,10
48,56589,23,281.74,6769.59,15750,151,84,14
28,28957,16,276.59,4026.5,9190,104,193,10
50,36252,21,174.51,3384.19,8973,193,118,22
35,29082,18,80.08,986.14,4262,168,193,15
36,18000,15,50.28,551.79,1123,136,189,15
32,26027,19,99.55,1367.31,3292,123,165,16
25,35637,14,210.23,3653.43,8350,117,226,10
21,30510,18,113.66,2145.7,4523,135,217,13
44,71463,23,539.35,12151.14,31579,160,148,15
56,85723,30,660.72,18529.25,46311,221,105,20
42,80784,32,562.43,18242.7,46283,182,33,20
58,40679,29,220.87,7135.72,18219,140,62,14
50,73312,24,575.41,13626.95,35673,152,149,15
23,20984,8,104.24,1203.32,1457,48,296,5
41,51108,25,407.01,10097.28,24871,191,137,19
42,38198,11,239.56,2568.65,7208,85,321,9
40,49464,21,378.49,8362.46,22516,69,113,10
35,39634,16,160.22,2557.71,6247,171,236,17
45,56940,21,467.95,8776.45,22053,100,58,10
38,31465,14,147.41,2041.65,5910,138,214,14
35,36018,12,220.44,2736.68,8964,46,243,3
29,39244,17,145.32,2554.08,3649,107,197,14
20,38446,15,159.08,3165.43,9433,135,181,15
51,35335,8,116.92,2009.09,5665,47,246,4
41,44699,19,361.1,7112.61,18790,74,164,6
23,33719,14,259.74,4613.73,13300,98,204,14
49,96316,28,762.71,20787.77,51599,220,30,20
62,36787,7,205.93,1553.59,5710,5,325,5
32,47684,27,462.14,12332.68,30008,161,78,17
48,47400,17,326.64,5952.69,15146,128,195,13
51,26873,22,54.79,1646.56,5168,183,92,23
27,35839,17,88.02,1637.4,3961,180,191,20
25,43309,20,230.23,4068.83,9886,208,156,21
20,28293,11,92.16,855.11,1770,78,220,8
49,70508,26,552.22,14596.86,36826,199,163,20
33,37595,19,279.1,5875.65,15849,49,157,5
31,73715,21,475.74,10196.83,26666,158,126,18
40,41793,10,251.79,2483.12,7579,55,259,3
31,25848,18,129.72,2130.41,7429,170,229,14
20,35945,20,111.04,2116.88,4831,136,184,17
33,40225,22,264.66,5448.95,13770,188,214,16
41,71172,19,560.26,10456.99,23181,129,196,12
28,33520,21,103.59,2001.8,3607,152,139,18
18,34192,17,146.84,1670.54,3639,133,254,12
49,25947,17,139.3,1948.38,5022,152,179,15
31,50072,16,257.18,3785.36,8364,131,190,15
49,48981,17,363.46,6174.15,18037,135,194,17
45,57468,24,485.35,12235.16,32486,157,128,17
56,66597,18,601.26,12284.99,27833,131,170,14
22,27624,13,123.54,921.02,3146,101,305,13
27,71776,18,559.05,9791.79,25982,65,199,10
53,58354,14,424.21,6181.34,15751,120,191,10
58,54009,17,468.97,7268.63,17275,93,197,9
40,54622,17,370.39,5479.02,16143,59,184,7
43,51823,19,301.45,7167.35,18855,96,194,8
33,32807,13,114.25,1253.75,2495,141,230,15
19,33093,14,177.72,2611.95,7169,113,246,8
45,28252,18,116.83,1625.9,3851,135,155,14
38,18000,15,30.0,50.0,1168,101,226,10
53,64962,18,356.8,6215.8,13777,51,219,4
24,48939,23,301.98,6822.76,20247,184,154,16
48,39603,15,231.39,3495.16,10991,79,176,6
37,72709,22,559.63,12412.0,32837,174,140,18
30,45742,18,267.83,6317.23,16268,143,134,18
42,25390,13,79.19,1461.5,3837,77,218,9
24,38038,13,204.27,3466.87,7504,33,155,6
23,37494,16,188.9,3347.79,6868,94,219,9
39,23678,22,99.91,1879.19,3900,194,167,22
41,70510,11,549.0,6392.0,18326,77,182,10
49,58258,27,365.16,10376.71,26832,128,54,13
52,50219,14,332.43,5044.99,12485,51,183,4
31,41725,20,270.98,5125.59,13851,177,107,19
52,35745,13,174.28,2948.43,7809,61,152,5
48,59869,26,316.48,7766.31,20957,104,113,11
42,35966,21,155.3,4497.57,12656,177,163,20
36,51638,22,445.9,10166.37,25775,194,193,16
20,21758,7,117.03,613.35,2408,28,358,5
26,34067,17,179.36,2235.59,6529,125,193,19
32,36404,11,181.92,1779.4,5186,61,194,5
45,63693,23,409.78,9602.61,24457,111,152,10
38,73118,23,521.29,11721.61,28419,173,138,16
38,25823,18,83.32,1138.47,2174,122,151,17
38,54641,22,370.65,8704.14,23221,145,139,14
30,26258,18,102.13,1955.32,6919,142,138,15
52,43911,19,202.38,3527.3,10301,64,187,9
48,35508,6,149.68,474.24,48,62,252,2
30,47247,20,255.16,4715.96,13251,141,120,16
29,26143,13,122.21,1350.23,5223,135,251,10
30,73059,26,603.76,15901.2,41142,156,99,18
25,29750,14,158.24,1724.76,2212,126,296,12
34,62812,26,401.77,10202.95,26502,141,121,12
58,26298,22,73.3,753.58,1735,185,123,18
34,93976,17,650.74,11360.88,27804,170,173,14
42,71261,22,535.99,12544.1,31524,156,172,14
29,38422,25,212.91,5699.77,14348,187,143,21
50,55382,26,324.64,8234.22,19952,160,92,12
18,44669,23,217.68,4029.35,8599,251,169,23
46,104567,27,668.47,17976.96,44420,213,160,20
41,70822,23,524.57,11300.75,30800,123,165,15
48,41335,23,286.25,6892.56,19250,120,89,12
25,18000,19,107.73,1454.59,2476,159,230,18
30,47382,11,199.99,3648.63,8995,80,263,11
33,49640,21,230.73,4911.33,12096,215,182,20
52,62170,22,411.3,10102.62,26381,112,159,16
46,29077,22,120.64,3259.51,7704,196,134,22
50,29370,17,120.25,2703.36,5574,120,235,13
32,36874,12,179.92,1918.28,1833,86,230,7
52,81667,20,593.5,11330.73,28491,112,101,10
42,39746,20,249.1,5190.57,15062,144,148,19
31,38511,18,136.23,3504.92,9819,119,149,11
32,42488,19,194.36,3297.21,5923,133,233,17
29,26185,20,145.0,2923.78,6205,197,96,20
47,62307,20,441.61,10042.86,26270,79,133,7
36,36426,5,175.92,1402.28,4962,59,325,6
42,35671,15,275.73,4574.1,10702,58,261,9
45,37315,17,145.28,2777.64,8989,158,151,15
30,41508,15,345.18,5388.96,13315,58,174,5
46,50392,27,331.86,8977.4,23246,89,136,11
47,59838,21,375.1,7904.11,21072,101,102,9
36,27074,14,123.43,1495.93,4461,113,235,14
19,35515,19,186.8,3228.32,7561,184,225,18
27,18000,17,70.18,1743.23,2394,144,217,16
46,56091,20,417.35,8476.98,20743,157,158,17
45,29477,20,231.28,4557.4,9462,165,194,19
33,42683,28,181.93,5070.24,13366,226,62,24
53,42263,19,211.7,4610.16,12211,170,118,17
22,34607,15,203.84,3476.95,9001,123,256,14
36,39663,8,195.5,1649.46,5473,43,305,5
18,29654,19,155.15,2980.48,6914,156,216,12
38,31411,21,142.62,2468.38,5218,174,166,20
52,42255,19,313.0,5861.33,15762,76,209,7
58,46064,15,237.45,2755.78,8921,50,195,6
57,51850,15,427.0,6123.0,16566,70,235,9
22,31334,11,98.0,964.5,3151,75,246,8
19,27291,21,173.04,3486.78,8124,188,159,18
49,29154,8,151.3,1721.03,5112,9,323,4
37,90085,24,666.84,15923.76,40584,119,158,13
35,65710,16,507.39,7981.24,20308,87,176,12
49,45874,7,228.46,543.58,1346,32,306,4
60,38989,16,259.69,4160.4,11084,51,132,8
31,38892,21,206.33,4553.6,13031,132,176,14
46,71869,27,589.99,16550.62,41687,174,121,19
40,62876,17,372.99,6000.83,17337,24,195,9
44,22635,14,116.97,1602.86,5646,98,226,11
47,30509,14,165.06,1899.6,6084,136,310,12
41,52407,23,305.55,6161.78,15417,121,126,9
41,43282,8,265.55,1361.93,2365,56,234,4
41,38439,21,261.33,6142.21,14938,90,223,9
57,39812,15,303.85,4557.43,10605,59,216,5
42,48287,20,432.04,8895.24,20143,153,182,15
30,30608,13,192.28,1948.04,3926,84,261,11
67,38418,14,161.98,1949.13,4911,82,207,7
32,19184,12,72.58,1082.18,4048,67,242,10
33,34638,7,144.81,1976.48,5377,27,261,3
58,63485,25,525.43,13467.66,34907,177,132,15
33,49949,22,437.64,8775.96,21177,188,119,16
28,51030,23,325.61,7367.32,19999,100,118,10
25,41884,17,212.11,4402.14,14405,167,157,18
46,21770,16,133.49,1567.91,4958,105,255,11
57,76674,26,645.78,17086.43,45249,233,108,21
40,55768,27,470.29,13275.42,32623,188,129,16
43,36194,11,204.27,2238.5,3879,122,240,10
50,54947,17,324.35,5527.9,12397,108,120,7
39,87386,28,663.44,18086.19,45852,204,86,21
46,37591,10,145.46,1174.57,3996,19,231,1
61,35820,14,148.15,1928.85,5277,146,295,12
22,32888,11,140.73,1532.71,3457,77,280,12
41,40019,22,232.29,4719.85,13705,177,169,19
35,46523,16,464.96,7317.14,18839,83,196,11
41,42273,8,181.45,1288.29,2195,38,321,3
27,44203,11,233.81,2264.29,5491,72,266,4
31,43586,26,278.79,7846.36,21476,113,160,9
43,39093,10,180.41,749.68,2164,13,328,3
43,61469,21,408.61,8285.84,23690,116,151,6
49,78299,22,562.3,12598.79,32276,158,107,13
58,41727,17,171.84,2095.98,5554,136,201,15
46,36679,24,184.38,4524.33,11092,161,147,19
38,54642,24,406.69,9122.75,25073,113,155,14
27,55797,18,372.76,7519.55,17102,84,199,9
39,29253,16,108.52,1216.27,1187,113,285,14
42,39816,17,169.82,2807.85,6086,138,105,16
32,41111,24,269.56,6091.39,14809,68,145,5
18,41159,13,191.32,2324.52,4334,78,255,7
24,43104,18,242.2,5074.17,13043,175,200,17
44,38220,12,253.51,3126.07,7507,38,264,2
44,46661,12,355.41,3570.7,9913,82,222,6
44,35645,14,158.42,2557.02,9116,149,227,15
34,47067,14,255.46,3504.74,11078,105,256,6
40,70124,28,548.13,15142.49,38205,242,85,21
40,45885,22,227.11,4814.65,11293,121,122,16
53,64854,21,529.38,11188.2,26395,116,157,12
49,64657,31,398.43,11814.05,29962,160,73,17
22,30827,16,202.91,3521.6,9014,120,246,14
44,61727,27,438.36,12102.38,30061,113,116,16
45,43126,13,277.27,3409.02,7439,44,214,3
68,42727,18,305.71,5087.63,11613,88,197,7
47,34391,10,117.26,594.31,3321,85,233,5
19,41878,17,204.56,2817.29,7579,166,224,16
42,21522,7,63.21,1163.55,1741,30,299,5
58,74688,27,537.46,13654.57,34335,213,104,19
18,37669,17,146.35,2130.82,6593,109,169,10
27,39196,12,168.54,2147.27,6245,125,218,13
36,53116,23,488.04,11410.63,30445,154,96,16
32,25408,7,120.98,240.3,0,23,320,3
22,41764,6,178.98,191.57,0,5,244,1
47,37478,15,166.74,1963.92,3914,110,258,12
35,68397,15,416.3,5752.24,15613,31,204,3
34,28773,12,104.09,915.01,0,103,288,11
34,47314,29,227.02,6560.59,17407,268,130,28
39,44489,6,256.1,50.0,0,18,319,3
26,42271,8,170.88,1857.11,5170,40,344,2
45,76519,14,574.25,7808.64,19780,102,256,12
32,26042,17,30.36,564.19,1315,168,163,17
46,71154,17,477.61,7974.66,21577,144,230,13
42,25622,12,152.85,545.18,3048,113,255,9
39,27600,8,130.19,1477.1,2922,34,248,3
45,40858,13,137.61,2100.7,7049,81,190,9
34,35672,19,126.97,2847.7,7748,170,224,15
48,31122,17,50.06,122.86,0,163,190,19
49,41588,5,270.92,1027.2,2518,19,317,3
30,48645,20,400.93,7930.96,20596,93,219,11
56,24784,8,83.68,913.44,674,34,326,2
27,21752,14,144.24,1400.13,5128,93,267,12
38,41128,20,261.59,4601.43,13054,104,209,11
43,56257,12,344.36,4214.69,11747,58,279,4
62,37137,23,144.74,3576.17,9511,198,121,22
61,62361,24,502.89,13282.85,33897,173,112,16
26,43588,11,205.83,2288.78,7852,59,216,9
43,30942,16,191.61,2819.33,9053,158,261,16
43,29092,12,196.18,2900.72,6144,101,196,13
42,47891,20,404.74,6996.15,14389,127,166,14
54,41692,7,218.9,2154.73,3457,70,314,3
43,30347,14,159.45,1250.06,1115,130,235,14
49,32748,16,186.29,2718.96,5851,145,147,17
18,31103,7,119.08,657.4,2582,5,295,2
40,50338,9,257.4,3646.12,8127,5,241,2
49,27870,16,148.7,1676.83,4043,172,206,18
44,46368,19,280.28,5797.03,14472,102,249,8
22,42524,16,213.26,3345.97,8841,133,192,16
54,65826,19,506.78,10031.17,28029,159,199,13
27,32802,18,133.28,2374.2,5234,121,195,13
30,30814,25,122.89,3794.41,9080,174,127,20
18,28467,6,138.65,1168.69,5486,14,249,1
28,40645,21,236.8,6661.71,18279,189,89,19
32,43002,26,227.67,5717.23,14681,241,70,24
33,35173,14,145.2,1310.2,4668,119,178,15
54,62721,22,396.22,8750.44,21110,122,116,13
44,33333,21,133.32,3358.0,9602,188,82,18
39,25498,17,88.51,1802.43,5313,109,149,14
52,47433,19,280.29,5529.0,14866,102,149,7
40,69366,26,599.94,16060.16,39697,204,81,20
27,36456,17,209.27,2818.47,5857,150,113,14
51,34731,19,169.29,3223.96,8310,167,199,18
46,42212,12,148.47,1144.72,1807,145,214,11
47,46509,19,284.5,6538.8,15310,68,190,9
31,32555,19,155.98,2089.71,7166,157,221,19
40,41717,12,210.51,2571.5,6648,88,209,4
25,40369,20,213.78,4121.56,12530,143,150,14
36,34319,15,121.45,2024.76,4294,136,210,11
44,84354,24,559.21,13731.96,32362,156,74,17
31,29929,13,111.75,1412.1,5734,97,222,9
56,30443,22,121.18,3377.43,10484,188,171,19
51,78298,28,588.93,15889.51,42148,165,110,18
38,62213,33,518.11,16554.27,41344,228,1,22
41,48431,13,332.4,4699.44,12778,63,256,6
45,49725,9,278.12,2972.05,5695,85,224,7
24,50981,19,225.57,4683.99,12440,165,166,14
26,22172,25,83.29,1533.21,4055,238,147,24
46,54526,14,367.21,5200.25,13550,78,264,5
49,53907,21,328.03,6698.08,15619,94,183,10
29,25208,7,84.01,1511.98,4545,53,229,3
36,45194,19,253.73,4865.32,12236,144,170,19
56,80452,25,559.58,13438.55,36622,168,170,16
40,53632,13,336.7,5089.77,12464,53,209,5
26,62681,27,407.84,10918.21,27896,227,94,22
25,49795,17,308.13,4768.25,14581,98,206,8
39,40912,18,236.94,3821.73,8474,120,99,13
54,65556,25,606.06,15611.52,40315,152,132,15
36,41605,16,291.84,4791.47,11017,127,190,12
35,72378,29,609.04,18434.07,45915,226,48,21
59,60655,25,409.14,10853.07,27200,230,141,18
54,30783,17,190.77,4315.04,11959,154,234,18
21,30627,11,208.81,3156.17,7686,60,191,10
54,38174,11,266.91,2423.72,5304,77,216,6
27,37368,18,159.53,3534.33,8618,132,183,15
42,70798,15,513.79,7641.28,20961,114,260,10
37,18000,23,86.18,1166.15,5247,144,124,20
46,29915,8,49.01,536.0,0,70,239,7
40,56938,18,327.79,6008.46,14500,133,120,9
28,31928,12,144.13,1450.22,4025,51,229,4
45,55470,22,373.66,8408.5,22854,95,196,7
43,33122,22,61.99,2208.47,7458,219,117,21
45,25200,7,127.67,544.18,2687,65,282,2
31,34666,13,62.02,1644.95,5434,52,240,8
19,28513,21,140.82,3268.12,9564,126,218,14
31,35353,17,186.76,2909.0,7297,155,227,18
51,68126,21,535.33,10050.31,25002,142,153,13
25,34625,17,160.97,3056.11,6997,82,184,12
51,90464,20,618.13,12844.42,32228,125,189,14
34,35614,19,167.1,3912.33,10523,236,193,22
19,47885,19,255.05,4241.65,9111,175,208,16
26,34903,11,141.92,1635.95,5187,106,328,9
39,36663,15,101.43,3232.51,8787,92,241,10
32,26023,13,118.54,1166.02,1853,158,261,13
38,59557,23,495.04,10739.22,25987,133,63,13
53,77539,26,571.58,15339.13,39259,165,52,19
21,52950,19,431.0,8293.68,21547,117,184,12
31,29116,9,169.77,3027.32,9304,73,266,7
46,42589,12,265.89,3188.08,8076,85,278,6
24,26750,20,95.68,774.63,1357,177,181,18
54,38270,10,257.07,939.78,1672,107,257,6
29,60475,18,418.87,7502.99,18833,78,179,8
22,18000,15,87.41,276.65,1619,160,208,15
47,52967,20,295.77,5563.98,14227,64,151,5
42,75370,26,546.55,14232.46,36593,211,134,17
50,35810,13,185.7,2125.45,5728,63,225,6
41,57098,17,357.73,6352.88,16469,76,204,8
49,42829,17,203.39,3674.27,9184,185,233,17
31,19394,15,126.91,2122.92,4016,88,279,13
50,61312,14,454.49,6710.45,16753,85,288,7
32,36556,19,222.46,3357.87,8618,168,175,16
42,27983,14,104.44,1747.58,5621,103,190,11
37,23176,18,30.39,50.0,0,145,187,16
30,36248,14,178.71,2177.14,6637,114,262,12
19,40220,25,248.58,6206.97,18115,242,127,22
53,91876,29,682.83,20675.85,52957,227,84,21
32,21856,22,103.05,2642.22,8500,148,209,15
40,63689,25,520.82,13997.43,36256,203,73,20
49,46288,10,244.98,2217.93,6015,55,308,4
63,35827,16,180.15,2531.16,6605,111,231,13
46,26314,18,154.37,3377.25,5019,164,219,14
31,45078,16,221.0,3067.03,8982,134,167,14
27,42528,20,229.94,4397.93,10997,186,182,19
22,24793,11,149.22,1606.18,6417,44,255,9
32,60470,18,407.71,6937.74,16577,91,183,7
39,62877,14,354.07,5099.35,15287,67,218,6
43,33139,14,191.73,2561.98,7654,105,177,7
26,43538,14,236.2,3137.72,7158,111,205,13
30,37388,15,254.56,2993.78,9843,83,200,7
39,42947,18,271.37,5590.16,14788,129,166,8
60,29946,11,132.85,1603.96,3629,70,248,9
21,36666,18,269.13,4463.86,12445,169,247,15
37,58061,23,458.47,10119.04,24923,148,181,10
42,64414,16,526.66,8627.55,21820,141,220,13
45,51027,21,296.96,6416.32,15309,104,107,8
44,32841,20,195.49,3629.89,9332,37,130,6
41,74895,24,619.72,14386.1,35867,195,103,17
47,18902,23,84.19,947.0,5195,221,138,21
46,59295,27,420.63,11403.03,29498,177,25,18
22,41013,14,195.98,2051.4,6661,86,266,9
51,28938,5,103.22,69.23,431,5,331,2
29,26874,21,151.33,2840.3,7420,164,128,18
66,78006,24,642.12,15633.02,40272,145,142,16
36,30264,15,105.84,2715.52,6363,116,288,8
43,53134,10,274.12,2903.39,8286,14,248,3
28,27984,19,96.28,1711.54,3189,158,178,17
27,45007,9,198.06,2658.71,8598,12,245,0
40,74431,25,562.16,13903.8,36259,165,101,18
44,25192,8,85.25,50.0,2987,30,294,3
35,55036,28,429.42,11131.26,29015,177,98,19
19,55431,21,268.0,6047.64,15712,162,135,18
27,42326,10,217.76,2312.03,6266,60,254,8
50,37466,17,243.62,3173.32,8078,125,192,10
42,98629,27,733.72,20702.66,51641,213,60,21
26,28918,16,154.57,1992.5,5978,114,165,12
44,61542,19,432.42,8288.3,22757,207,149,18
47,83326,28,581.73,15259.04,37236,181,86,18
25,41059,23,198.67,4420.61,13004,96,140,10
24,41890,21,214.77,5056.7,14960,213,199,21
47,104235,14,719.83,9938.28,27462,108,183,10
45,89292,29,625.24,17273.4,45476,231,68,21
52,53174,17,315.91,4863.81,11720,84,237,7
41,44016,16,190.58,3237.16,8538,160,189,14
18,32461,19,158.18,3441.9,7274,171,221,17
46,47341,11,165.47,1346.45,3694,93,258,5
57,49515,18,431.54,8594.42,21682,130,195,12
59,46169,18,303.16,6179.66,14995,74,191,6
64,20627,6,75.93,964.69,2477,12,297,0
31,80188,27,552.53,15260.97,40541,152,84,18
37,69736,25,518.5,13000.18,34540,157,88,19
50,27828,7,69.02,374.35,1456,34,265,1
24,24225,12,64.25,50.0,0,72,228,10
32,49795,14,335.6,3964.76,9070,57,252,7
28,18000,21,53.83,725.75,2107,174,180,19
41,20164,19,82.69,2026.67,3444,141,133,16
44,65098,22,522.59,10869.92,29523,164,127,14
22,43901,18,282.06,5052.37,11753,135,170,16
43,62178,22,352.18,7124.12,18710,62,160,9
46,26450,18,81.18,104.39,1485,146,177,14
50,73564,21,422.23,9619.16,25057,131,96,10
47,45981,10,199.64,1718.17,3580,53,203,5
42,43124,8,194.95,2226.57,5721,64,212,6
38,45772,19,314.74,5783.43,15343,114,137,9
21,23692,9,105.02,886.78,1579,80,230,6
26,38046,18,173.53,4315.22,8484,125,196,14
25,29548,14,125.73,1030.55,3820,120,182,11
27,29943,11,150.27,2304.54,4451,51,296,10
46,36078,12,108.16,348.98,536,60,196,7
33,21411,16,101.85,961.94,2209,142,218,15
47,100200,27,726.11,19961.66,51738,190,122,21
31,34141,13,202.19,3951.61,10312,127,274,13
44,32616,21,175.83,4023.94,8019,187,183,19
48,40569,20,195.57,5030.94,13494,138,125,14
37,76363,25,592.83,14771.09,38315,178,79,17
46,60704,13,428.86,6413.1,16390,48,258,6
32,33143,17,217.97,4297.85,12124,133,162,15
66,66933,20,480.6,10338.33,25776,155,134,14
32,21392,6,79.34,1326.53,5174,41,256,4
43,36543,19,211.86,3427.65,9327,63,202,5
31,41568,8,190.77,1792.84,6191,29,295,6
42,40231,15,155.11,3861.88,8796,103,288,14
29,18000,3,140.3,394.95,292,60,282,6
39,61473,18,437.15,7547.95,21770,110,223,13
44,62616,23,559.14,12546.0,32346,167,94,15
35,26387,21,166.84,3674.53,12193,181,134,19
28,34135,20,139.34,3058.43,6669,168,204,13
43,34571,16,239.11,3619.29,8242,100,190,11
32,58403,20,324.03,6988.72,18448,77,206,7
43,22760,19,49.51,947.3,5080,141,172,15
42,62660,24,497.15,11153.52,28699,116,51,15
51,22773,2,115.82,75.48,468,5,343,2
38,48730,14,416.85,5413.35,14518,82,175,10
44,28840,19,56.93,1709.6,4851,149,200,14
39,79028,22,604.59,14105.0,35466,166,134,17
54,24362,14,58.89,890.09,341,131,252,13
27,38464,21,190.2,3782.17,9958,137,152,15
35,50895,16,358.4,6272.17,16958,58,225,3
44,60101,16,360.55,6197.11,17040,100,241,8
32,26833,16,223.07,4085.23,9771,105,189,10
24,68506,24,614.22,14996.18,37702,167,143,17
30,112541,25,759.5,19068.67,48083,200,103,19
47,30285,12,80.02,1466.17,4685,101,223,11
29,28488,18,173.34,2720.55,6319,109,193,16
36,28837,12,132.06,1614.51,4599,122,256,10
21,26111,15,83.62,549.51,0,99,205,12
32,43342,17,357.82,5393.04,13050,97,156,9
24,37460,19,227.3,4743.23,12144,151,152,16
53,68706,17,538.85,9791.9,23090,110,216,16
59,27851,22,147.96,2546.5,7226,174,133,18
37,83591,26,638.03,15816.54,40399,132,94,15
19,19186,20,84.39,1980.29,5641,196,177,20
48,31073,16,212.26,3610.89,9099,123,195,7
21,30647,20,189.72,4291.4,13133,182,204,18
41,88898,27,655.08,18263.52,46748,198,116,19
39,54676,15,423.81,6665.62,17627,102,139,9
41,56540,18,335.33,5377.9,13992,89,284,8
35,51386,22,436.76,9132.13,22990,160,194,17
43,61788,19,476.55,9062.42,23330,156,193,16
28,24506,19,80.9,1729.69,4992,167,245,15
32,39820,6,146.41,167.84,463,71,311,4
48,28144,18,108.54,2599.18,7660,152,219,15
36,55612,24,352.83,7191.72,17756,175,76,14
32,34708,18,109.27,1773.27,5327,154,165,16
38,31606,20,112.84,2081.95,6595,156,163,17
51,69906,20,543.26,11420.72,29553,108,109,17
34,35870,17,143.51,2616.75,7085,145,211,15
43,78767,20,594.84,10886.07,29311,152,145,13
41,45633,19,395.18,7763.25,19706,138,211,11
47,33657,12,138.86,1342.05,4074,60,246,6
44,32590,13,188.24,1970.87,3394,108,284,9
39,56150,22,358.98,7379.09,19357,39,134,10
35,27303,20,172.76,3788.37,11621,156,183,18
29,38403,15,171.19,1720.55,5438,141,249,13
43,29397,7,129.91,747.45,3441,109,309,8
32,46425,17,331.48,4590.89,11381,132,182,11
40,72606,25,540.83,13193.08,31950,162,76,16
18,41801,21,191.83,4169.89,9579,224,79,21
39,29757,11,197.69,794.99,1930,85,246,6
52,50841,12,447.02,5903.33,15044,104,306,9
56,101560,21,720.44,15455.5,40707,161,158,16
26,39491,27,215.96,5787.13,15645,192,112,20
39,81281,22,581.19,12993.11,32267,154,144,13
51,83079,32,697.81,22867.21,58161,223,38,22
37,35501,16,224.45,4269.85,12650,86,167,6
49,64903,27,424.23,11751.74,31312,106,105,10
20,26485,13,161.57,1858.75,4321,91,218,10
39,25326,22,64.87,1015.62,233,196,103,18
47,36928,6,201.56,2079.82,5458,7,331,2
34,73726,13,470.14,7150.35,17373,100,237,9
52,55375,20,360.98,7010.02,18505,67,168,5
32,56746,18,368.21,5998.13,14079,141,194,9
35,29891,17,125.95,1417.82,2686,155,209,15
32,26989,21,151.49,3504.6,8495,199,133,18
46,46199,7,236.02,2034.73,5309,26,346,3
54,38723,10,207.56,2668.56,6425,89,251,8
32,33309,9,97.63,82.72,0,33,239,4
28,20487,15,107.85,2104.7,4290,111,205,12
32,46648,16,286.73,4350.96,11232,83,228,9
23,36772,8,108.82,1939.55,5874,46,242,4
30,43466,19,123.39,2195.26,5078,202,192,19
36,33395,8,155.33,1014.57,3380,50,343,4
54,48582,14,433.18,6424.56,16651,93,201,10
34,41387,20,170.03,3551.8,9279,114,96,17
43,51892,15,326.53,4764.95,13223,55,179,5
31,21549,19,112.2,2618.68,6441,160,103,17
24,43185,21,406.18,8651.3,20925,126,171,15
49,36141,16,99.47,336.8,1533,158,238,15
51,21075,22,86.39,1410.86,2932,168,114,20
47,30235,7,199.41,50.0,251,65,363,6
23,38150,14,217.1,2492.81,8465,98,192,10
43,68734,25,507.98,13108.41,31623,180,115,17
27,33663,13,184.16,2386.29,6862,67,227,8
27,35439,6,136.96,1073.97,1593,26,312,1
44,52328,24,436.91,10828.94,26523,192,146,19
38,67908,21,541.59,12355.32,32225,203,116,16
51,27395,6,99.38,1732.06,3657,39,285,2
25,35130,18,131.19,1835.97,5140,144,169,14
43,64646,25,471.43,10592.9,27745,95,105,13
20,40135,20,202.07,3955.51,11107,170,194,17
33,41392,7,225.63,1672.7,3513,52,222,5
45,56202,18,434.69,7609.26,19152,148,155,14
35,36710,11,142.99,921.51,1547,62,298,5
51,59689,21,340.29,7861.38,18435,149,122,11
31,41932,15,138.47,2381.08,7193,157,285,14
27,31527,16,199.9,3882.75,10700,123,189,13
20,31788,17,74.78,1481.25,4723,190,165,18
35,47867,12,231.52,3653.7,7695,70,305,8
35,48465,22,252.84,6318.6,16568,156,132,15
36,41251,8,262.91,2661.41,7397,45,290,3
43,18000,16,30.0,50.0,5,119,210,13
37,52087,21,433.84,7922.81,21371,178,178,15
34,36139,23,229.44,5456.61,15590,147,103,12
30,46904,19,253.69,4427.16,11086,122,146,13
56,42533,11,318.57,2180.89,6219,17,283,6
32,38521,15,147.55,1987.85,4860,120,224,11
31,70095,22,566.59,11995.51,32965,190,175,19
43,51985,17,389.52,6671.7,14607,127,271,14
32,47201,18,285.75,5337.51,15978,109,162,9
45,28469,18,64.85,685.03,4021,153,149,18
47,28613,16,160.01,3685.02,9766,173,176,17
40,88702,18,642.98,12127.49,29918,94,166,9
61,31125,25,104.79,2132.2,5049,184,132,19
37,38145,20,221.26,3974.71,10327,65,162,7
60,50293,18,363.2,6435.69,14877,109,168,12
47,36003,10,144.1,1131.64,3334,72,232,7
53,73274,31,629.63,19580.02,48686,275,42,22
29,27890,11,114.47,153.86,0,103,260,9
38,43381,9,191.48,2426.71,6602,60,337,4
35,45673,17,260.67,4736.65,11863,171,174,19
51,42369,17,281.86,5400.6,16601,75,170,8
18,37358,9,249.78,1711.66,4098,30,317,5
22,23206,11,105.76,1176.52,3714,117,269,11
18,28840,12,78.78,50.0,0,78,200,7
47,35680,6,183.08,2083.93,3918,67,298,6
19,45799,24,164.38,3385.65,8397,227,154,18
36,74198,13,418.38,5157.22,12219,82,179,6
49,54267,15,281.15,3694.48,11065,87,325,8
46,79637,20,619.53,12444.56,31396,138,194,15
40,44516,17,311.79,5245.84,14866,44,199,5
27,35195,15,120.78,1402.16,3342,132,201,14
55,44005,9,274.39,1611.35,4362,50,247,7
33,21580,14,115.43,3430.96,8640,150,223,14
46,76147,25,550.01,12774.62,34728,183,181,18
50,38574,13,204.78,2858.03,10062,97,246,8
52,64589,22,532.43,10535.78,27587,153,150,17
21,32794,13,138.59,2226.24,5413,170,238,15
34,33888,10,132.49,1750.07,3385,64,251,7
61,31259,17,123.2,1723.45,3407,143,208,13
36,74339,23,500.12,11981.22,29152,109,159,15
23,38499,13,115.74,1986.11,4303,71,259,12
51,49959,20,286.77,5021.09,13564,98,217,9
46,30559,13,140.44,1974.0,4297,131,226,14
24,26459,21,136.97,2521.72,6702,150,153,17
40,37238,19,172.34,3517.53,9692,148,169,16
58,24513,17,106.49,2298.73,7431,127,165,17
34,44857,17,226.8,3706.95,12308,110,201,13
21,32854,3,80.47,50.0,0,31,342,2
44,33765,23,144.2,3378.92,7619,231,68,22
46,33446,9,171.36,1735.29,4149,53,241,7
43,18000,7,104.13,1056.92,1455,27,273,4
30,28879,3,177.53,539.76,1133,59,364,4
49,31459,10,148.31,1552.61,4407,55,202,5
29,40145,19,194.05,3568.49,10436,161,215,18
45,37108,16,120.52,2570.14,7221,162,198,15
30,67388,22,523.07,12458.54,31498,140,114,15
33,39612,19,205.11,4095.94,11028,159,155,20
36,53868,20,294.35,6767.94,18565,118,162,10
57,59648,20,474.52,9165.51,21866,111,201,11
31,36218,20,240.22,4368.74,10601,170,203,18
40,60695,18,423.38,7913.89,20208,98,153,9
49,54674,16,353.17,6662.93,17590,43,201,8
27,55640,19,344.13,6760.66,18289,121,160,11
49,52503,27,345.64,9372.84,22172,131,115,11
39,53661,14,304.53,3920.13,11537,10,234,3
30,33902,13,176.92,2384.76,6405,101,335,12
47,51130,15,264.83,3749.16,8922,88,239,7
29,39125,15,260.17,4015.17,10975,106,202,10
32,24740,14,131.35,3469.96,8158,127,188,12
40,29532,21,138.13,3418.02,10032,182,163,19
23,18459,12,123.74,1311.39,4441,44,218,0
31,24226,14,127.89,2434.98,5045,137,204,12
52,18643,9,35.36,817.74,2834,65,246,5
40,43708,13,224.5,2401.94,6233,69,240,6
47,81173,24,568.1,14091.24,37575,142,110,14
55,30487,20,305.38,5871.7,17228,105,125,14
48,42972,12,158.35,1384.37,4750,71,208,6
52,31500,12,203.31,3312.98,10625,59,245,5
51,27469,10,61.08,381.96,1117,5,276,2
46,37774,17,210.92,3903.55,8964,93,182,10
18,34815,20,251.3,5628.72,14946,149,129,19
35,31908,14,214.66,3461.57,7514,118,198,13
43,33623,19,154.33,4099.14,9086,184,198,17
32,44320,8,194.45,1132.64,2834,5,241,3
28,37882,9,182.93,752.84,1831,37,268,4
39,52288,6,253.75,1474.52,2220,18,306,6
45,43122,18,177.43,3824.38,8923,158,205,18
39,30586,27,120.42,3545.66,9789,288,82,25
22,18157,12,36.28,50.0,0,77,241,7
50,76070,17,569.0,9526.48,24126,164,166,16
32,45479,29,249.09,6028.47,14551,128,116,12
56,59920,23,393.85,9513.33,23048,101,128,11
26,28526,17,122.39,2024.76,4539,149,216,13
45,44706,15,187.6,3055.05,8288,90,253,7
27,55001,24,319.35,7671.68,19601,143,100,9
22,32852,21,191.16,5375.68,13930,170,172,18
53,25390,20,64.05,2664.2,7566,189,154,16
56,39525,20,165.92,4242.59,10653,205,225,23
42,77185,20,552.3,12351.17,32371,147,89,16
35,34399,9,205.17,2307.25,7923,10,300,5
45,46273,16,195.02,4309.46,10407,94,227,13
60,30017,16,173.0,3044.83,6905,178,271,13
35,28141,9,111.12,1335.17,3920,59,305,3
50,22925,14,125.17,813.63,2109,138,241,12
34,51960,16,334.66,6155.53,16418,63,153,5
33,36283,20,275.29,6358.04,17255,105,217,9
29,31447,17,195.18,2703.47,6641,143,181,15
36,40255,2,199.29,614.98,1438,5,371,0
46,18425,28,73.34,1983.37,5141,274,44,28
39,61017,17,407.53,7915.16,20847,67,218,8
53,38099,19,176.68,3930.68,11598,158,203,16
59,55219,23,344.82,7371.15,18413,136,154,14
31,62461,23,378.99,9035.69,22914,94,183,9
44,46967,16,423.36,6409.06,15666,109,245,11
25,26141,17,144.78,2134.57,2883,127,198,12
29,36156,18,208.18,3878.47,9473,143,176,16
45,63907,22,503.17,11325.93,29591,142,154,16
18,27868,12,151.0,1919.18,6167,87,253,9
31,32757,14,92.09,910.36,1209,141,299,17
44,40182,13,179.06,1936.56,5236,114,188,10
42,56030,16,455.61,7882.9,20381,56,170,8
32,43372,20,108.7,2222.25,6217,165,106,17
26,29378,21,139.32,2817.91,6491,148,212,15
34,30743,20,91.23,1792.56,5657,112,140,17
48,32375,9,130.57,2187.07,6962,7,326,2
39,23962,20,135.63,2573.31,5550,144,148,15
54,52987,14,386.31,4961.79,12885,48,241,5
44,76647,22,607.96,14076.94,35227,170,154,15
29,44630,16,165.4,2624.23,7809,79,237,11
57,29668,11,116.84,1642.63,4493,42,230,8
50,56642,4,325.9,1082.15,5450,35,352,3
35,18010,17,30.0,50.0,2195,201,146,18
32,44604,20,212.82,4020.27,9739,73,163,8
47,64728,18,422.92,7352.01,17474,131,178,9
22,29510,20,108.94,2306.97,5855,160,153,17
21,19534,16,114.06,1511.75,3832,159,226,16
18,33489,13,143.0,1704.55,5646,80,300,7
53,23401,15,168.39,2695.82,8212,96,238,11
34,54884,22,474.38,10588.32,28082,163,165,13
35,49431,16,278.61,4293.85,10468,123,212,8
20,33781,9,130.01,813.02,1705,123,286,10
31,35312,15,122.34,2742.71,7171,163,160,14
25,27067,16,126.35,2575.39,7728,102,180,12
40,28776,16,146.14,1807.93,5003,107,190,13
36,56051,21,327.67,4969.9,12683,76,221,8
53,29578,7,130.76,799.52,2242,74,320,6
33,51749,22,318.73,5928.73,15501,97,91,8
30,23332,15,172.01,3106.49,10488,115,232,9
33,36205,7,197.13,607.2,2223,87,333,8
33,34363,20,168.86,2562.32,7087,144,152,18
41,36769,6,159.68,430.53,1028,18,249,3
54,29324,18,135.32,1928.83,5267,160,127,18
35,74550,22,545.63,11122.55,28890,89,143,13
48,74931,27,611.81,15714.46,38239,179,124,19
33,44812,19,174.25,4308.39,11348,126,173,16
61,72066,29,448.28,12822.58,33302,115,105,10
32,68944,14,570.3,8566.78,19401,140,230,10
31,40587,23,257.12,5645.69,17153,99,99,10
24,24422,21,119.89,2299.54,4073,218,129,20
18,53532,14,239.5,3677.49,7438,116,272,13
52,68257,29,560.71,16012.62,39361,210,110,19
38,34177,7,193.31,1127.29,2500,74,347,5
32,64585,23,394.56,9595.13,25027,126,132,10
44,32021,8,163.96,2073.19,6669,30,292,4
52,45861,16,202.02,3124.73,8104,71,216,11
18,30592,20,125.17,2979.93,7410,123,144,16
45,42771,7,203.41,831.32,999,41,269,4
39,68652,15,532.68,8117.61,21583,84,169,9
43,52888,13,315.87,2537.98,7625,36,219,4
30,23949,12,30.0,50.0,1457,144,262,12
33,36518,14,143.49,1910.16,4878,121,221,13
45,39698,20,187.24,3552.62,11712,117,179,10
37,40380,18,137.31,2119.79,2646,204,189,20
23,27694,14,146.07,2599.8,7942,132,272,11
23,42392,15,237.94,3585.42,12023,142,120,13
71,44501,21,308.91,5857.28,14270,156,56,13
50,77011,20,613.94,12139.44,29512,147,107,13
40,42083,17,225.62,3629.1,9125,165,170,14
25,22170,9,136.45,1045.25,4591,75,244,8
51,58045,22,445.55,10296.68,26468,112,155,14
49,45209,23,403.82,9772.65,25410,165,102,16
46,42476,20,173.88,2422.46,7106,148,165,16
47,60089,15,336.15,5637.78,16314,34,200,2
61,57751,20,358.94,6576.57,18915,100,164,11
46,59045,13,345.28,5071.26,13200,58,261,4
20,45062,19,299.28,6540.47,17508,90,205,9
41,29870,14,186.08,3033.2,5874,63,207,6
50,38242,14,234.98,2456.16,6333,53,217,5
24,40330,3,172.89,452.21,0,27,332,4
56,55633,9,476.39,3786.82,8503,77,317,8
57,42273,7,198.93,1789.8,7951,29,287,1
34,27544,8,137.91,398.38,1713,30,273,4
29,38233,16,173.55,2822.71,7564,62,164,8
23,41208,18,228.06,4461.89,11213,165,188,18
47,81121,24,615.2,15944.51,40236,180,117,18
45,44564,8,207.42,2406.49,7136,69,292,1
48,62214,23,412.15,9557.86,23619,123,130,11
44,34261,16,212.11,3699.29,9994,88,183,10
44,35059,25,156.26,3064.25,8631,226,138,21
30,38717,18,150.74,3313.53,8410,187,159,15
38,28789,7,121.31,1398.35,3489,35,283,5
36,32783,10,190.58,2938.12,7362,40,237,3
27,25335,9,101.49,395.82,2853,35,295,4
53,37994,19,193.3,3556.41,8909,129,217,15
25,32284,19,112.4,2017.22,4276,182,145,16
52,32750,23,191.64,4129.44,10677,182,115,21
30,81269,17,608.87,8987.04,22739,133,204,14
25,22875,11,59.3,50.0,124,95,235,8
44,28086,19,333.99,6474.53,17353,150,167,17
45,54872,24,430.15,10265.99,28851,192,93,16
35,44112,13,195.73,2482.9,6408,50,241,9
18,41338,20,186.46,3721.47,9586,174,142,18
28,31008,17,178.1,1730.61,5727,142,176,15
41,36615,13,148.84,1404.81,4626,15,206,6
41,41616,14,301.26,4262.49,10921,50,229,6
20,28908,20,104.23,1880.37,3321,187,162,19
43,47686,15,344.6,5861.22,18438,117,179,8
42,28314,11,50.42,444.92,366,112,230,10
55,40304,17,152.95,3365.97,7952,179,239,20
24,28056,16,129.68,1964.44,5006,158,252,16
28,31723,4,182.5,539.2,860,25,351,0
35,26511,9,131.11,1165.32,1892,64,278,4
41,32360,17,199.46,4317.29,13769,104,223,8
19,20102,9,80.57,595.23,3714,38,233,4
50,59834,29,540.26,15243.14,39939,234,110,22
41,90403,24,586.81,14543.96,38854,185,141,19
30,34075,21,217.86,5002.74,13367,174,190,17
41,64385,24,440.96,10902.87,28122,157,99,14
51,50936,20,319.5,7511.93,19372,75,173,7
56,29745,18,168.55,2509.93,6853,169,132,18
46,42657,15,284.68,4201.56,10906,106,247,7
59,55424,24,327.8,7888.1,21639,99,104,9
48,69904,21,515.27,11260.82,29183,133,158,12
58,43638,14,176.59,2234.45,7218,122,192,13
45,36480,6,148.96,2105.78,6071,52,281,4
45,88527,15,654.71,10299.18,26688,95,188,12
48,35959,14,138.34,283.87,232,166,226,13
37,79142,34,579.32,19813.09,47457,229,13,19
28,35601,20,173.3,3788.4,8889,164,161,16
28,46859,14,257.79,3703.61,8630,125,164,15
47,71301,18,618.46,11274.2,26667,109,183,14
40,47571,20,280.45,5810.63,15282,259,162,22
42,54610,23,384.73,8597.48,20903,98,129,9
27,42128,12,221.09,2659.59,6948,86,268,11
29,27434,16,149.72,1210.19,4988,180,191,15
37,46036,12,297.67,3290.95,7233,44,257,5
49,29610,24,135.96,3189.4,9941,217,113,25
40,74520,24,587.14,13582.73,35571,184,177,19
34,81159,28,605.94,17159.54,45109,249,85,25
18,41217,7,111.38,1077.62,1446,73,202,5
49,53944,15,360.12,4995.03,13376,61,205,5
33,28503,7,87.34,330.06,1577,45,301,3
18,34749,16,174.8,3369.06,8141,156,242,15
58,41945,21,269.23,5285.98,13911,62,167,9
50,41534,8,269.24,2180.61,5975,39,275,3
41,46169,21,399.09,8740.04,25806,156,164,13
34,49948,16,307.44,5670.45,13405,85,195,7
44,47679,23,327.78,8471.71,20178,122,131,9
38,70763,26,547.82,14738.99,37793,172,89,19
30,36272,9,178.53,2091.41,3842,38,271,3
41,37793,17,245.71,4732.01,12242,101,177,7
51,48168,14,237.29,3456.14,7952,187,218,18
24,18000,14,96.24,1120.44,2955,120,196,11
38,21739,11,90.84,1118.36,1722,111,201,13
38,59604,25,382.83,9903.52,25551,103,79,10
25,37549,10,196.99,2309.68,4394,65,281,13
54,43885,15,142.24,1592.65,4472,128,262,13
37,53660,12,372.17,4451.86,10664,86,274,8
33,63368,15,533.12,7902.68,21780,96,182,11
30,39460,16,249.28,3902.57,11851,88,232,8
25,38682,17,268.43,4563.2,11672,110,185,12
41,48835,4,220.98,50.0,376,11,326,2
25,37729,14,208.52,2937.38,5727,114,256,10
62,47198,11,191.1,2451.01,4180,49,274,8
41,71240,24,570.81,13510.06,32817,175,118,16
55,52883,21,315.38,5666.1,14667,91,164,8
40,76919,16,607.91,8747.96,21794,118,208,9
38,35363,9,181.53,1673.04,3642,30,263,1
30,51460,8,262.59,1354.99,5866,62,291,4
37,49215,24,251.29,5870.8,14108,125,137,9
32,21825,16,79.46,930.47,4091,120,170,12
25,37230,18,154.7,3065.64,9701,150,140,16
27,39318,20,203.98,4581.18,12413,130,135,15
59,65135,29,457.05,13127.71,32793,168,67,21
55,54528,18,276.34,4758.14,10504,69,186,5
43,54935,16,479.43,7480.36,18693,116,170,10
44,33185,13,85.96,1529.97,3567,103,263,14
37,44611,21,326.77,6602.63,18976,87,131,10
42,27540,18,117.24,861.2,3636,168,160,16
47,80384,28,598.57,17333.28,45326,238,121,24
50,78025,27,585.38,15682.88,42146,208,44,22
44,57769,13,368.61,4540.24,11646,23,248,6
20,26648,18,73.6,1556.78,4896,153,176,16
45,38540,17,111.47,1517.41,5543,211,182,16
35,23048,19,53.37,1634.92,6155,125,183,16
35,33727,20,173.85,4286.52,10134,132,182,18
32,35682,16,146.69,2049.87,2175,167,180,15
59,49006,14,356.41,5744.19,14126,118,241,9
38,35376,19,218.93,3658.55,9243,74,124,7
31,108475,31,827.69,26261.55,66897,231,72,21
55,38397,5,144.16,599.16,3847,12,289,2
58,84196,23,601.12,14388.49,36628,145,160,14
34,20667,17,62.67,589.31,2276,154,186,14
48,31622,8,82.52,50.0,669,21,346,0
30,29956,9,111.57,1261.54,4149,37,336,9
35,33736,15,186.29,2808.63,10640,176,227,16
33,74912,24,573.87,13967.95,35847,130,127,14
61,25737,7,122.73,1673.36,2354,52,337,5
55,24411,15,102.85,1276.57,2306,180,170,15
60,42750,4,196.3,632.65,2664,63,358,5
46,29974,13,138.78,2463.29,5927,72,213,6
25,25226,15,30.0,635.46,2299,122,235,14
32,50830,17,330.22,4983.95,13390,115,245,9
30,36084,23,171.0,4136.43,9831,158,157,24
35,25269,19,179.43,3969.91,9588,134,166,14
52,38595,11,201.39,2371.74,7817,60,208,7
39,25420,9,34.19,50.0,479,57,294,7
46,26855,21,100.07,2360.22,5982,233,139,24
32,66386,22,378.49,8339.71,22633,86,188,9
28,40184,21,224.37,4347.85,11535,141,223,18
32,35760,6,140.5,263.42,2526,5,313,0
32,25113,19,165.59,3143.49,7733,151,119,18
24,45175,19,331.0,6721.55,18950,126,151,9
51,60011,23,340.6,7665.81,19636,169,106,14
32,40388,17,167.33,3266.84,7540,178,207,15
37,27344,7,98.35,168.29,759,19,296,2
27,43313,15,253.26,2718.82,7871,170,187,14
44,34974,21,123.2,2505.01,5789,164,183,20
41,48236,16,346.63,5217.97,14013,85,202,8
31,32091,19,175.01,3779.23,11820,153,163,17
32,86654,31,628.8,19951.41,52738,175,89,18
23,32891,19,97.09,2919.78,6821,145,157,15
37,41395,9,200.51,2833.44,7001,45,315,4
46,32268,18,143.38,2903.14,6520,131,133,16
37,33100,20,136.68,2946.8,7858,126,167,16
47,68682,21,557.9,11430.57,29114,173,137,17
49,33858,9,162.85,1471.45,4279,124,267,10
21,21752,16,110.4,1775.18,5893,110,234,12
38,48104,23,295.17,7207.21,18609,86,176,11
32,18000,9,104.88,923.96,1696,61,232,10
46,61129,19,376.19,7330.66,17894,109,148,7
43,48070,15,232.8,2845.75,8611,63,194,7
31,33305,14,163.84,2140.68,3986,189,246,18
45,59249,14,487.66,6865.61,17800,88,256,8
22,35095,11,160.56,1718.09,1576,105,249,10
55,71369,19,438.65,8265.15,20842,71,163,9
51,41740,19,284.91,5409.85,12958,131,141,9
45,51417,13,297.78,3894.2,8142,78,140,6
49,62633,28,524.44,13721.72,32133,196,102,20
27,22695,18,107.95,1922.86,5056,147,115,18
38,71475,25,436.53,10653.41,30643,154,145,17
28,18214,12,85.2,1107.25,1888,92,286,9
56,32385,15,111.63,1962.77,6444,135,210,14
21,27695,14,116.6,2102.74,5683,111,195,10
36,18000,16,63.46,1537.05,5635,165,223,15
41,46668,22,309.99,6629.32,18243,169,98,14
44,67590,30,495.31,14797.24,36768,217,65,24
43,31445,9,165.66,850.68,1190,76,257,6
44,42541,18,156.86,2416.42,5508,187,159,18
55,47869,9,234.77,2334.71,6432,43,333,5
39,33495,19,125.03,2167.78,6585,175,175,16
39,86624,24,572.33,13734.02,36207,159,173,16
35,36667,6,160.57,608.11,2250,25,325,4
48,32106,18,158.68,1996.94,5569,189,126,18
68,34119,24,166.41,4659.91,11195,222,127,22
26,29616,18,163.9,2558.98,7722,133,171,14
32,68159,25,548.63,14292.49,36721,135,132,16
29,42572,16,237.33,3599.21,9681,142,151,16
40,58093,26,361.22,9090.61,25787,144,131,11
22,40690,16,174.76,1880.05,4472,149,215,14
43,28254,15,151.2,2572.36,10165,94,282,7
63,36356,16,175.79,3851.15,9302,110,192,14
23,35437,21,98.76,3125.65,7533,172,167,19
63,35135,12,178.12,2215.46,5334,74,232,5
35,39053,9,187.69,1330.66,2917,16,217,5
45,64702,17,397.56,5832.04,15310,96,162,8
35,22977,16,102.5,3020.2,6433,144,217,14
44,65879,21,595.67,12893.41,32153,90,103,14
42,50450,15,267.25,4067.79,10204,75,234,7
52,37200,17,110.4,1023.56,4149,167,195,17
59,33538,7,231.85,631.1,1452,6,330,2
18,25575,12,156.69,471.55,588,98,232,11
41,50964,23,327.65,6382.12,16189,79,88,9
45,34623,19,192.89,3382.57,8571,150,171,16
47,62924,14,378.85,4884.38,14086,59,185,5
44,37337,12,166.63,1250.67,1592,53,267,7
45,87786,24,617.94,15355.83,38625,192,120,16
44,45501,14,183.23,2472.47,6179,116,197,10
32,28538,7,113.31,137.68,631,21,270,3
33,83312,24,609.58,15485.51,38986,205,58,21
18,34966,18,180.87,4222.86,12764,180,186,20
35,36107,5,201.48,1555.52,3558,32,323,3
57,84557,24,697.62,16983.98,42225,187,214,16
38,50996,12,223.58,3757.85,9840,69,184,7
55,45074,12,292.14,3387.26,8406,79,208,4
29,56988,16,340.68,5644.2,14837,69,198,6
25,23066,19,77.14,1885.77,3608,158,192,18
45,71819,20,520.82,9010.62,23342,142,167,14
45,53943,14,387.29,5888.41,13832,64,238,7
38,114606,28,781.7,22341.04,57065,209,89,21
55,58983,25,481.35,12060.78,29352,187,93,19
46,68175,21,515.4,10358.93,27439,102,173,12
48,61205,24,431.23,10289.55,25854,239,72,23
29,46714,17,234.03,3175.31,9620,54,208,8
61,31023,1,89.44,50.0,0,5,437,1
40,62005,20,392.11,7916.49,21140,145,177,10
48,46001,16,281.04,3934.22,10222,93,235,9
50,50729,17,357.29,5505.66,13843,94,160,7
49,37407,25,213.33,4697.37,13739,226,78,20
32,39624,10,172.23,2007.12,5681,89,253,11
41,55807,21,342.49,7614.2,19650,105,166,10
41,27098,19,117.37,2278.63,6510,203,196,17
40,31230,15,174.76,3190.45,7246,139,207,13
32,43577,23,313.66,7956.91,20852,89,115,10
29,30560,14,169.36,2524.48,5802,83,215,8
34,75490,26,529.29,13814.75,36661,192,97,18
18,52872,16,269.01,3956.14,12180,78,175,7
44,36584,13,162.39,1558.04,5286,79,233,11
57,32379,20,122.83,3067.1,7899,171,193,15
39,63458,26,436.11,12923.64,36412,117,77,11
28,35141,13,224.85,3242.91,9105,87,183,5
52,62961,23,495.81,12057.39,29342,138,184,14
56,46355,13,277.82,3677.92,10206,71,158,7
41,81001,24,566.46,13286.46,32879,151,134,18
20,41848,15,220.68,3224.82,8055,32,241,6
43,83912,22,566.75,13405.86,32918,141,97,14
21,42813,13,214.79,2322.42,5978,55,270,6
30,38943,12,223.24,2634.15,6120,118,232,12
59,81962,22,625.05,14327.27,33732,188,129,19
50,35696,14,164.16,1724.86,3893,157,144,13
24,27190,16,137.85,2242.52,7581,185,227,19
32,57868,15,412.4,6522.2,16859,57,151,7
41,33261,13,120.78,1301.48,1323,25,266,5
33,58083,17,530.62,8124.14,22098,127,217,13
22,41619,17,169.15,2695.71,6066,182,206,17
31,23066,8,138.12,1185.26,2014,70,281,6
54,33749,8,228.63,3162.42,9648,22,341,2
37,59607,21,357.08,8009.52,20836,98,166,8
23,40167,13,196.46,3349.78,6746,99,172,8
30,43203,20,209.35,4886.91,11621,162,171,16
33,36835,19,161.73,2925.23,8059,130,240,14
49,25829,18,83.06,1593.5,3113,207,187,19
62,51419,23,338.1,8281.56,20730,131,209,10
31,57109,20,348.35,7076.95,20332,78,170,10
22,33200,16,180.16,2141.0,6151,121,170,11
39,23550,16,44.07,1115.11,2135,130,165,15
59,41698,11,198.16,2779.5,5966,105,223,7
41,61127,20,349.23,7345.63,16661,83,158,6
33,34239,15,202.34,3104.89,6420,136,229,13
55,47571,9,280.69,2680.23,5729,89,281,7
47,89536,25,740.18,18375.51,46993,152,179,16
50,43518,11,265.41,3059.48,8408,26,284,3
18,31613,8,124.19,1575.81,3930,51,399,4
37,43337,12,185.17,1285.48,2710,105,257,10
38,40959,16,276.86,4120.37,10725,71,213,8
40,58559,19,347.57,6647.47,17932,116,116,7
36,44005,21,326.04,7095.91,17891,138,191,15
36,32345,16,181.31,2921.63,8773,154,162,15
44,49699,14,354.61,3726.7,13166,58,274,4
32,31074,8,140.46,1140.37,2257,5,336,0
28,26215,16,185.05,2902.28,6850,125,220,13
18,44208,16,230.51,4130.98,10705,127,236,12
29,50451,19,294.8,6082.37,15486,65,200,8
37,45597,21,139.83,2888.22,8425,187,146,19
38,64176,20,565.85,10838.73,29449,148,99,13
25,33895,13,168.87,2474.52,7713,117,194,11
54,43297,18,255.2,5321.65,13065,116,152,8
36,45013,25,208.09,4559.56,12760,209,83,25
48,41688,27,205.51,5210.32,10870,187,66,25
29,25919,8,158.48,1338.61,4728,5,254,3
39,31930,7,190.49,701.98,2162,10,197,0
31,36570,15,161.33,1407.11,5397,144,186,14
42,88714,25,663.6,17085.64,45057,206,197,21
18,28891,11,165.85,2020.92,6218,90,274,11
67,42543,8,182.71,742.84,4234,25,278,2
29,52047,8,232.99,2216.37,5549,46,249,5
55,45975,26,407.89,10949.01,27281,96,91,14
39,51193,18,429.45,7666.43,20683,155,167,13
43,88639,32,663.22,21411.99,52711,229,39,23
50,36930,20,152.91,2648.11,5719,151,162,15
25,30414,11,233.86,2322.23,4950,39,251,5
37,71664,24,408.4,9732.68,26548,73,119,8
40,50660,27,369.01,10522.75,25517,157,20,17
35,56514,16,340.18,5944.4,17428,51,250,6
48,47800,4,228.41,50.0,531,18,277,2
46,51179,25,425.25,9755.46,26117,213,131,19
39,23901,25,79.13,1859.56,5562,254,143,24
38,35342,23,105.21,1872.64,4386,198,132,19
49,28912,19,35.72,50.0,1656,237,186,20
29,60458,21,515.04,11113.14,29002,163,136,16
21,18000,16,69.15,1172.6,1203,119,134,14
39,76182,31,552.9,17790.09,44441,205,9,18
47,44898,14,283.41,4745.05,12013,78,244,9
28,43810,6,251.75,1588.15,3813,43,352,4
39,38552,8,188.03,2107.63,4312,27,274,3
53,49158,20,361.55,7368.07,18735,108,167,7
46,25567,14,30.0,441.08,647,141,171,12
47,18000,13,69.4,326.24,913,109,184,12
28,35772,16,159.58,3117.72,8155,138,203,14
47,36239,7,130.46,923.78,3092,78,218,5
37,27316,20,146.69,3587.17,9212,220,159,20
50,48051,26,291.29,7055.32,18939,158,80,10
36,48268,14,268.05,3263.4,9576,58,212,5
49,47841,22,326.29,6889.23,18829,103,110,8
43,28434,20,62.7,1930.97,7310,187,150,17
28,40924,12,166.46,2885.04,6855,81,227,7
45,35705,11,143.47,1172.21,3748,87,307,8
18,33605,9,154.71,2343.35,6688,66,276,3
32,68710,26,505.97,12059.52,31386,213,55,18
51,55898,17,319.35,5262.95,17630,55,170,4
41,70225,14,532.27,7810.78,20654,114,206,10
54,20954,10,68.58,609.61,2326,30,330,3
45,34822,11,135.69,1746.44,4703,5,243,1
40,78726,21,558.3,12128.37,29575,134,158,15
39,32493,4,143.99,50.0,1295,40,312,3
39,58944,22,339.55,6726.04,16333,67,172,8
26,40879,13,215.24,3788.2,10732,80,247,7
38,63127,23,419.97,11191.31,29306,154,112,18
43,64555,22,506.35,11273.53,31443,148,173,16
53,29566,5,244.82,456.5,3174,53,286,2
62,43556,14,287.43,4089.22,9974,100,193,7
38,22846,14,122.65,1122.12,1046,166,146,14
53,53115,24,426.84,9294.94,24830,148,116,15
33,55023,20,431.24,8029.94,20823,149,157,14
22,33348,23,147.3,2782.69,7333,163,82,20
28,26592,11,129.17,1293.0,4139,53,247,7
63,45568,9,263.18,1312.01,5212,35,237,5
18,32228,16,166.85,2250.12,4865,140,181,15
29,36906,21,189.88,3713.46,9260,183,119,21
31,50967,22,295.22,6670.21,17386,109,66,7
35,31349,11,61.43,50.0,1048,94,215,9
34,77792,21,458.37,10101.42,24743,124,162,8
19,24456,18,150.02,2747.54,7854,122,165,13
38,39141,22,142.26,3702.27,8587,193,94,21
38,40063,21,161.12,3456.92,9093,157,228,15
47,48296,12,202.26,2131.74,6453,55,248,6
33,24413,19,93.19,1394.71,2255,132,165,16
45,94612,15,724.53,10152.49,25909,125,164,12
53,45742,18,357.3,7406.67,17673,104,176,10
38,37224,10,158.03,2068.33,3274,120,221,9
27,23018,2,68.01,691.39,2361,19,335,2
47,87831,25,689.32,17825.09,44134,149,110,15
26,29934,18,156.28,2182.99,6442,166,277,16
41,37397,16,188.27,2771.51,7745,135,204,13
18,46826,19,224.5,3553.01,8211,162,198,16
38,47289,17,285.68,5082.15,12520,88,232,10
41,49480,21,461.44,10514.61,28388,119,157,15
18,28674,21,146.81,3203.57,8093,189,147,18
36,50494,19,412.7,7107.14,19750,168,158,14
42,21594,25,97.65,2215.37,5867,243,176,23
23,44032,20,272.49,5188.7,14514,157,162,18
55,28408,10,161.09,1085.55,4453,62,242,1
37,51110,14,303.27,3280.38,9857,100,275,6
24,41088,22,224.91,5309.25,11622,172,126,18
49,61299,17,500.32,9073.65,21490,124,183,14
24,24150,21,85.96,2465.58,8760,201,127,20
56,41821,28,332.02,10011.66,24982,193,67,19
28,31021,21,105.54,3019.59,8912,178,193,19
47,27267,17,124.44,1760.09,4960,157,155,15
23,23547,23,110.29,2502.38,5119,192,121,18
25,27311,19,130.75,2483.91,5088,174,210,16
32,37765,13,212.8,3177.86,8401,74,288,7
44,83346,22,612.66,13224.86,35338,112,113,13
24,33771,19,122.79,2043.31,4900,192,196,18
54,46424,13,350.64,4527.94,13566,81,151,5
25,44036,23,231.47,4787.31,11643,197,192,19
44,63675,24,456.07,9964.6,28865,159,175,18
39,52555,19,354.24,7039.45,18699,124,162,10
46,76556,24,653.08,15424.19,41225,202,114,17
46,44368,22,303.22,6557.76,19704,114,177,8
52,74109,22,547.67,12028.67,32253,231,130,21
31,40667,24,200.59,4900.3,13307,214,130,21
29,42403,20,291.49,5735.75,14985,115,117,12
26,38589,15,181.35,2528.35,6160,87,268,13
45,33959,13,100.6,1615.88,4077,98,261,11
39,47031,11,276.26,2078.64,7020,16,256,4
47,43927,15,209.46,3162.31,7368,154,252,16
38,27465,17,166.9,3346.33,9463,175,277,16
29,40717,22,204.01,4630.73,10763,192,108,20
18,38160,19,157.69,3820.47,12300,174,186,16
27,53610,20,463.46,8628.43,21617,168,184,17
34,85354,25,597.37,15195.98,37192,182,127,19
34,34923,19,133.62,3201.85,8457,171,144,18
54,66274,25,476.73,10836.63,29238,144,144,16
30,43684,15,240.63,4381.22,12648,131,206,16
28,35098,11,236.96,1739.07,4848,86,271,8
47,32415,11,185.98,2216.92,7914,56,236,4
44,43750,10,218.09,2907.09,7057,84,276,6
29,31608,7,207.33,1395.12,2090,77,261,6
42,58140,21,436.1,9663.71,26202,165,107,16
30,33229,19,194.52,2602.07,7103,176,223,17
44,78526,27,558.43,15276.66,40958,193,104,19
18,37325,17,165.78,3175.35,8456,150,200,15
47,56978,18,489.66,9216.06,24190,76,163,9
49,51256,17,247.95,5015.06,13344,103,157,7
38,66983,28,470.05,13084.07,34085,216,100,23
31,33216,22,193.12,5283.49,11590,143,108,15
40,40805,19,241.22,5247.78,13528,73,157,9
38,31918,16,161.53,3009.87,6342,123,240,18
24,44066,17,209.75,3577.61,10124,157,206,15
40,39666,23,153.56,3942.01,9712,229,135,21
18,35832,15,174.29,3416.33,9358,138,236,12
43,47313,13,182.44,2276.19,6770,107,247,8
28,31520,15,152.99,2106.38,4907,135,218,15
27,18000,10,30.0,1104.71,1097,83,306,13
49,33294,20,143.71,2767.99,7054,181,129,19
34,41839,18,229.89,3635.51,9670,96,266,9
26,32585,19,103.9,1797.23,4120,133,195,14
37,48719,16,366.04,4791.85,9973,140,280,9
33,92476,28,628.93,17434.75,43831,167,49,17
38,23523,14,89.3,1316.54,2239,128,179,12
41,48927,17,347.45,5799.05,13952,82,178,7
24,25527,10,119.38,1287.8,5340,48,295,4
47,36031,13,135.65,2125.89,5285,87,278,8
32,25941,16,122.04,2234.63,7423,121,224,11
32,34330,10,153.9,937.22,978,116,294,5
37,33235,17,164.02,2605.27,6011,141,154,14
49,36333,16,257.96,4701.47,11634,137,189,11
48,40304,7,216.49,2268.41,4221,27,349,5
35,64873,27,465.69,13012.31,33806,204,110,16
43,82381,18,576.14,10501.8,29809,124,224,14
53,81479,34,592.3,21204.34,57074,245,48,24
21,39080,15,187.02,3143.29,9471,114,153,15
40,39710,20,274.27,5866.4,16875,133,141,10
37,28023,19,136.64,2839.93,8046,136,185,14
39,29005,18,105.91,1715.21,2003,139,201,15
46,72749,15,552.47,8044.26,21444,109,164,10
37,22794,18,77.7,1172.14,3302,138,185,18
26,21754,28,128.18,4623.13,12234,208,120,25
33,34564,7,181.46,1547.45,3828,47,338,2
45,68499,29,492.21,14533.3,37988,247,94,25
20,28538,13,111.18,1174.57,2343,109,293,8
46,76000,27,536.96,16003.98,41560,234,88,20
24,46125,22,169.25,3771.21,9556,181,167,20
18,33549,15,221.75,4755.54,12734,140,238,14
37,36605,16,238.23,3894.62,8202,123,207,13
18,40434,12,266.15,2573.04,8888,34,253,5
21,29256,17,112.23,1728.05,5177,145,239,16
48,25323,20,84.79,1140.8,3294,172,167,19
49,20411,2,113.44,50.0,392,5,389,0
36,59627,18,369.08,7206.9,18529,122,188,9
49,46840,22,339.1,6487.86,15202,148,58,10
62,86684,34,671.02,22986.29,59176,230,121,22
45,71519,22,606.64,13058.02,35273,193,135,18
38,21745,14,48.46,335.53,1979,149,151,12
30,22515,11,112.28,1026.17,3327,113,284,8
55,52140,14,328.21,4176.49,12831,72,212,7
35,38695,8,169.63,1269.56,2912,64,296,6
35,31134,21,131.08,2964.99,8405,169,154,21
31,84640,25,663.68,16874.9,43305,157,55,15
50,43809,21,275.54,5534.43,14982,120,174,11
38,54541,13,319.78,4535.73,10223,75,210,6
38,52490,17,267.66,4036.17,10688,102,223,8
22,18000,15,30.0,955.4,1600,102,156,11
38,35431,12,218.57,2228.77,5144,33,229,5
39,49967,20,246.02,4372.01,12150,118,141,8
34,43914,18,426.89,7674.58,19633,92,183,10
44,30528,16,124.1,534.97,3782,127,211,13
41,68969,23,428.12,9193.72,24195,121,203,9
29,27256,22,145.91,2987.34,8316,151,143,17
62,43347,25,328.0,8387.73,22738,97,113,12
29,37757,21,186.19,4861.36,13147,195,111,18
39,92172,20,684.23,13753.04,35856,104,200,11
46,40879,22,237.19,5453.03,12655,187,167,21
46,40914,14,188.02,3286.27,7424,69,207,5
48,51879,22,371.5,7021.04,17295,140,147,11
24,27073,10,180.83,753.84,1097,52,248,6
47,29731,22,226.12,4336.73,9798,89,170,9
34,36710,16,140.4,2012.23,4683,104,180,9
33,41331,25,240.64,6803.59,16858,202,104,22
57,68581,21,569.62,12815.37,32265,192,122,17
46,26653,7,166.02,928.37,2831,57,276,6
30,32053,15,144.73,2573.32,4427,92,225,11
56,49286,19,312.33,5661.02,14450,83,151,7
26,50265,10,236.54,2973.84,7207,62,272,4
49,33942,16,139.99,1653.71,3685,132,228,12
43,39053,11,184.73,1973.54,6623,51,221,5
22,39204,9,252.39,1150.04,3190,67,348,7
28,39227,17,254.68,4133.94,9414,147,207,17
45,29095,24,104.57,2672.23,4412,199,187,22
36,21437,20,90.66,874.96,2508,143,110,17
28,33330,14,162.98,2376.4,8269,98,210,10
45,52852,20,301.03,5516.11,15305,115,193,11
45,34091,21,172.47,4416.3,12993,69,158,7
39,45727,18,299.08,6029.44,16495,111,279,10
46,50735,28,312.67,8288.14,20854,140,81,11
29,82330,25,604.0,14468.81,37658,184,98,18
30,51315,18,321.4,5633.01,13507,115,215,10
56,58352,18,487.6,9488.13,23943,130,235,11
51,72157,20,600.11,12705.03,33108,131,169,12
40,42251,14,208.44,3090.99,6994,114,191,14
34,34285,15,152.09,1754.13,6968,186,212,15
47,62876,25,479.16,12311.68,32091,197,151,19
59,41280,13,232.96,2675.47,6765,67,237,5
50,40025,28,343.04,9180.7,25205,147,107,20
56,40112,18,296.64,4605.67,11668,59,148,7
43,40283,20,324.71,7131.56,18318,65,148,8
38,35543,8,139.14,1447.37,3396,72,289,7
50,48196,15,304.98,5209.45,15559,99,212,7
27,47555,6,230.27,2285.85,6139,5,309,3
34,60845,21,349.74,7431.13,19656,56,70,7
18,30969,19,155.22,2611.47,6242,208,180,18
25,18467,8,66.08,1697.41,2961,64,227,8
26,26595,9,162.07,638.8,2934,61,260,7
45,70461,23,538.54,12113.33,31657,190,101,17
41,21597,16,30.0,50.0,0,148,228,12
51,38127,1,248.2,50.0,634,5,424,0
38,39938,15,288.07,4927.05,12891,30,207,5
33,25563,13,154.83,2062.14,4413,91,260,12
36,48841,20,347.76,8333.29,20681,106,225,11
49,59093,23,430.78,9297.21,24617,80,112,10
27,31101,16,135.31,2504.04,6691,145,168,14
58,55020,13,303.02,4501.9,10171,72,200,6
24,21288,20,81.64,2888.68,6971,168,169,18
22,19806,7,60.93,50.0,1121,65,263,4
37,44276,18,174.26,2303.67,7246,91,193,15
55,53948,19,340.92,6831.45,16910,110,158,8
38,33548,27,126.2,3588.36,9384,268,113,26
42,68083,12,550.68,6425.33,15708,82,212,9
53,51623,19,416.98,9167.08,23682,105,125,11
31,19987,12,73.48,122.2,635,34,274,7
18,36259,19,138.22,2487.69,8370,126,190,14
43,44491,21,194.42,4358.31,10624,199,137,20
53,86296,30,554.22,16192.85,42927,215,76,22
32,37797,19,200.29,4665.06,12036,163,196,14
33,26783,15,111.97,1049.78,2376,128,254,13
40,74009,23,553.41,12927.61,31196,185,156,18
31,28918,21,111.21,2406.87,4031,183,159,18
26,32866,15,108.64,1677.46,3991,157,235,19
45,68452,21,529.88,10277.15,27508,142,101,17
50,63522,27,487.3,12705.14,31541,153,19,16
47,59808,25,530.47,12734.46,32518,147,109,18
44,68487,18,379.13,6768.75,16262,143,244,11
23,38592,10,194.56,2609.12,8421,116,322,9
44,40048,7,205.74,1647.66,3964,67,342,7
41,24966,21,151.28,3106.37,8561,172,127,19
55,83127,23,597.91,14286.08,36273,190,86,20
45,37430,20,193.75,4375.96,12951,124,168,12
30,39633,17,189.96,2431.35,5155,96,191,11
35,79122,22,571.72,13359.25,33319,181,179,17
53,109592,20,739.81,14108.19,36684,123,188,15
58,53423,18,425.43,6927.19,17553,142,169,15
56,38640,7,204.7,1791.51,4223,58,303,3
23,38564,14,194.08,2134.58,4356,109,212,13
39,30340,12,152.43,1306.55,3680,38,251,6
38,33533,19,163.98,3722.31,9588,161,166,18
54,26684,10,89.09,1683.82,3498,112,265,5
18,31996,16,158.74,3093.43,7136,169,178,17
35,41975,20,179.47,4176.73,9909,164,174,15
52,32787,19,86.44,2240.97,5688,169,127,17
35,21341,18,108.93,1584.4,4763,153,199,16
22,27861,7,139.16,734.7,4394,47,274,6
33,48071,23,377.61,8288.81,20436,189,154,17
25,18000,14,105.9,1294.7,3171,100,194,10
38,38121,10,184.47,1324.36,4181,25,340,4
35,25501,18,82.22,419.01,2091,83,152,14
44,35660,16,262.16,4354.88,11443,71,216,7
31,30833,12,210.88,2578.48,7868,53,273,7
43,42497,12,144.13,1745.85,3840,89,204,9
45,63013,13,377.72,4508.65,9894,33,203,5
38,29483,2,161.68,333.3,823,50,379,0
51,40640,15,249.49,3885.76,10365,46,153,6
23,36907,15,166.62,2480.18,7442,133,276,12
45,83193,25,637.63,16311.17,42314,131,108,13
23,23224,9,83.43,885.2,1503,88,245,10
39,75451,29,597.59,17713.24,44319,233,60,22
39,55123,23,458.48,11484.18,29064,149,127,15
45,68261,17,542.39,9075.78,23928,156,139,10
19,37666,6,239.89,1564.99,4999,30,280,4
54,82482,34,623.2,21934.27,56357,209,68,21
50,27053,7,131.57,1063.05,3221,36,289,1
30,29425,15,142.61,1874.65,4798,117,258,12
50,59834,13,393.64,4849.14,13579,19,261,4
51,38415,21,177.53,3083.13,7579,95,185,10
53,25485,13,137.28,2310.35,4293,101,265,10
48,28963,9,133.68,377.62,1272,52,289,8
21,33678,11,152.59,995.58,1877,85,188,9
49,35979,14,110.02,1250.84,3522,82,259,11
36,28117,5,172.81,373.7,0,43,278,5
47,79202,20,717.28,14580.18,36766,94,272,14
40,26715,3,141.82,695.75,2357,29,342,3
27,32838,11,164.83,2183.0,5433,105,263,8
37,51243,21,336.67,6472.71,17605,111,177,10
38,67446,23,497.39,10242.87,26951,142,117,16
53,21908,14,108.84,2077.72,4679,155,179,14
40,78858,31,608.54,18194.68,46656,221,29,22
27,50267,15,492.84,7865.44,21314,127,248,11
54,29941,2,134.67,472.19,946,17,399,0
46,54710,22,489.97,9948.88,25000,128,132,19
41,70028,23,517.1,11792.61,30497,179,67,15
26,25791,14,121.95,1890.81,3595,116,252,10
42,54736,18,306.04,5080.99,12703,63,124,6
22,35671,20,201.37,2531.45,6283,146,131,16
51,32196,12,125.27,2064.8,6825,148,287,14
39,77638,25,644.32,14901.62,38442,209,74,18
44,29124,21,124.61,2920.12,6611,218,208,21
48,69778,16,553.27,9180.32,22413,130,223,14
22,40289,8,146.09,530.66,1079,50,230,0
41,45935,12,284.64,3665.95,8860,99,237,8
30,29976,12,137.32,1028.27,3022,125,251,11
37,39943,17,165.91,2506.33,7722,136,206,17
31,83501,16,617.22,9616.36,24778,102,247,9
48,50968,17,367.09,6238.02,16128,49,211,7
42,22020,11,124.83,2240.12,5275,146,237,10
36,60390,23,526.65,12336.95,31245,198,155,19
43,58554,21,371.2,7007.1,17192,101,51,10
34,94108,29,654.38,19485.38,51970,236,123,22
42,53074,18,395.56,7354.91,19701,140,214,12
49,31387,8,126.04,454.62,1381,35,297,3
31,53833,24,445.52,11111.91,30584,216,97,19
27,27862,15,165.25,2011.06,5917,158,217,13
52,65642,22,567.51,13272.99,34448,165,181,15
39,77619,36,586.27,21005.73,53025,293,9,28
41,66125,17,527.61,8328.87,20833,101,163,12
53,59116,21,322.51,6984.9,21519,65,113,8
25,36408,20,190.69,4863.18,11549,145,164,18
37,22787,4,70.96,402.36,320,14,307,1
25,31866,20,171.16,3271.69,8141,192,206,19
54,69734,19,534.66,9164.48,21696,81,206,11
50,49548,23,405.46,10871.73,29720,175,150,19
34,34067,18,174.69,3870.61,10394,125,159,17
31,35135,21,203.27,3982.48,10291,119,142,15
48,82079,26,614.82,15439.51,40960,216,73,18
45,50087,15,268.12,3880.14,9257,101,183,6
53,39764,15,150.12,2241.66,4912,128,276,13
44,95639,28,669.63,18254.35,44811,199,74,19
49,45231,16,188.95,3489.33,9520,168,199,16
40,39299,18,265.03,5684.99,13849,115,197,9
36,36280,20,180.15,4117.87,10386,154,171,16
22,28170,18,188.31,2460.64,5494,128,208,13
48,25297,10,159.59,1715.1,6797,61,285,6
29,34539,3,208.65,1063.12,1532,27,325,1
64,18000,11,30.0,50.0,0,133,254,10
25,31708,17,102.14,1780.34,4398,142,193,14
54,48656,21,322.61,7443.39,18249,100,167,9
53,52401,21,453.59,10783.59,28561,151,132,15
55,54321,27,391.65,10696.83,27746,186,25,19
34,46441,9,202.05,2225.38,3472,63,288,5
48,41848,21,256.28,4730.89,14772,145,176,13
19,53996,18,266.52,4021.88,10976,152,126,13
36,51630,8,219.57,1529.79,5618,53,274,3
43,50006,22,291.05,7193.64,17496,68,170,9
25,21404,16,72.07,991.53,1237,156,228,16
45,53807,25,356.4,8943.92,22758,103,100,10
46,81277,27,621.01,17184.09,44764,217,61,21
35,40151,11,213.1,3071.0,8531,71,285,5
66,36355,12,154.04,1535.07,4130,88,262,7
46,32622,22,174.52,3935.32,11039,182,132,17
59,38945,20,183.7,3624.57,9140,189,181,18
38,38259,15,262.01,5057.36,13736,40,183,8
29,33639,14,148.83,2524.45,8376,111,202,14
30,47955,17,231.79,4975.98,12755,131,216,12
57,67186,23,423.51,9458.93,24472,106,124,11
44,45934,20,236.49,5519.91,12962,163,217,15
29,36931,15,217.02,2189.06,7424,145,204,13
38,32551,19,143.56,2614.51,5719,121,131,15
19,24043,15,93.75,893.69,2709,101,198,11
45,60363,24,476.41,12058.59,32010,119,152,14
47,33526,8,160.52,2465.62,8354,32,309,2
33,37769,21,141.69,3115.97,8473,175,140,17
19,33529,17,147.33,2443.93,7623,117,191,13
33,55686,20,420.52,7980.81,18528,119,179,15
57,31501,15,117.22,2489.11,4766,109,237,10
44,35408,20,170.35,3222.98,5496,165,190,18
29,31763,18,150.66,2203.1,4987,135,184,18
53,52055,10,239.68,1688.92,2980,92,305,6
21,33932,19,158.15,2811.35,6263,189,200,18
26,31714,20,157.38,2458.97,7625,203,202,16
44,28702,15,138.49,1356.31,4063,110,253,11
48,103770,30,706.1,21621.73,56569,174,61,20
31,39442,10,147.19,1933.06,6377,64,222,10
47,47529,15,314.21,5234.23,13217,67,221,9
44,55150,28,455.54,12470.87,32753,214,63,23
55,36206,18,153.52,2548.45,6718,166,189,17
31,43766,22,239.22,4783.31,10621,134,193,15
41,26390,18,102.23,807.07,492,130,134,16
23,34827,10,157.62,1424.52,7390,115,249,9
38,31032,22,213.68,4072.74,11829,128,122,10
40,19868,13,88.0,1857.45,4232,94,247,12
43,50734,19,322.58,5968.69,15158,141,223,10
33,45706,9,233.58,1849.91,1344,64,346,5
40,32003,19,157.01,2297.93,4626,180,123,16
31,31063,13,124.15,1307.25,2210,51,210,8
45,46359,19,209.62,4576.66,12363,155,155,18
45,53804,26,447.44,10990.87,28167,196,116,21
18,41851,13,270.05,3517.19,7346,50,182,4
27,40661,23,199.45,3634.91,10367,197,104,19
36,33860,19,130.21,2628.07,5012,121,165,15
22,37080,15,261.56,4126.61,10520,163,209,17
55,62183,22,391.35,10241.34,28494,85,155,8
42,32124,19,180.48,2941.11,6452,200,178,19
52,27129,14,134.38,2100.57,7544,130,194,13
50,26417,19,38.61,234.46,2029,185,187,17
35,27819,9,116.04,1098.7,1559,57,241,10
43,47045,17,193.11,2419.12,4885,135,241,16
46,92660,16,647.01,10626.21,28568,89,196,11
52,29974,24,110.8,2373.23,6417,179,118,23
42,67281,21,590.28,12441.22,30967,120,217,15
56,62837,24,495.45,13508.67,35541,195,147,17
53,67203,20,573.36,10931.42,27253,163,209,16
43,35255,19,200.37,3948.66,9884,115,169,17
32,31186,25,158.85,3793.44,10507,186,82,21
41,26356,10,134.03,1200.44,3033,51,286,3
48,86312,26,610.3,15925.5,41787,165,52,18
29,32075,20,152.92,3174.29,9074,172,197,17
26,40578,19,242.25,4536.52,9881,95,181,7
42,38135,12,152.83,659.73,3442,183,221,15
27,41812,21,151.2,2675.35,7055,151,100,17
44,58859,24,492.12,12519.6,32278,191,112,20
32,39735,9,172.05,2030.41,5576,54,286,6
26,36211,24,206.54,5470.0,15274,164,136,18
44,74169,20,555.08,10981.11,26215,102,212,14
24,25882,11,75.34,50.0,0,55,241,5
56,63206,22,499.78,10454.46,26317,174,196,16
55,28956,8,151.77,1764.01,2920,26,315,6
31,26864,24,176.0,4404.49,12481,178,65,19
34,42293,21,189.99,4500.23,11370,190,118,19
51,30914,12,185.61,2894.47,8659,93,265,9
38,31617,14,109.82,1252.06,3717,98,257,8
25,25079,20,101.96,2504.74,5260,112,156,15
41,52390,20,441.06,8586.3,22177,170,161,12
47,31168,17,163.78,2106.37,6239,143,139,17
32,60117,24,401.7,9486.77,24179,114,121,13
40,44628,13,361.66,4398.39,11752,72,257,11
51,78804,13,564.22,7087.7,19662,111,290,9
50,55297,25,494.5,12082.34,31095,189,138,18
51,41473,16,219.77,3384.61,10208,121,222,10
47,29853,18,216.59,3335.59,9389,43,182,7
62,50248,23,315.08,7261.15,19721,126,108,12
24,26373,14,101.76,966.05,1712,70,266,9
64,30830,11,153.99,1821.3,4689,50,251,5
42,22768,22,72.05,2596.48,6009,204,92,21
27,36944,10,179.43,1236.64,1891,35,305,8
22,19398,15,41.39,1858.6,2298,137,208,15
30,34787,24,165.98,4728.58,12127,172,91,23
47,75906,29,576.24,15823.03,38639,200,115,22
53,33859,16,108.77,3205.0,7676,172,208,17
29,38789,17,193.48,3365.78,9521,160,228,14
41,62739,11,393.09,4469.67,11357,61,184,5
33,30218,15,159.85,2158.47,4346,100,253,10
18,32690,7,191.99,2194.79,4323,37,265,4
34,48473,11,232.88,3031.54,7997,28,237,3
46,69407,20,499.76,10849.08,29693,87,186,10
21,41906,14,157.82,2612.73,7891,76,167,7
23,36207,11,186.82,2337.95,5441,130,241,15
45,43252,15,289.03,4338.37,11175,64,219,6
27,32034,11,149.48,952.79,3527,107,244,10
36,31083,18,101.32,1836.18,5175,166,203,17
52,57449,17,366.57,6968.27,20810,88,217,7
44,43794,21,285.94,6598.43,17579,93,160,10
46,38618,22,212.53,3823.13,11812,101,126,10
43,53016,20,410.62,7740.37,19407,115,168,10
26,30611,18,181.07,3168.58,7662,159,247,12
37,21100,20,88.0,1516.37,3037,175,199,18
40,57686,27,447.21,12523.05,32205,219,71,22
30,45988,22,228.84,4911.84,14073,150,170,17
30,40299,13,207.01,2715.06,7449,68,287,7
37,22512,10,100.51,50.0,0,86,292,6
34,32067,14,168.2,2438.04,5956,165,215,15
58,20953,7,56.79,169.85,1449,6,315,0
29,32568,24,191.25,4081.65,8073,165,144,18
30,44002,10,321.99,3916.3,10476,25,188,6
30,44021,20,187.57,3704.49,7358,165,207,17
29,77135,29,536.03,15964.87,43027,200,35,17
40,49389,25,264.24,6485.72,17677,155,154,11
35,33747,7,154.97,359.34,28,74,242,5
39,24853,7,150.42,1070.13,3334,18,332,3
55,54601,22,325.31,6241.24,16926,112,111,9
42,33830,18,137.31,1654.77,5035,148,187,16
36,51324,16,281.24,5097.32,12524,76,189,8
55,38169,20,300.46,5212.14,16207,120,188,10
27,44333,20,216.07,3866.63,9265,187,208,16
45,61469,23,487.54,11196.92,28121,160,138,18
21,22519,12,130.85,1093.01,1648,10,226,4
46,27810,24,30.0,742.5,2977,205,152,20
38,18000,8,76.69,309.43,1060,76,282,7
41,50903,28,449.5,13088.32,32280,201,100,16
48,18000,18,30.0,300.9,807,162,217,17
28,40218,6,140.96,1568.99,4333,72,335,5
53,39369,17,162.29,1707.96,3488,162,200,14
43,50878,16,295.43,4811.6,13590,101,192,8
32,41115,20,259.47,5205.51,13614,131,170,10
35,69120,31,568.42,17367.18,46746,200,140,21
56,40303,18,284.86,3804.76,11272,59,191,8
58,35290,12,102.66,1207.95,2448,143,216,14
36,110548,31,675.3,19453.97,50865,185,49,18
35,27908,18,182.5,2837.34,5687,158,199,18
37,53599,20,340.29,8231.61,20812,85,210,6
56,22488,20,107.5,2444.88,4853,175,216,19
59,29664,14,151.31,1990.63,5166,80,211,12
48,54028,17,405.09,6762.23,18235,33,168,5
47,56553,25,295.23,7240.23,20770,105,107,11
56,28764,8,133.89,1201.13,4707,17,273,3
25,35388,21,98.69,3340.04,10545,206,146,22
36,50753,8,245.77,2743.22,8014,5,284,2
35,35061,14,202.59,3207.27,10003,39,223,4
30,34419,14,164.23,2785.16,9233,102,206,10
33,43995,6,215.74,1417.09,3302,32,303,4
22,33978,7,168.38,1901.55,5463,73,235,6
49,36466,21,139.47,2035.33,7066,183,175,19
41,68386,14,509.9,7367.0,17860,137,244,12
43,54272,22,396.52,9476.03,25088,177,206,12
48,50209,19,345.98,6751.87,18226,55,151,6
39,49445,19,369.41,7467.21,19960,117,165,10
45,26879,4,186.57,50.0,0,5,291,0
41,55262,19,333.52,6578.87,16684,100,196,9
30,41289,17,195.67,3326.68,8231,146,214,14
25,30689,23,113.01,2668.06,6783,238,106,25
18,31953,16,141.65,2751.25,5847,154,130,15
43,37351,19,161.86,2671.38,5867,144,192,13
59,20592,11,50.91,50.0,0,62,168,7
35,60717,25,480.66,12416.1,30883,167,171,18
50,88439,25,584.49,14814.58,38784,118,121,14
52,109918,26,797.76,20932.33,55014,189,123,20
23,34444,10,199.54,1954.19,6885,132,239,9
41,51518,19,393.32,7315.17,19139,99,176,11
30,56797,13,339.29,3882.66,9892,89,195,3
42,58828,21,413.09,9099.73,23943,63,142,10
24,41964,18,208.17,3811.77,9081,155,143,18
36,26231,14,132.6,1241.76,4646,101,212,9
24,26058,4,120.14,50.0,736,15,382,3
18,28069,15,146.48,2638.58,8139,146,261,15
36,78777,30,592.34,18012.27,44644,184,19,18
51,23466,5,30.0,617.19,1302,39,271,4
34,42841,11,263.1,2657.15,9636,68,261,7
28,30017,19,175.65,2593.24,5621,178,154,15
55,46310,17,292.15,5303.45,12527,101,270,10
48,41673,13,189.44,3087.91,9554,87,244,12
35,46049,18,374.64,6957.94,17455,161,267,18
27,18000,23,91.73,2353.32,4611,216,135,22
27,46432,11,201.56,1889.67,3487,73,291,6
23,40947,23,230.85,5049.22,13341,168,120,20
47,46361,16,302.25,5689.86,15931,16,255,5
57,28532,22,75.82,1821.17,4211,154,180,18
40,33214,11,155.59,1504.05,2769,102,263,9
21,36168,9,162.72,2018.62,3472,62,316,5
42,58777,19,383.82,7418.3,18906,67,173,6
27,40334,10,195.65,3013.57,6550,57,237,10
28,23944,8,65.35,296.82,1531,35,303,5
36,69515,25,547.76,13508.37,35067,201,171,18
51,33844,26,184.54,4188.18,9523,215,28,23
44,53395,24,298.34,7505.08,20096,123,111,11
23,32820,19,125.88,2048.65,6953,99,207,17
43,25598,6,112.96,2235.46,6207,9,310,3
57,89074,27,612.87,15848.97,40494,190,61,18
49,30667,20,125.44,3234.97,9609,105,195,14
42,51398,22,327.42,7334.85,20754,106,126,13
44,39945,16,236.79,4100.07,11398,76,218,7
64,61946,19,411.86,7065.27,18598,45,163,6
25,31633,5,87.42,1253.43,2941,35,349,4
24,37001,10,199.43,1777.07,4580,53,253,4
34,48396,8,202.34,1319.28,2778,29,330,4
36,91141,18,574.43,9364.78,24417,113,197,13
35,86070,22,609.93,12543.92,30881,123,192,14
53,28447,18,168.2,3061.43,5369,139,184,15
26,25485,15,154.93,1733.87,3791,158,244,13
49,36318,17,237.53,4024.04,10620,74,172,6
46,31840,6,136.69,1248.18,3347,39,312,3
53,34505,13,178.66,1942.23,4501,88,241,8
31,32484,15,185.35,2545.16,7176,124,232,14
45,21129,10,32.06,591.12,3244,58,249,7
54,32543,17,174.37,2681.14,8100,131,179,15
57,27916,21,175.34,3153.95,5758,161,170,19
39,24462,15,86.86,1763.47,3749,112,115,13
36,28442,19,144.85,2288.98,6296,152,198,17
24,50890,27,277.77,7044.43,21501,114,127,12
32,58771,18,371.32,7112.84,20580,47,169,9
64,53429,24,353.33,8629.5,21118,146,138,13
42,47774,11,308.26,3281.62,10370,57,305,4
43,68489,20,545.5,10943.9,27587,160,209,14
40,24088,19,112.28,2788.83,5344,163,184,17
40,33538,8,129.2,461.91,252,34,291,3
43,67728,23,445.87,10176.59,26845,128,79,15
19,47644,9,235.91,1663.12,4913,84,260,7
33,41831,7,206.42,1786.27,4463,58,343,2
37,60186,25,530.93,13493.93,34162,161,79,18
36,24142,19,185.14,2903.76,8320,187,140,19
59,48871,20,429.27,8984.57,22463,129,158,13
29,46926,14,301.4,3869.16,7867,98,208,11
26,36612,16,206.04,3502.34,10406,167,218,15
32,32967,18,236.15,4143.19,10253,123,133,9
43,53575,27,445.88,11598.86,30320,173,148,19
32,42471,19,337.84,6770.38,17983,109,197,8
46,54623,22,340.75,7186.65,17570,112,154,11
45,55164,19,372.76,6105.49,15153,78,111,9
31,33179,6,161.83,310.54,667,89,298,7
60,30789,14,133.43,3527.31,8235,58,235,9
35,65605,11,462.55,5038.63,14851,89,313,9
32,59993,22,490.35,11238.69,28643,202,129,17
27,32604,11,148.92,2238.8,4518,73,306,6
61,42463,14,136.75,2007.66,4246,92,225,7
47,56010,19,336.62,6353.61,17750,86,156,9
34,38243,25,171.66,4326.58,9280,257,129,25
54,40266,12,128.8,1048.66,4232,60,229,7
41,50539,21,440.36,10534.42,28020,135,168,13
57,27292,21,53.07,1603.7,4448,178,195,18
58,58625,16,319.7,5445.82,15568,76,214,10
34,60626,16,408.01,7450.84,20305,116,272,11
21,32696,21,123.84,3331.16,8564,215,177,19
43,81764,14,595.24,7660.36,22365,77,226,11
20,24800,15,133.2,1825.84,4904,128,190,12
42,78150,19,623.29,11443.04,31948,137,166,15
41,45950,5,158.63,50.0,0,12,358,0
31,30198,20,185.3,3801.48,7293,173,195,16
28,27765,24,121.43,3056.87,8402,225,209,22
36,49096,17,223.09,3894.92,9625,99,188,10
47,95235,26,757.13,18632.85,46804,180,54,20
32,20075,11,34.49,50.0,0,95,255,7
39,98245,26,713.04,18537.14,49152,180,105,17
52,65517,26,584.57,15239.81,38708,213,81,20
46,36825,11,107.05,2315.9,7280,38,190,6
43,19264,6,88.5,1436.13,3895,26,366,0
70,23613,7,132.82,749.49,555,40,278,4
47,25446,12,184.93,2957.84,6152,78,244,11
49,57800,19,496.46,10387.67,26710,125,151,15
39,35955,6,209.51,1593.53,5255,35,391,5
47,50070,23,347.88,7683.69,21998,71,148,9
23,21735,14,55.24,1751.35,5638,121,294,12
43,34769,17,155.85,2424.66,7113,123,244,9
36,24346,10,131.94,1109.2,4664,20,277,3
53,31778,18,171.42,3174.86,6782,175,149,19
43,59101,16,318.12,4764.46,12761,112,269,10
48,48856,23,340.89,7634.41,21425,102,158,8
29,33430,12,177.02,2322.14,8004,105,234,10
49,25949,18,73.32,1489.17,5033,114,265,14
52,39629,15,284.68,4847.03,11848,49,242,4
32,28219,15,98.61,1450.28,4172,146,205,13
38,28994,14,104.72,943.09,1121,88,245,11
43,76769,24,588.01,14438.92,35239,218,122,17
40,60941,20,472.54,9238.01,21226,131,196,13
27,47637,20,278.72,5205.83,11514,166,110,15
50,52995,23,323.97,7105.17,19096,118,149,11
36,34704,15,178.15,2446.22,6766,100,225,14
36,39501,15,173.31,2155.69,8385,104,220,9
34,42393,14,163.29,3313.71,8295,110,194,12
60,65069,20,429.96,8520.83,21970,73,165,7
46,56888,17,336.77,5474.76,14566,45,185,5
25,38846,17,255.88,4784.75,12318,69,197,8
67,47393,23,293.77,6988.52,19194,47,119,11
44,68827,19,507.67,10936.93,28313,123,53,11
29,18000,8,30.36,50.0,0,63,253,7
41,71593,22,576.55,13563.85,33660,206,112,18
24,43261,21,250.78,5184.43,13474,134,98,19
52,32891,11,181.94,2714.63,7530,82,268,6
33,88042,28,612.63,17149.24,43505,212,75,19
19,21163,4,82.88,50.0,0,5,384,3
18,34438,16,159.91,2486.75,6455,162,201,18
32,29441,9,205.16,1506.51,2590,13,282,4
43,44206,13,296.39,3575.71,9887,49,279,8
41,54763,11,278.6,3509.26,9098,59,241,5
29,35160,14,158.71,1434.87,4944,156,226,12
50,88453,34,649.64,21861.52,55861,198,1,22
49,67092,15,516.36,7243.32,16406,94,153,10
23,38847,11,218.57,2500.53,7068,59,374,7
26,19840,16,54.12,1301.23,2054,130,201,12
46,34912,9,139.68,1064.01,2802,5,290,3
32,30078,16,148.32,2446.74,7240,119,232,13
40,68675,23,564.26,13893.13,35754,175,165,18
18,39192,14,209.16,3684.06,11428,87,191,10
21,38365,18,194.57,3841.23,10491,127,163,13
36,75027,28,550.56,15735.67,37419,187,87,19
42,42301,18,252.08,4493.52,11443,80,121,8
28,42227,13,226.48,3363.55,9164,88,301,9
54,70252,19,378.64,7086.96,19367,80,135,8
42,40674,12,177.23,1972.83,5896,106,229,11
26,28398,21,61.74,646.09,897,179,95,20
37,40202,18,180.45,2553.52,6204,161,220,16
29,33077,18,147.84,2790.62,9234,133,182,16
43,43080,10,326.63,2225.32,5197,51,289,2
24,26572,25,155.73,3783.47,9435,203,114,21
49,35551,12,186.37,1243.53,4570,116,264,14
34,27724,17,137.64,2871.09,8546,158,134,14
50,93460,31,651.07,19516.57,49943,249,67,24
33,28950,19,155.92,3439.85,10050,185,176,15
41,49923,22,282.21,6275.27,17186,108,98,10
29,45402,16,202.99,3156.17,7194,103,169,13
59,43832,17,181.32,2819.83,8321,177,215,17
27,38135,13,159.91,1676.94,6100,66,260,7
29,34652,16,187.1,2168.96,5577,126,173,16
42,69135,19,559.72,9958.31,25095,146,197,14
50,37962,20,158.84,3240.8,6195,213,135,22
52,58319,19,411.54,8538.98,21407,79,139,7
35,18000,5,136.52,50.0,0,17,329,2
40,37069,17,158.56,1889.94,5515,102,168,13
45,74322,27,552.57,16858.27,43624,214,35,21
21,37883,16,240.21,3139.24,7278,90,183,11
46,48819,10,203.13,1609.97,3510,58,221,4
45,54877,23,478.96,11638.82,31630,167,110,19
34,40327,15,213.6,3766.49,8644,100,273,10
55,21456,11,121.34,1431.01,2787,53,235,4
41,96965,22,746.04,17795.11,47378,130,154,11
38,70093,21,610.52,13507.69,33719,152,200,13
43,50552,20,311.27,5742.4,15957,81,166,7
45,55660,23,333.25,6828.11,15315,56,148,9
56,47943,26,348.38,9362.83,23257,102,94,12
23,44187,22,294.12,6862.93,17043,150,148,12
52,34476,25,148.95,4072.08,11037,209,125,21
39,31618,16,104.4,2179.37,6250,164,226,18
28,48778,20,193.4,3691.29,11227,141,143,15
43,49006,26,348.37,9475.96,24174,191,115,16
43,18000,10,112.06,1507.41,4991,86,290,7
32,54887,19,497.62,9579.04,22164,150,147,15
58,35985,21,225.46,4485.17,11728,151,152,19
57,45660,26,206.68,5393.43,13225,143,82,10
44,32952,13,171.51,2445.33,4859,127,150,11
51,49878,22,330.49,7634.23,20202,65,124,8
22,31193,20,150.86,2613.41,4072,194,159,18
24,23804,17,138.32,2487.32,6766,94,218,16
49,19907,12,44.66,538.78,2802,32,212,4
55,56324,29,448.85,14048.8,36520,225,57,20
41,99650,29,744.71,22538.11,54643,213,52,23
18,49953,9,152.76,1699.6,3791,8,313,3
42,26688,18,108.47,3820.01,6267,114,224,15
44,58619,14,377.1,4972.62,13463,69,221,6
48,39565,22,167.58,3812.79,10108,192,115,20
48,33940,10,161.05,2468.71,7233,88,251,11
39,30582,24,115.53,2249.23,5578,219,127,24
35,18000,17,95.91,1020.2,1712,100,197,14
18,49751,10,254.38,2289.64,7409,77,235,6
30,58586,25,519.09,12944.3,34405,165,136,16
55,47854,8,260.04,2814.67,7760,37,279,3
23,25026,19,176.12,3733.41,7256,180,191,18
50,48893,21,326.43,6951.54,18848,72,200,9
32,18000,18,50.66,163.57,0,193,120,16
47,64328,23,537.14,12010.26,30405,182,133,15
29,19470,7,146.84,645.86,0,110,296,7
40,28363,12,139.05,1678.43,3883,66,226,6
47,51763,24,283.65,6557.7,17472,132,153,9
45,45794,25,350.54,8074.51,21287,94,140,11
33,41764,18,234.01,3178.88,9191,157,158,15
50,74007,24,514.09,13609.35,34378,213,85,15
43,38079,24,168.47,3758.16,11654,206,117,20
45,28772,4,91.89,75.19,687,40,341,2
27,39108,15,253.49,3937.33,10465,82,180,8
50,86952,27,641.21,16503.23,42154,182,150,18
23,34448,19,137.0,2316.75,7117,129,199,15
32,33219,18,112.07,1290.3,2630,139,154,16
44,56448,25,427.15,11484.0,29759,145,114,14
18,35583,2,172.2,303.62,1308,5,334,1
31,41205,6,180.51,1572.33,3378,32,322,3
47,45326,18,238.72,4085.6,11121,94,138,9
23,78710,26,548.01,14163.74,34554,175,50,16
31,49684,22,293.24,7241.67,20673,105,78,10
40,66426,24,596.72,15003.2,38587,206,121,18
25,38284,20,226.25,3914.26,9684,150,118,16
44,34584,10,170.53,725.92,1858,107,286,7
49,89839,25,654.08,16419.35,43418,167,169,16
32,35850,11,220.86,2400.71,8678,67,245,7
39,39294,12,178.0,2659.1,9025,47,201,8
42,70300,27,558.37,15234.78,35317,164,64,16
55,54999,32,389.18,12488.32,31674,167,43,14
29,35245,18,194.63,2789.96,6020,156,206,17
24,32447,13,166.11,2094.44,7426,93,230,10
36,37362,22,267.08,7463.26,18572,101,155,6
33,30632,16,134.23,2827.63,8461,152,174,17
48,66847,24,535.25,12279.59,29595,183,104,17
45,40977,14,194.56,2588.91,4747,147,223,14
58,73997,26,548.74,14674.21,38308,217,101,20
42,52416,17,449.25,7791.2,21166,87,232,11
40,38251,23,379.92,8459.91,20340,186,122,18
24,33696,17,115.61,2856.95,7975,90,246,12
61,40067,15,186.53,3029.56,8659,88,239,5
45,28636,17,154.53,1515.02,5408,75,205,4
40,29241,17,146.48,1398.48,1245,129,221,15
58,47935,12,370.53,4295.79,12294,5,263,6
52,54205,19,361.09,6967.77,18710,29,214,4
32,40104,4,237.71,266.1,0,32,315,0
64,37319,16,315.56,4804.91,11502,104,238,9
20,44119,14,243.41,3382.23,6547,95,263,11
31,20036,18,121.54,2133.95,7092,124,168,16
51,62567,23,491.06,11435.08,30185,194,98,20
48,41483,25,198.65,4964.05,12946,193,143,23
53,40076,22,122.5,3353.98,10997,193,151,21
56,43234,15,214.5,3440.34,11363,97,154,9
18,34802,21,110.8,1988.1,6077,191,118,20
41,32193,11,227.2,2168.01,4629,11,300,2
47,35260,20,189.75,4240.35,9862,162,136,16
30,51809,22,317.34,7760.86,20296,111,138,8
40,35376,9,202.59,1897.16,4912,23,268,4
55,39535,19,179.5,4309.24,10850,186,174,19
21,18000,2,72.92,1304.04,2118,33,376,2
48,81563,30,604.48,18420.66,44861,219,98,20
47,43900,8,222.5,894.01,3778,72,219,4
39,32053,11,121.66,427.2,942,69,326,7
37,33775,8,191.22,402.95,545,23,301,3
45,38570,6,151.73,1875.88,5739,5,294,2
49,64649,17,398.35,7580.91,17701,78,214,6
18,31430,15,178.03,3241.26,8643,102,199,8
29,58906,26,428.98,11085.09,29551,164,118,18
41,90020,31,614.79,19031.82,48140,220,58,22
34,108566,23,804.94,18110.77,47151,130,123,12
35,61948,9,454.43,3680.97,11614,67,297,5
27,30720,16,103.41,1752.1,5624,128,220,14
37,32363,17,124.07,2013.69,3714,120,230,15
44,32248,18,81.31,876.06,2069,116,208,16
64,69719,20,533.5,10674.21,26532,154,194,15
32,24299,18,115.8,1958.54,5011,133,149,14
31,32446,12,189.54,1969.73,5627,74,250,10
22,45222,10,184.76,1231.17,2735,75,317,6
28,19255,20,30.0,1037.86,4304,128,183,16
21,60086,22,342.04,7593.82,20316,109,130,11
23,39878,7,150.67,914.96,3828,17,278,4
39,73475,19,600.81,12701.46,32089,119,264,11
42,58678,19,411.5,7691.15,21728,97,185,8
32,54790,22,262.53,6054.94,15945,169,142,18
29,35509,9,127.4,984.79,1023,73,275,7
35,56722,20,358.83,7584.07,21069,136,175,12
28,28705,21,184.53,4338.92,11613,172,143,16
31,21971,12,45.39,1118.81,3809,86,260,11
57,62089,22,396.79,8443.67,24087,144,143,14
57,39269,14,201.72,4177.37,12161,66,243,5
58,29559,26,106.2,2946.73,10116,218,135,23
41,48419,22,216.84,4738.57,13110,206,171,19
26,43655,19,249.16,4267.73,11662,169,173,17
46,34619,14,138.84,1666.72,4419,151,186,15
42,37441,16,206.36,3636.88,9831,145,165,15
39,30664,17,187.17,3617.42,8231,198,175,19
37,25298,17,100.34,998.42,1611,125,268,11
28,37111,19,180.58,3378.99,8166,131,192,16
31,31297,17,172.16,2246.56,6762,110,147,13
47,35840,14,190.89,2946.46,8751,148,165,13
28,32390,19,195.95,4361.32,10908,122,194,13
38,36599,22,171.8,4721.91,12738,150,156,12
35,42232,11,157.5,2384.36,5373,51,254,6
18,41279,7,284.51,2113.73,5782,5,295,2
28,40568,12,264.18,3661.79,10395,25,228,6
23,40677,20,198.44,3197.42,8949,144,118,14
40,27020,11,76.21,568.82,783,54,234,1
55,58871,24,535.03,13371.76,34024,170,125,18
39,28242,14,115.58,502.45,561,99,137,11
51,46784,17,269.75,3730.98,10851,86,191,7
24,62741,23,390.1,9159.9,22732,147,160,12
31,45863,16,216.08,4587.63,12120,120,297,11
37,59980,25,521.19,14013.0,36425,133,136,15
39,22693,6,90.73,1433.01,6672,56,335,4
33,44797,10,230.32,2429.76,7879,39,315,2
37,32320,16,151.57,2894.99,6184,139,185,13
46,57576,17,368.81,6983.4,18550,92,178,9
53,51221,26,421.12,10025.06,24229,169,144,18
47,62963,26,381.29,9800.85,25230,134,91,11
51,47194,15,396.79,5934.06,15298,125,225,10
44,32830,15,162.12,2702.93,8338,119,216,9
19,41466,9,203.59,1236.07,3587,63,281,6
27,26289,23,76.62,287.71,0,155,163,19
57,36606,10,158.78,2116.84,7197,95,330,7
34,59448,22,376.1,8037.16,19501,88,164,9
32,33399,17,143.99,2918.45,8679,123,181,10
54,33909,17,104.95,1714.8,4088,133,128,14
46,70696,22,527.37,12579.51,31851,192,188,17
28,53507,11,303.52,2552.37,7173,113,319,14
46,27612,13,102.95,1804.63,4429,79,218,9
46,23245,6,55.22,943.79,3564,22,330,7
43,69679,25,462.63,12098.94,28768,125,96,14
53,66753,12,555.5,6652.32,18039,59,297,8
44,62709,24,438.95,11226.17,29039,193,143,20
38,22503,17,146.59,2348.65,4899,145,119,9
57,37099,8,196.69,1847.96,3110,45,269,4
24,28974,22,162.07,3796.67,8039,191,213,19
40,53964,20,297.03,6264.38,18162,139,149,9
50,33142,13,244.84,2436.82,5536,99,230,6
45,42086,22,266.62,5655.28,13950,105,167,11
45,26318,8,116.64,58.67,0,31,246,1
22,32911,18,166.25,2841.5,7688,123,180,13
50,37007,8,194.25,1844.06,3698,53,254,5
32,37598,15,242.41,4954.74,14134,125,253,14
26,33006,12,123.66,1250.58,1736,101,247,9
47,44309,21,317.49,7393.38,18300,137,192,10
18,40379,18,233.21,3895.64,10348,142,165,16
23,46839,11,237.61,3111.06,12551,45,202,3
40,61494,13,480.71,6153.38,15256,74,267,8
49,58532,19,453.07,8390.66,21510,76,218,7
50,50761,25,400.52,9686.27,26259,159,71,15
47,22672,5,86.39,1192.6,2857,6,303,2
44,30833,16,145.16,2219.23,6105,128,205,18
45,33582,25,267.1,7121.68,17319,145,127,16
53,35728,23,133.19,2938.0,10049,149,142,20
19,36521,11,190.46,1967.64,5138,43,266,4
52,32943,14,108.39,2569.5,6389,71,215,7
51,30216,18,232.91,3777.17,10487,73,251,5
20,50332,15,263.22,3392.31,7203,159,246,15
47,77831,22,600.62,14050.84,37108,163,162,16
37,47842,22,328.28,5913.66,17139,117,106,11
39,57955,12,336.45,3315.75,9583,67,274,5
26,18000,14,102.45,90.91,0,92,199,11
36,47794,14,189.54,2924.49,7261,91,305,11
30,39379,23,213.18,6117.0,16885,197,62,19
30,29305,21,65.68,1410.79,2342,157,133,17
41,56023,12,232.5,2758.8,6617,48,210,5
19,41733,9,252.07,3047.94,7059,67,259,6
36,33475,18,186.26,3775.79,12496,83,206,13
34,58858,17,409.67,7499.97,20215,46,233,5
42,34762,24,234.47,5824.04,16109,92,119,8
40,34769,18,184.2,3668.7,8814,121,136,14
53,59396,22,535.05,11866.11,29927,163,120,16
47,29449,16,82.59,1240.74,3856,129,198,15
47,45207,22,265.1,5899.51,13718,90,157,7
40,83904,30,645.87,19501.24,49961,197,81,23
54,74347,22,550.91,11882.09,31260,105,209,14
45,40334,17,198.9,3687.15,9523,157,212,16
32,61779,22,401.09,8834.68,23788,51,128,6
42,34999,12,360.9,4158.74,11402,73,275,9
28,22491,10,66.04,905.36,3882,34,257,1
44,60856,22,467.07,9846.68,25684,186,114,17
18,22026,11,96.8,1041.87,2758,45,260,7
37,30290,22,88.27,1695.55,1600,202,104,20
47,30529,2,136.18,502.05,1923,8,315,2
54,54632,25,482.08,11915.26,29990,180,89,18
35,58942,22,358.41,7484.7,18348,128,148,13
49,40866,20,251.52,5631.38,15946,68,184,7
19,47583,11,207.31,2279.99,4856,65,312,5
28,35321,9,127.64,1099.91,1434,82,257,6
62,25204,20,73.75,1396.13,3775,208,183,18
36,51985,17,312.93,4919.11,9596,102,183,10
47,34945,6,166.48,1089.93,2908,22,372,3
36,18935,16,30.0,50.0,38,156,218,16
29,40394,19,163.71,2452.08,8425,133,147,12
20,37151,23,170.31,3467.54,9581,241,194,25
30,26056,17,98.21,1197.52,4205,175,168,14
40,28944,19,77.9,1025.09,3147,196,207,19
62,37774,14,165.95,1879.79,6559,27,204,7
53,38655,15,103.14,1376.49,3937,118,199,15
19,21930,18,79.41,2039.88,3828,137,181,15
36,28093,18,140.75,1967.9,5765,217,175,17
32,39296,15,188.01,3795.98,8371,54,241,11
48,64637,25,510.63,11961.51,30943,148,70,16
33,36271,15,146.47,2954.63,6757,117,232,12
36,37875,17,160.58,2668.63,8099,146,229,17
61,59465,23,546.65,13071.33,34241,153,75,17
52,50887,23,273.36,6378.2,16619,154,125,13
26,18000,11,134.69,1492.95,3499,67,252,8
21,20252,21,75.25,2916.74,7609,192,175,17
37,28838,20,132.44,3967.91,9039,210,205,20
33,23826,15,109.79,1254.72,2421,122,183,11
43,72136,16,523.66,9223.78,21236,121,266,13
35,47537,11,325.29,3722.95,10723,31,241,5
28,27544,19,142.04,2430.9,5226,151,132,17
31,35436,17,149.67,1752.07,5549,95,234,11
43,36763,26,181.23,4469.82,11212,208,101,22
45,66617,20,406.72,7624.57,21028,63,159,6
56,94749,21,591.76,12476.24,30967,139,126,13
48,29968,9,177.95,1844.46,4398,64,342,7
34,27019,8,133.21,1241.73,3886,5,293,2
39,26756,16,116.85,1625.33,4850,83,178,11
56,81940,21,625.7,13974.83,34403,156,161,15
30,27484,13,122.55,2088.65,4512,94,266,11
44,27180,7,163.11,1295.3,2170,14,275,4
18,27691,10,204.02,1344.26,6350,23,241,3
28,33853,21,166.08,2745.16,8455,174,144,19
25,35680,17,165.42,1793.42,2564,155,180,17
31,63301,16,502.7,7134.42,19754,142,173,14
61,47365,17,300.68,5804.38,17390,42,165,6
50,61912,15,536.62,7697.15,19059,90,194,12
54,60422,25,374.47,9560.1,23343,109,153,9
39,49486,10,200.09,2716.97,7516,58,239,6
53,86567,19,619.82,11227.9,30267,114,205,12
33,85890,23,585.8,13641.6,35923,151,75,16
21,23614,14,102.87,1576.57,4395,173,288,16
49,28358,6,124.92,968.05,1660,48,307,3
43,45508,11,329.94,3882.08,10514,88,273,6
44,76775,21,610.67,12650.54,31179,132,86,14
39,30555,5,182.81,1017.05,3597,13,244,3
27,36756,23,201.36,4702.7,12032,234,150,23
31,74578,21,555.87,12424.69,34119,153,118,14
24,35500,16,191.53,1819.0,7055,138,296,11
27,40698,16,258.74,4309.78,10057,134,163,17
45,72375,26,558.48,15083.85,39660,229,123,20
42,69873,21,543.45,10546.49,24469,135,183,14
41,67153,20,490.8,9452.72,24996,166,121,17
29,39814,22,316.45,7261.5,20296,94,118,8
54,75635,22,616.74,13557.06,33338,139,142,14
32,31111,16,102.35,2196.91,6308,76,212,12
62,43467,16,182.72,1740.33,4011,133,157,14
37,87220,26,667.71,17174.73,44812,176,112,18
28,37730,7,154.44,708.46,4753,32,234,2
27,23951,12,143.44,1195.69,2912,113,306,10
51,23635,18,120.32,1759.62,4430,130,252,16
38,73331,24,562.7,14593.04,33661,153,163,15
40,60197,18,452.61,7205.8,18111,99,176,9
29,18000,8,124.33,1564.8,4280,17,303,0
34,65360,16,537.7,8106.78,21923,70,252,9
34,34626,8,131.2,1651.57,5440,28,330,7
30,43611,20,182.76,3440.12,8445,186,230,16
39,57989,19,462.24,7798.95,21242,90,214,12
27,36095,18,216.26,3898.78,11090,131,179,16
18,31210,15,127.09,1334.07,2575,130,231,14
21,34240,18,204.61,4407.24,11180,144,129,14
32,54425,16,304.97,5553.25,14180,85,208,10
50,28001,18,176.01,2644.05,5181,172,130,18
21,22135,21,158.1,3579.02,7385,173,189,19
69,28917,14,109.07,1108.08,5351,68,175,5
44,90003,25,676.96,17297.65,45852,177,92,19
35,48038,23,215.75,5585.66,13460,177,97,20
23,18000,21,99.87,1993.2,4326,206,133,18
32,38568,22,164.91,2998.16,7281,167,158,17
39,33500,20,142.91,2466.72,5888,198,132,19
35,39733,7,184.88,2004.23,4865,41,270,2
36,20210,4,140.39,1133.39,3988,61,314,3
54,29301,12,148.83,1349.77,4371,106,237,10
30,62215,23,399.35,9555.96,26153,71,149,6
46,82067,27,607.84,15841.58,42156,170,52,17
50,45138,20,352.7,7319.77,18213,151,179,14
26,40513,11,186.13,2650.22,7839,22,270,2
37,34634,22,207.51,4827.75,12050,197,151,19
50,23753,11,104.85,854.41,3474,103,253,9
40,45306,8,247.12,1966.91,7070,39,308,5
44,77089,30,653.76,19276.74,48130,213,7,22
49,60852,15,396.41,6159.37,14252,75,205,4
42,38046,16,169.3,1977.95,6678,143,242,14
42,57178,17,509.54,8389.75,22599,106,194,12
23,34448,17,174.18,2697.59,6439,133,119,15
18,29969,14,139.56,2069.76,6075,101,259,14
24,36375,13,183.63,2810.07,5132,73,236,10
52,35859,20,134.61,1942.72,5477,147,142,17
46,29428,5,167.96,1099.17,1479,5,292,0
52,37666,12,200.78,2786.37,7637,88,282,8
30,37047,15,222.38,4109.47,12112,142,239,13
29,48719,14,231.68,3454.4,9771,108,169,13
48,30874,15,104.6,1536.19,4389,131,230,12
48,44589,7,209.35,2023.51,4239,44,318,5
25,26228,18,154.89,3676.66,7922,114,176,14
57,27064,2,122.08,687.28,4243,24,356,5
46,40433,15,191.67,3252.7,8984,74,164,5
49,24793,27,122.37,4075.65,10801,201,59,20
41,38136,20,156.02,3494.1,9023,158,174,17
48,51628,20,304.53,5303.28,13745,82,144,7
48,45899,18,293.61,4987.16,13039,56,174,8
28,33335,12,136.86,3524.11,11723,130,293,9
58,38592,22,162.95,3161.71,5268,178,201,20
28,30564,20,73.9,1269.57,3935,141,142,17
30,28102,16,139.83,2063.57,4110,145,127,16
50,29338,19,136.74,2315.86,5933,167,226,19
47,34923,24,242.52,6535.09,17665,128,88,11
39,64384,25,544.47,13231.61,34432,145,95,15
41,42198,13,176.71,1920.28,5237,78,207,6
27,28832,20,127.82,2302.55,6259,190,189,18
38,66844,21,361.54,7679.87,19852,84,171,5
51,38754,19,171.28,3726.82,9259,143,167,15
29,35060,5,169.1,1607.96,1085,5,273,1
42,55640,20,358.83,7413.92,18689,78,143,9
45,31676,15,129.51,2467.12,5758,121,276,8
35,61502,20,399.03,9256.97,23351,106,202,9
48,81094,22,676.5,16135.61,42936,135,135,14
45,29624,22,101.07,2280.28,5204,176,83,16
51,36616,16,177.23,2963.86,7564,132,180,17
39,45277,10,207.3,2263.22,3798,91,294,6
31,25886,19,101.35,1356.44,5186,150,176,14
32,87751,22,628.16,14143.08,36259,64,165,9
44,46172,26,305.54,8184.66,21421,148,171,15
33,49448,20,426.13,7753.1,18780,136,156,18
23,19467,14,57.65,816.24,3708,115,164,10
34,36564,15,209.16,1109.74,2536,161,178,13
44,30896,23,133.3,3629.91,10077,207,72,21
44,37996,20,156.68,2276.25,5987,201,138,18
33,25212,14,102.13,1780.44,4535,148,253,15
40,28072,19,114.63,2380.05,5288,162,250,18
74,36116,20,140.27,1594.84,2165,162,129,21
44,34459,15,140.48,2243.96,6286,147,293,15
53,81655,22,585.99,13275.42,33459,141,155,12
48,24575,20,102.78,2143.22,5240,161,189,17
47,30168,19,143.63,2570.13,5795,177,197,17
35,29348,18,147.92,976.65,1842,179,178,21
18,41559,12,204.01,1619.29,6008,106,260,14
62,43478,4,191.97,50.0,1296,15,315,3
44,39647,26,209.64,5017.81,13637,258,43,28
23,33255,12,196.4,1847.68,5296,77,190,11
30,57881,18,276.45,5311.32,14361,128,155,14
23,47023,13,215.59,4006.82,11458,73,262,7
29,39745,27,212.99,6560.3,17768,201,94,21
35,30322,18,162.14,2965.93,8749,122,211,16
38,56899,20,403.67,7328.93,17894,76,214,8
68,28736,17,103.97,2395.39,6199,174,213,20
36,67374,24,493.62,12211.05,31353,146,148,16
51,42424,6,161.06,406.51,206,62,316,3
43,68457,18,536.32,9493.41,23861,82,199,10
22,32174,16,142.34,2492.17,7022,87,226,15
19,52901,24,212.6,5152.21,12128,183,62,23
42,61142,15,423.56,6451.48,17968,76,208,10
39,76310,25,590.19,14741.85,36171,89,107,12
47,57234,16,379.33,6290.77,16018,106,229,5
26,48164,20,298.34,6848.52,17959,121,92,9
21,29585,21,163.83,2832.51,7785,191,151,17
34,34631,24,212.94,4778.28,14206,198,102,21
41,49496,18,317.74,5745.34,15892,43,166,6
32,68515,21,446.5,9132.29,22950,118,104,10
42,27073,18,56.15,563.75,240,184,167,19
30,25565,10,60.87,505.78,389,50,285,6
32,38908,19,181.36,2562.38,5524,171,108,16
45,32711,16,166.52,2548.23,6662,175,195,15
32,49929,27,326.95,8307.96,21513,114,112,13
27,31248,18,96.67,1816.58,4189,201,181,17
46,51160,22,412.8,8762.32,22470,164,123,10
29,78167,29,564.68,16851.79,41826,236,91,23
25,24345,15,116.62,1185.04,1753,123,268,12
25,35530,23,151.71,2167.25,6016,205,164,23
57,54643,19,368.4,6559.68,15443,119,174,9
24,19618,20,30.0,719.47,3475,165,213,18
28,35011,22,108.08,2469.2,5264,147,109,18
22,27062,17,95.12,1730.49,3630,136,220,16
26,35818,15,190.8,3156.53,8574,99,224,11
51,78165,27,606.73,17109.26,44810,223,120,20
40,29050,19,249.64,5492.03,15338,143,171,13
32,37220,16,235.94,3066.78,9470,78,206,11
18,29490,22,137.35,3316.09,8816,184,157,21
39,40825,22,184.75,3940.3,10013,162,136,17
52,53133,23,347.23,7391.15,17820,99,167,11
39,36211,8,223.24,1847.23,4864,53,314,7
47,50347,21,260.98,4888.91,13903,152,114,20
63,43999,7,181.85,935.04,1990,57,242,4
31,35461,16,224.77,3501.17,9660,137,185,13
31,21036,16,68.1,721.22,18,72,219,6
50,33180,18,138.16,2579.62,8222,194,193,20
29,19502,17,30.0,1151.1,2335,110,265,13
49,65874,20,503.45,10621.71,27983,133,219,11
31,36076,21,183.76,3359.86,9261,154,104,18
35,46927,12,229.29,2960.21,8777,71,283,8
43,77396,22,570.52,11646.09,28875,208,180,16
50,30745,14,30.0,615.83,2393,138,210,15
50,19955,19,99.63,2159.99,5026,185,140,17
49,59810,26,405.92,10658.08,26764,101,102,9
56,64272,20,508.8,9523.65,25691,100,104,11
51,34444,20,196.44,4578.95,11510,171,122,19
52,32285,10,183.04,2789.7,7640,46,244,3
29,37111,17,130.88,2411.07,5776,144,182,15
43,64725,15,565.7,8387.98,22570,59,175,11
38,22584,16,41.26,50.0,0,155,201,15
53,84170,26,654.46,16885.55,41687,222,148,21
36,30263,3,100.61,1519.1,3995,5,330,0
53,79059,24,601.35,13775.64,35601,188,209,15
45,38142,6,179.05,1639.53,5566,28,362,4
67,40395,9,170.29,1056.91,2602,70,300,3
37,75906,26,593.32,15866.56,40766,222,124,20
62,31008,23,135.44,3527.41,9977,195,83,22
40,34689,17,109.94,1202.67,4168,160,222,17
22,35960,8,182.05,2146.7,5709,41,237,6
41,37052,23,163.0,4746.14,11259,177,187,18
39,22473,16,126.26,1628.58,4887,180,222,16
37,28332,6,202.62,1623.67,2590,5,356,2
37,58341,22,334.12,7616.46,20956,49,133,8
47,85969,24,573.53,13150.14,33091,194,170,17
48,34028,14,138.86,2099.09,4274,129,232,13
43,41242,27,203.24,5310.2,16700,208,52,23
25,42508,14,225.99,3378.54,9325,90,235,6
41,100139,25,748.61,19569.4,47211,148,74,17
36,85940,28,610.25,17484.35,44347,178,126,20
28,29682,19,107.9,2627.27,5406,135,190,14
49,38174,11,152.81,1570.86,1849,71,232,6
32,39823,11,188.21,1547.71,1949,103,283,10
30,42914,17,221.87,2949.32,6752,122,226,16
42,32987,14,180.93,3481.64,10461,59,200,7
44,41097,11,310.63,3690.5,9800,32,197,5
52,39041,14,253.48,3353.55,8202,76,250,8
47,38102,23,148.11,2884.61,7185,198,74,19
39,44997,9,232.45,1644.4,3117,88,263,5
48,29859,22,320.66,6335.91,17002,175,165,15
39,39222,28,122.98,4738.57,11243,257,1,25
31,49187,15,280.68,3760.54,8892,45,229,5
27,44456,21,235.73,4426.88,12096,114,169,11
43,35682,17,100.31,3362.27,8627,170,202,16
42,35572,19,99.78,1905.1,7403,200,195,16
36,68507,26,523.44,14315.15,36503,169,74,18
34,26607,24,102.0,1837.58,4675,212,151,22
38,71913,22,575.99,12654.92,33987,141,191,14
38,51300,12,311.14,3720.75,10358,77,246,6
39,81632,23,559.43,12637.88,30944,168,139,14
20,28623,7,125.31,50.0,1896,53,265,5
24,38269,22,220.6,4218.1,10596,214,143,20
44,68714,23,535.63,12532.45,30451,169,119,16
28,47522,7,187.47,1735.19,4303,47,250,5
33,29147,11,167.76,2053.56,5959,103,222,12
29,31606,22,149.52,3975.58,9652,174,148,16
32,24779,10,85.75,768.38,1248,97,211,9
21,33911,20,184.84,4594.55,14526,170,228,18
45,70640,29,572.61,15661.33,42074,213,28,21
18,33533,17,170.71,3162.76,7008,174,196,19
24,35366,16,234.97,4139.31,13355,170,206,15
43,74555,24,600.73,15363.35,37835,193,134,19
38,76268,21,579.05,12405.5,32316,102,142,12
25,47725,17,278.71,4857.33,11705,189,231,18
55,18000,21,75.0,1695.02,5840,179,211,20
50,23514,9,101.24,407.03,996,17,281,0
41,40493,26,215.8,4679.87,12325,255,5,26
36,46777,13,298.95,3334.03,8353,45,282,4
38,33505,18,143.52,2329.51,6153,143,147,15
18,39012,18,170.51,2215.3,4883,173,220,18
35,36484,20,334.05,6276.33,14653,136,194,15
36,25819,13,124.92,694.27,975,136,224,10
52,46166,25,290.77,6493.71,17143,180,144,10
19,35508,13,148.88,1869.58,5251,124,263,11
44,52735,23,337.82,8169.18,20180,93,156,12
42,26298,16,140.11,1978.19,6373,130,304,11
45,41341,21,276.98,5527.46,13936,132,144,8
30,45885,22,256.29,5003.48,15430,169,127,16
39,18000,23,108.57,2960.42,7602,187,170,21
42,37747,20,110.89,1157.44,1967,160,199,17
36,40349,6,111.34,2020.97,5701,49,361,4
44,28702,9,179.33,1057.4,4395,33,279,2
42,89368,22,678.3,14105.82,35227,154,128,17
54,32903,19,122.58,2908.09,9315,222,151,21
39,36774,9,243.36,2120.61,4222,69,259,5
43,50806,7,246.37,1427.6,4687,52,282,5
44,63800,19,577.53,10622.78,27167,123,185,14
36,47888,16,437.9,5539.56,14027,152,239,13
33,18084,13,90.58,1064.67,3362,86,167,12
31,28327,17,159.74,4186.1,12944,110,192,14
48,39436,26,211.41,5435.77,13848,225,130,24
27,28844,15,104.26,1416.62,3584,155,192,16
57,34355,9,168.27,1143.52,2144,78,283,3
42,50351,24,310.8,6416.29,17211,105,113,7
50,46676,23,271.99,5966.64,15513,97,92,9
43,66120,15,457.92,9213.01,21330,76,226,5
34,36830,17,134.25,2017.87,4743,126,219,13
54,71911,15,586.52,9546.24,24607,85,214,9
45,38786,24,160.6,3910.37,8658,194,168,19
38,61090,15,397.14,7141.72,18892,89,223,9
32,35666,7,178.08,1498.18,2648,5,315,0
43,35630,20,142.75,2241.78,5757,228,111,20
40,30557,18,323.19,5392.83,14563,100,194,9
56,22880,12,82.14,1270.43,1402,107,284,13
39,25571,20,132.84,2206.47,5588,169,231,18
20,52590,8,258.56,2457.36,6101,43,332,5
38,47132,16,238.11,4727.71,13575,114,176,11
45,43808,17,230.71,4459.22,12107,167,252,18
27,25555,14,67.41,1217.17,4144,141,219,16
41,80008,15,590.69,8758.61,22286,143,215,14
37,23045,24,151.5,4192.53,11053,181,97,20
44,78580,24,570.02,13563.79,32067,181,157,17
20,33309,15,204.67,3245.45,5888,107,222,13
46,75081,24,567.29,13405.79,35018,179,176,19
36,48142,15,383.68,6191.24,17212,115,195,15
37,36246,19,282.49,5073.74,10911,125,239,11
42,36740,10,200.51,2020.88,5967,19,302,4
55,26248,11,210.69,2289.05,7017,65,308,2
50,60266,17,410.29,6506.72,17420,59,112,4
49,45190,14,465.29,6393.82,16436,50,220,6
41,33755,15,141.96,2441.6,5522,92,173,11
42,81905,22,629.24,14074.91,36650,186,114,18
56,36628,17,297.49,4895.19,12610,75,179,9
35,63896,26,472.3,12027.57,31527,198,115,16
38,44579,23,396.69,9156.78,23399,175,167,17
58,49432,21,247.43,5216.82,13884,158,120,19
61,37450,17,172.75,2140.96,7467,173,230,15
48,72809,24,572.31,13806.71,34773,186,116,19
25,51481,15,357.73,5933.72,14699,103,210,9
48,80941,23,584.05,13272.91,34940,212,68,21
36,25520,17,111.28,2699.59,4129,108,229,11
35,39238,18,265.1,3717.76,8567,118,228,12
49,91720,31,693.95,21517.91,54873,185,33,18
46,40716,14,259.42,5075.71,13622,66,238,8
53,31296,12,186.8,1772.49,5988,38,228,5
25,30178,17,154.94,2746.13,6228,110,157,12
47,48541,15,406.55,4805.17,10839,116,286,14
58,93205,28,697.4,19289.88,48793,200,56,21
39,35627,13,104.07,577.87,165,173,217,13
55,29566,18,128.57,2345.41,5129,143,124,14
25,34439,14,200.42,3016.66,10709,81,207,5
49,29926,2,132.55,457.29,0,21,357,0
37,109063,21,760.45,15323.0,37767,148,149,13
40,74529,25,664.49,17194.77,45087,148,138,15
48,26481,15,139.96,2521.16,6378,122,223,12
27,26893,11,133.3,2574.15,3451,137,203,9
42,67955,19,428.73,7043.44,20678,106,144,11
46,39066,9,241.36,1691.76,2312,37,341,3
42,50564,16,188.96,3341.07,6209,40,180,6
22,27207,24,130.34,2925.97,7987,153,101,17
27,27901,11,185.0,2111.68,4235,85,259,8
50,40302,17,218.12,2809.77,8648,121,174,13
35,74162,25,549.08,13401.77,33479,218,84,20
52,30992,13,113.78,2553.18,8115,43,233,6
39,83424,18,602.29,10747.59,28122,138,157,15
25,57311,17,334.55,6065.02,15248,110,138,10
51,60863,20,513.14,10424.82,29060,183,204,17
41,33261,21,114.94,2491.8,4740,147,226,18
18,28211,20,140.02,2702.5,7324,164,243,17
25,56034,24,388.66,9810.44,26529,76,117,7
33,37815,11,133.89,909.89,2850,65,344,10
54,58908,28,323.77,9742.49,26737,147,52,13
52,28281,23,103.17,2313.82,5326,189,70,19
38,52539,12,323.93,4532.3,12242,83,312,8
47,43934,19,263.18,5351.62,12821,179,156,19
33,28875,1,84.32,50.0,0,16,343,0
32,49453,17,333.2,5223.29,13004,68,177,7
34,79726,20,602.19,12142.52,30807,149,193,16
42,53674,14,381.88,5746.99,13714,59,259,6
30,32530,16,242.88,2970.47,7414,72,212,5
28,54660,21,288.04,5226.46,14354,189,122,19
38,22264,12,36.77,1844.5,4969,84,223,9
46,65179,25,517.15,12298.29,29515,187,98,17
33,23156,21,97.61,1711.15,3674,160,141,17
37,35509,16,102.44,1602.26,5456,139,212,16
20,19502,18,68.32,556.28,1121,153,195,17
39,46420,13,218.55,3366.89,9820,64,264,4
53,66426,20,519.8,11085.08,29172,83,177,8
42,27368,15,184.17,1868.04,5133,119,257,11
28,40279,27,226.38,6301.06,17498,249,106,28
45,27379,15,139.49,2155.28,6798,130,207,16
55,63728,26,388.54,10633.89,26798,107,127,11
42,40963,21,150.7,3460.79,11313,178,159,20
31,54647,18,477.66,8641.54,20712,125,142,13
52,57701,14,380.63,5781.28,15118,19,272,5
40,52703,21,344.97,7724.0,20297,148,136,12
46,76548,28,559.09,15860.79,40299,145,39,19
22,32053,14,145.79,1130.18,3088,149,256,13
41,29277,22,172.57,2541.85,6438,190,97,20
55,22087,21,91.94,2263.64,7141,171,147,18
22,37531,6,231.09,2199.77,6017,63,306,6
21,26431,15,140.36,2203.91,6241,105,189,11
29,32097,18,163.99,2034.93,5158,157,181,12
47,59050,23,482.11,11183.98,28357,103,58,16
42,69654,26,549.89,14599.76,36997,180,98,21
27,34076,15,134.34,2146.0,6817,130,227,13
31,21813,18,87.1,1832.26,4804,157,194,18
34,32780,4,148.27,1098.48,4836,5,342,1
55,49029,18,408.3,7249.24,19277,104,201,11
36,41997,22,339.77,8214.76,21378,111,149,9
38,45482,5,229.03,1388.1,4894,57,287,5
47,81851,21,574.03,11639.64,30280,127,164,13
31,75489,31,577.26,17491.9,43918,204,4,20
65,42694,16,214.68,4371.85,11289,108,211,13
31,32765,15,92.99,1999.93,4840,107,260,11
43,31214,24,161.34,4568.53,12366,186,155,20
45,43380,22,312.43,6771.79,17260,90,142,9
38,37381,20,227.17,4257.72,12387,174,191,16
49,39370,16,162.49,3924.23,8760,156,243,12
50,23512,31,132.9,3580.08,10176,293,57,30
44,53693,14,336.06,4931.55,17308,20,253,4
26,39576,17,225.69,2264.93,4814,98,218,13
50,49508,15,350.07,5019.77,14558,72,135,8
36,57229,18,350.92,5716.42,14095,129,188,11
26,24108,17,118.39,1843.36,2274,109,234,15
35,26777,17,193.45,3261.07,6656,180,182,16
49,61757,18,503.18,9401.38,24634,147,183,16
40,32271,19,239.46,4758.78,11193,56,225,7
39,41553,11,190.54,1481.26,3441,55,221,8
40,32653,24,144.6,3628.16,9183,181,63,22
51,42451,23,287.72,6479.34,17514,96,86,11
43,28626,18,117.56,2600.26,7140,153,236,16
50,25127,18,76.59,1260.26,1657,144,267,14
46,49257,18,256.88,5056.38,14658,93,206,10
32,53294,19,379.79,6763.68,17407,108,129,13
25,46023,21,271.72,6240.68,15876,107,99,9
43,72887,24,605.09,13788.18,33741,188,147,18
32,35338,23,142.08,2853.49,7263,174,148,18
50,44192,18,171.59,1926.2,5056,139,172,18
36,32487,6,153.31,1286.81,4256,43,331,3
44,33317,15,145.32,2065.67,5527,183,252,15
36,63717,15,473.21,6696.51,16486,106,237,13
57,81709,19,556.44,11428.68,29002,131,191,11
40,59360,19,332.15,6150.19,15222,86,198,10
21,28839,16,160.03,3144.55,6763,123,206,14
29,28652,1,106.8,50.0,1133,5,359,2
43,46479,19,380.43,6245.62,18666,131,184,13
43,36608,8,130.07,1301.79,4121,22,305,1
31,20061,10,100.68,2014.37,5076,89,255,9
32,27768,20,198.96,4184.01,9276,187,215,20
31,31930,17,98.06,1874.11,4636,143,171,16
20,37783,7,150.44,1471.84,6278,74,227,7
36,42964,15,253.47,3714.88,7923,84,168,6
38,35811,17,142.57,2345.53,6962,116,164,15
38,46349,16,324.02,4901.34,14363,53,188,4
45,24008,9,99.96,574.71,401,76,253,7
40,55476,16,389.51,5292.02,14262,63,255,7
55,49888,10,325.15,3136.53,7168,5,293,2
60,38646,18,295.15,5249.99,16265,150,160,11
44,45778,23,233.57,4636.09,10577,193,113,20
37,30303,17,180.14,2433.25,5411,141,182,16
38,32999,6,185.83,1282.72,5798,73,315,3
46,61461,21,390.28,8850.07,23521,143,166,13
55,78246,20,601.23,11726.96,31048,146,155,15
38,48804,18,297.44,5452.13,14649,75,193,10
31,22582,21,88.56,1527.81,3258,227,215,24
49,25525,12,114.7,1441.23,4517,102,248,8
30,32449,13,181.42,1874.76,5078,110,231,8
39,73774,23,568.62,13933.4,36655,156,139,16
44,77130,24,600.15,12900.67,32040,222,133,21
22,45013,20,241.82,4578.71,11662,179,158,16
25,18000,18,91.48,1840.93,2757,145,180,14
26,62055,11,275.87,3467.48,9586,71,283,6
55,69767,21,561.91,11726.89,28611,132,137,16
36,22264,19,42.5,1079.19,3030,186,138,18
18,37827,17,191.6,2421.28,7068,150,215,14
30,30011,13,125.79,1912.93,4893,75,286,11
53,61700,21,480.38,10323.56,27441,181,119,14
51,56674,24,321.87,7678.11,18740,99,80,10
53,56634,22,349.22,8267.38,21842,114,141,10
24,32901,13,151.43,690.23,1304,127,233,12
34,44640,23,328.21,6789.21,16302,130,172,12
35,23636,4,118.85,50.0,0,27,306,2
53,75376,19,576.37,10333.81,27940,161,211,14
43,32910,1,186.66,357.75,1938,5,395,0
31,32529,18,180.79,3517.39,9772,115,179,15
57,25721,13,92.04,394.67,1356,62,175,6
47,83622,31,578.09,18300.79,45496,222,67,22
49,61827,16,498.92,7420.32,16849,80,180,12
58,42003,21,235.33,5462.31,14264,227,92,20
47,62027,26,437.77,10429.94,26678,158,144,17
18,34121,11,173.07,1312.91,2594,56,283,5
26,28302,22,104.88,1952.79,3997,176,125,17
32,25759,4,123.03,133.77,979,21,311,3
42,39331,16,182.86,3899.41,11470,138,231,12
40,97158,24,721.61,17809.96,47170,128,74,15
52,18000,23,60.56,1516.7,3357,214,125,21
31,58138,19,324.84,6403.54,16536,112,186,7
43,25191,11,86.61,689.47,1948,56,211,5
26,26220,15,155.72,3042.03,6691,85,225,12
47,90834,22,672.51,15204.28,38535,143,195,16
44,53327,17,358.64,6740.9,16196,127,207,13
38,31372,14,128.69,826.55,4226,128,248,10
40,21363,12,101.9,84.65,1194,69,224,10
47,45923,4,175.34,1508.19,4605,45,337,3
39,33852,16,239.81,4197.55,11750,114,152,5
39,26300,7,80.14,1151.24,3075,57,331,6
34,70408,26,582.31,13654.07,33517,170,69,18
32,68418,17,396.63,7809.49,22338,108,218,8
47,61894,18,377.38,7215.5,17006,62,201,8
43,48653,12,337.83,2710.16,7767,77,233,5
30,38994,17,120.78,2115.81,2993,125,246,15
55,18000,9,100.19,1216.85,2940,24,254,5
26,36174,11,168.18,1951.73,3333,59,235,7
56,20651,6,107.96,656.98,3427,74,291,7
32,55069,17,376.35,7131.08,19699,63,163,8
33,31387,17,135.67,2052.06,5097,164,137,14
64,56573,18,483.53,8627.3,25405,114,125,12
54,56501,16,474.83,7606.33,20310,167,209,15
55,40222,18,287.23,4967.39,13692,75,161,8
34,28683,17,204.54,4190.49,10856,163,231,16
36,72437,24,523.47,12140.72,31313,159,182,13
26,25039,7,82.81,50.0,0,9,347,5
22,36693,17,181.92,2578.56,7565,127,157,14
31,42240,8,247.65,1581.54,2755,41,262,2
40,50731,14,472.99,6037.42,14925,142,216,10
39,42851,29,434.25,11645.43,27546,161,100,21
32,47816,19,308.37,5112.43,11119,79,210,10
25,45361,22,167.74,3586.24,10596,177,118,19
49,54859,20,281.99,6836.37,15437,74,139,11
26,37195,16,203.09,2795.37,7738,106,244,13
20,34294,27,134.21,4218.65,10136,215,83,23
30,38715,8,142.06,1227.44,3532,38,230,6
46,62971,22,484.46,9569.54,22549,183,91,18
36,70986,32,488.57,16211.89,40834,231,1,24
30,39975,10,172.94,1261.94,6432,70,293,5
36,41624,15,148.19,1691.95,3203,100,136,11
49,24144,6,65.32,696.46,2591,39,275,5
25,39479,10,136.54,667.35,1586,88,282,7
58,42265,22,202.58,3886.08,9437,226,220,24
36,66048,19,499.01,8779.48,24218,127,76,15
52,93725,29,647.69,19288.82,49742,163,57,17
33,37415,15,220.72,3723.7,10561,111,224,12
29,37574,20,345.76,6856.06,16111,148,249,16
18,37699,7,95.48,913.55,2545,75,333,6
28,33498,17,174.21,2658.64,6565,150,231,15
26,36978,14,164.74,1995.71,5418,117,256,12
30,30952,13,126.72,1048.82,1104,95,236,7
33,31947,4,170.69,133.35,1303,26,304,3
51,80685,25,618.43,14649.89,37082,115,76,18
31,55298,13,331.34,4044.44,10894,101,273,9
46,43549,11,333.36,2449.02,6504,67,312,6
21,27095,16,35.65,1117.31,3935,165,227,16
40,71306,16,575.66,8245.57,20851,48,139,7
32,45767,28,272.85,7778.15,20653,160,115,14
51,42380,4,189.32,1273.19,2753,50,290,0
36,75076,31,553.43,16543.88,40976,225,51,23
26,40750,23,221.99,4264.91,11891,160,147,18
55,39571,22,237.33,5912.43,15125,121,133,10
41,23134,11,49.48,846.57,3698,87,255,3
25,92521,23,673.37,15245.11,38939,178,116,15
35,34569,16,108.47,2354.11,5860,137,220,14
42,99238,30,731.13,21728.8,55167,189,57,20
24,31274,16,164.7,1884.05,4089,161,216,13
31,30639,7,183.7,1914.09,5015,54,271,6
40,63581,12,553.4,5894.55,15084,45,238,5
18,35418,19,141.43,1256.56,2910,104,156,9
28,25408,15,116.77,1384.53,3894,124,273,13
48,36106,5,180.0,780.13,2007,17,281,1
35,66390,34,453.39,15137.94,40604,230,33,22
41,35023,12,136.94,1697.44,3437,91,230,10
51,34067,19,117.81,3229.63,8304,177,153,18
37,43305,22,277.03,5937.02,16521,136,202,14
34,48254,18,292.19,4545.72,10369,131,221,14
56,31558,30,125.38,3834.81,9625,287,28,30
68,40365,10,186.78,1799.21,4558,69,303,4
37,49060,24,430.48,10923.17,28860,194,60,21
45,24222,16,55.2,1131.7,622,137,193,14
35,54993,13,347.39,4280.4,10358,85,316,7
44,63206,24,402.99,10020.45,26922,150,122,12
57,61448,22,465.88,9426.23,25672,154,124,15
53,30402,9,149.56,813.84,4065,28,250,5
28,38150,22,161.24,3753.4,9028,160,186,18
22,55495,25,285.09,7011.1,18425,206,120,21
23,37501,16,152.88,3245.96,8749,112,279,12
36,75874,33,544.04,17673.43,42954,203,23,21
52,22105,12,44.5,841.74,473,105,297,7
33,46473,8,265.25,3127.25,6259,54,292,5
25,33413,20,144.58,2862.17,7953,202,155,16
27,29035,18,91.25,2216.95,6519,177,219,18
38,68542,30,610.83,17768.7,45788,133,91,14
29,38320,18,161.47,2673.73,6945,109,225,16
35,66665,25,437.12,10786.56,29905,100,161,11
43,41759,20,252.54,5385.34,14254,118,76,7
33,40094,20,263.98,5164.76,13644,123,195,11
18,33689,7,181.98,954.66,1598,60,302,4
31,51772,27,411.33,11864.82,29713,234,98,21
39,20145,19,70.26,1991.97,5866,139,135,16
30,45685,15,202.7,3359.06,4878,99,229,10
39,68877,22,482.14,11131.89,28250,179,115,17
59,52741,18,447.89,8861.73,22391,142,187,12
28,32193,21,169.85,3917.96,7663,145,136,14
23,31523,17,191.47,2331.17,6389,125,158,11
41,36657,19,252.54,4925.59,12418,106,163,10
59,49837,11,206.34,2369.04,5306,58,234,5
34,46578,8,238.94,2595.14,7020,22,273,4
33,40571,15,184.5,2670.9,6477,138,248,7
35,50259,16,290.79,4928.78,13381,108,199,10
25,20294,7,100.11,1413.46,4028,51,315,3
41,78094,21,634.22,12737.37,34341,136,161,14
34,32368,6,101.61,245.9,0,31,292,3
43,33840,14,130.28,1938.33,6128,80,242,10
42,43526,15,336.26,4468.82,13263,74,188,7
41,73692,22,588.09,13027.3,33352,172,83,17
44,20261,12,102.4,1458.62,3708,67,191,7
32,39237,17,168.0,3445.53,9971,157,240,17
25,28147,10,91.57,369.45,1621,72,263,3
55,83862,28,573.74,16423.82,43253,187,115,21
30,35339,19,93.28,2007.11,3414,169,194,18
28,32459,14,178.82,2551.17,6955,123,202,12
48,27695,10,114.44,1946.63,2924,56,285,6
18,32425,21,123.88,2097.06,7851,142,154,15
31,35019,11,146.34,1122.03,2231,41,269,4
52,45112,25,370.08,8984.77,24251,165,87,16
50,58679,19,305.94,6047.25,15100,98,135,9
46,42589,12,347.52,4482.1,11182,78,318,9
42,41838,16,176.51,2519.5,5490,108,219,15
26,37359,12,147.51,2702.63,5688,100,298,8
27,55156,18,360.86,7406.51,19621,123,224,10
28,34063,19,148.11,2191.3,6631,195,154,18
40,64475,28,455.9,12863.73,31770,216,45,20
33,29092,22,123.84,2842.22,8104,173,99,20
36,37118,12,158.89,2349.4,5887,69,269,11
39,60471,34,408.99,13736.26,35094,268,54,26
39,39571,19,174.82,3323.02,9337,135,179,15
30,32497,20,121.3,1181.87,3459,170,191,17
30,38448,4,195.59,1149.1,5859,5,297,2
51,63401,9,282.5,2597.03,8216,5,311,4
39,78402,25,598.44,14439.44,38108,158,64,16
49,54186,21,398.84,8034.33,22337,97,160,15
21,40186,24,187.66,4168.74,9378,188,108,18
34,46278,12,331.01,4525.63,8857,84,214,5
37,33385,14,147.12,2205.36,6171,84,208,9
41,55400,13,372.22,4689.79,12442,35,260,5
33,66001,22,386.19,8992.27,22006,106,121,10
35,43854,18,159.07,1636.72,4357,181,231,16
43,79347,20,630.43,13691.35,37310,116,145,12
33,45370,17,238.98,3417.87,8370,183,224,19
47,83798,34,638.12,21414.52,57711,211,33,22
18,22424,21,127.02,2558.28,5977,161,152,16
28,43360,15,222.29,2762.84,5427,37,147,4
42,64290,28,473.06,11788.25,29220,191,100,21
37,62914,23,470.35,10246.09,25991,168,138,16
56,32407,21,134.2,3344.03,7941,201,155,22
46,48068,19,486.98,8961.9,24315,140,159,12
44,49704,17,329.53,5791.64,13149,73,218,4
28,22434,13,146.26,2784.07,7832,105,218,13
27,23521,16,106.24,1148.38,2530,159,199,14
43,35575,15,122.11,1955.23,5784,130,186,12
33,64084,14,375.49,4803.3,12649,92,171,8
53,25088,7,92.33,701.77,2708,24,257,1
29,47611,21,336.46,6837.74,17510,126,180,9
35,31115,16,168.21,3212.47,9293,120,218,13
49,81433,27,565.75,15497.27,39813,204,113,17
35,32614,14,208.73,2250.45,7122,67,230,5
41,59821,19,385.11,6678.64,19213,139,200,10
30,32505,16,236.2,4359.95,12449,140,236,15
37,33551,21,188.16,3852.23,10321,178,128,21
43,64541,22,509.52,10858.36,26399,162,167,15
30,32369,21,133.58,2887.58,7272,177,188,18
33,45114,18,181.83,3041.17,9220,154,200,17
39,21998,18,134.67,1467.68,4025,200,139,17
33,56431,20,422.25,8976.24,22199,117,175,10
41,40386,21,263.17,5860.74,16185,79,104,7
39,30778,11,158.05,1238.29,2617,49,232,4
29,38545,21,135.43,2430.44,6100,137,111,23
45,45073,24,265.17,6001.26,15249,142,124,12
38,49520,17,218.36,3182.04,8524,130,233,11
20,49730,23,199.61,4464.13,11731,188,131,18
41,42880,14,306.49,3780.47,10574,81,260,6
41,44109,10,178.71,1623.64,4706,32,305,4
54,26622,14,107.48,2046.77,4810,128,258,13
53,54573,13,335.28,4200.81,12312,67,300,8
41,43816,6,266.73,1506.93,2089,10,238,1
35,31589,29,177.41,4592.57,10725,272,44,29
42,101673,27,703.68,19465.07,48503,217,85,22
47,45556,15,437.87,7937.13,21726,102,265,10
25,22080,13,124.9,1204.84,3120,120,238,15
38,51945,24,423.39,11113.29,29048,157,117,19
56,27938,13,145.49,3126.01,6459,124,293,10
29,28495,17,91.59,2724.28,6640,76,159,10
39,36712,14,130.98,1594.51,6493,139,235,13
33,49886,20,471.96,8512.38,20789,143,213,14
42,57218,11,275.1,2330.96,4073,93,293,5
49,56542,15,354.87,5482.35,13617,67,266,6
40,25197,14,60.52,1220.46,2708,126,224,11
40,42357,9,243.5,2900.9,6569,69,301,8
67,44907,26,264.46,7089.06,18748,112,109,10
39,56208,19,307.05,6152.62,15056,116,208,9
70,92911,27,677.14,18059.93,47057,201,155,20
27,48392,23,304.03,7059.0,17698,163,107,17
36,38123,17,88.11,1584.78,5592,136,145,15
50,34666,15,168.38,2747.17,4946,66,160,8
40,64776,19,500.11,10056.87,24938,89,179,9
61,59747,24,519.48,12992.31,32636,171,102,16
25,45179,17,235.75,5349.44,16370,132,164,15
36,26001,15,150.19,2331.06,6140,172,197,14
44,39379,21,260.82,5200.46,13787,111,200,8
18,34171,21,142.64,1912.01,2665,153,194,16
24,33264,15,61.17,208.33,2489,138,237,14
28,31302,14,171.99,2658.51,8728,77,196,12
46,52592,17,463.75,7983.08,20676,170,220,16
23,31698,18,130.47,2156.72,5335,158,216,18
56,21153,13,90.76,1324.19,4438,149,233,10
48,45285,20,270.42,5029.82,11374,67,167,10
54,36713,21,113.56,2232.51,6499,150,102,14
34,26917,15,105.1,2104.33,5694,129,230,12
37,35595,17,171.57,2839.34,5895,10,153,7
55,21217,6,152.27,804.43,1770,43,253,0
39,18798,19,63.68,50.0,0,173,158,19
41,29454,2,130.35,50.0,155,5,372,0
38,37850,8,196.07,1063.16,3084,31,275,4
31,58898,8,252.63,2589.12,7696,49,281,2
39,89923,25,644.21,14764.64,36733,169,168,17
46,19568,27,79.14,2306.96,6079,255,171,25
22,43781,24,168.0,4140.29,11923,186,117,22
39,41841,20,127.32,4533.92,9137,180,140,19
28,67962,30,491.94,14176.98,36272,201,56,19
18,41140,12,292.28,2668.5,5600,64,236,7
46,78076,22,643.26,14818.68,38335,187,178,15
33,35762,11,131.73,250.44,0,50,228,7
50,27174,13,121.01,2580.78,8689,92,177,9
53,51179,22,284.16,6124.29,16877,90,150,10
46,61812,29,428.54,12754.6,33484,190,96,20
50,49153,12,262.65,2897.74,6386,97,275,7
38,29601,6,117.24,651.99,2305,24,297,4
42,67206,21,506.42,10966.48,28483,200,169,17
27,31447,19,225.52,4290.95,11466,190,130,20
28,35822,23,222.42,5679.16,14261,193,138,21
54,37812,7,168.61,980.52,2808,60,240,5
19,34646,10,96.4,2127.45,7372,99,309,11
52,55887,17,402.04,7070.67,18680,77,188,6
32,71102,31,471.88,13511.07,32877,199,81,24
40,79759,28,574.35,16514.94,43331,178,61,19
38,36034,17,216.25,3497.93,9601,83,214,8
29,26522,18,163.34,2151.26,6254,155,148,12
60,77393,23,591.06,14238.28,37768,163,85,16
48,78161,24,533.99,12554.36,31430,186,131,18
24,34027,15,121.78,1705.8,4620,89,180,12
43,37878,7,137.36,1585.83,4095,5,284,0
42,57124,23,469.1,11051.08,26907,142,90,16
44,33563,11,111.53,838.84,2971,61,286,6
44,42756,16,287.79,5890.03,15971,48,218,6
40,26731,18,79.25,1148.87,2093,122,214,15
45,36731,11,157.35,1844.21,5366,115,201,11
46,79670,30,589.6,16962.84,43847,234,79,24
51,36862,15,194.42,2574.97,8588,83,178,7
40,38366,7,132.44,278.4,0,38,308,2
36,29104,18,118.36,2221.26,5800,155,122,13
49,51128,10,244.56,2089.54,4641,40,296,6
40,38087,15,233.35,2865.2,6232,117,257,14
42,56819,14,359.72,5021.35,14018,43,213,3
29,27482,15,158.83,1865.7,4738,99,176,12
53,41033,13,216.0,2462.19,6238,21,240,3
48,48399,18,356.01,6251.3,15511,77,149,9
42,68912,30,543.32,16690.93,44123,214,115,22
36,32634,9,147.19,1407.87,5187,77,255,9
39,55981,12,379.74,4919.22,11387,56,254,5
45,41508,13,188.35,3022.34,8029,138,248,13
45,49448,19,282.07,5960.58,17530,61,160,7
44,36248,15,174.78,3142.36,8058,136,282,15
48,26501,15,106.35,1874.94,5086,104,209,14
39,74063,25,566.19,14355.57,36046,165,82,16
62,67754,34,518.4,18660.7,46516,275,1,27
42,50004,13,216.34,2766.28,8207,67,206,5
36,38750,16,137.65,2315.02,6181,84,173,6
44,47760,17,404.67,6067.0,14983,41,161,7
18,22357,17,64.23,879.81,3890,176,194,17
44,60229,15,430.44,6078.84,17236,75,182,4
39,38301,15,174.53,2138.27,6928,68,136,7
43,27311,25,92.22,1757.58,5496,208,86,22
41,35586,4,150.24,958.2,1599,27,325,1
34,45175,18,285.48,6191.97,13126,104,242,9
27,38408,10,177.88,1611.23,1754,58,261,6
20,41271,14,198.93,2875.54,7856,107,295,7
40,27129,20,101.86,2023.41,4405,153,112,18
30,59212,20,506.98,9527.22,25087,141,121,13
52,59440,12,388.17,4718.0,13766,39,229,5
59,78071,17,537.36,8964.68,25597,48,144,4
59,60077,14,388.67,4595.98,12051,31,280,6
46,58294,24,341.02,8732.45,22625,91,69,10
28,30754,22,134.28,2775.68,8523,143,192,17
51,27429,12,149.6,1601.19,2973,111,221,13
33,45202,12,357.06,5401.77,12525,40,238,3
22,41057,15,235.06,2726.89,6908,117,150,13
32,40143,18,201.71,3012.27,7150,137,194,13
24,31345,17,142.57,3264.51,5560,115,170,14
53,48394,23,314.35,7300.35,17508,100,194,9
21,42646,8,197.1,1978.67,6809,17,313,7
44,73227,24,554.22,12566.8,31289,148,109,15
33,76425,26,584.13,15474.67,38698,201,90,19
34,41563,21,160.76,3894.24,11342,207,175,18
46,62366,19,497.25,8578.22,20326,102,174,14
23,27776,17,111.08,1688.63,2384,135,241,15
41,27986,1,174.58,50.0,3827,19,377,3
45,90128,26,605.98,15362.72,37712,197,118,20
61,64312,19,379.8,7169.52,17054,116,152,13
38,18000,14,81.22,972.43,1430,128,249,13
59,45402,16,208.44,3259.04,10077,104,229,14
36,31827,17,200.56,3733.34,9296,165,251,15
33,28079,16,204.77,3302.24,8879,135,190,9
30,36072,22,167.75,3512.17,9611,160,50,19
31,84180,27,611.53,17147.79,40956,166,143,18
38,32756,10,142.63,1737.21,4963,66,286,4
31,18000,13,78.44,1375.36,5245,155,226,14
27,24305,12,89.87,392.5,810,92,251,10
43,46307,13,456.08,5360.81,11729,103,157,9
53,43211,11,207.03,2198.64,4875,63,266,7
41,48199,14,323.51,4706.77,14011,28,244,5
21,18728,15,74.53,1192.72,2474,87,155,10
20,27262,15,85.39,1266.19,2264,125,218,13
41,55174,24,468.59,10878.95,27935,140,92,18
61,44182,27,340.77,8906.48,22078,153,114,14
44,61309,17,385.96,7259.06,20539,89,199,8
43,32486,16,179.96,2801.21,6849,120,195,10
61,65000,20,430.82,8529.01,22028,108,141,8
24,24750,12,122.21,2474.61,6021,104,282,10
54,44636,21,283.08,7024.56,18681,83,137,8
37,34413,17,167.74,3405.75,7282,144,179,13
42,45937,18,383.09,6830.26,18063,154,221,14
74,32349,13,178.35,2505.39,6039,165,259,12
33,74361,27,569.3,15759.21,38168,161,111,17
24,38114,14,220.67,3652.45,8123,23,167,5
47,80552,29,540.86,14816.64,38602,167,98,17
46,34351,19,156.06,1533.49,4181,132,145,14
35,39598,25,318.89,7578.63,19316,150,129,12
46,40452,18,189.13,3822.83,9805,143,142,15
20,22187,13,34.53,511.83,2720,110,266,12
47,42291,11,245.12,3311.5,9093,40,234,4
53,61245,25,318.37,8280.82,22077,143,132,13
37,48400,15,280.8,5267.44,15070,97,247,7
47,52320,24,320.94,7829.28,18770,102,129,7
26,42096,16,217.05,3231.2,8650,125,210,14
49,89442,23,668.64,15643.24,38045,182,78,16
32,23439,15,97.48,1234.3,4161,105,207,14
37,29998,17,135.72,1334.02,4594,153,269,14
48,94890,25,642.76,16522.66,42841,136,123,16
36,48949,16,271.26,4137.87,11217,91,186,4
43,46690,21,309.44,6244.29,16171,124,127,7
32,57139,15,405.87,6020.83,13949,90,216,7
22,35576,15,190.78,2705.16,7994,138,214,14
30,34786,14,210.46,3184.19,9356,150,247,13
38,36413,6,188.81,1541.16,1904,19,278,0
44,78155,23,618.89,15686.59,41510,121,177,16
25,38510,8,175.02,1588.01,5562,61,282,7
31,55587,10,251.46,3454.52,8195,73,320,5
34,71235,22,494.17,10838.48,25954,137,215,13
50,23314,22,112.52,1794.98,4314,152,158,17
47,41369,8,178.57,868.78,1081,46,289,5
51,79492,30,624.0,19314.81,48716,180,129,19
28,83479,23,584.94,13281.41,34850,133,130,15
33,37135,18,172.2,3555.92,6608,165,223,16
56,27048,19,178.92,2477.85,5835,104,152,14
33,53021,24,357.56,9152.92,26233,112,72,11
33,31992,14,193.91,2403.83,9052,93,208,11
30,52494,15,291.0,4277.18,10218,122,195,13
46,56627,22,492.17,10494.41,24792,139,162,13
50,81838,27,616.82,15137.09,37774,201,100,19
46,56561,6,260.25,2031.2,7210,16,263,3
48,38228,7,196.95,1883.18,6258,71,353,3
51,33189,18,157.17,3723.49,9684,185,194,18
32,57512,10,231.0,2376.21,6113,59,324,5
40,61399,21,531.48,11620.35,30288,122,150,13
41,42257,19,201.65,3933.25,11377,141,163,17
31,22593,19,76.42,1285.87,1401,132,152,13
32,27012,16,127.57,2103.03,4746,136,241,11
35,41451,17,204.17,3804.11,9350,149,214,14
41,63812,24,485.84,11655.53,29136,217,161,18
53,68532,27,562.8,15955.96,40997,208,112,17
43,57966,26,330.89,7820.15,19492,178,81,15
34,43003,13,253.86,2731.07,7402,87,229,8
45,25885,26,106.0,3121.97,7339,173,104,20
49,63760,19,491.63,10139.55,27291,167,207,20
62,23449,4,112.46,657.77,0,32,362,1
40,28601,15,112.8,1752.74,4502,101,226,12
36,47458,21,235.89,4332.99,12407,99,206,9
42,64767,19,513.68,9231.58,23395,76,208,12
50,74652,11,508.37,5424.32,13584,61,222,4
43,50765,7,256.36,1679.4,4065,5,245,0
56,37238,15,210.25,3438.98,9094,123,228,13
43,39156,22,161.61,2818.48,8201,180,166,17
54,59349,20,522.46,10437.92,27259,181,162,15
44,30695,11,68.53,910.23,2320,84,279,5
52,51057,19,350.8,7315.85,16194,65,156,7
51,87180,24,653.22,15552.44,41712,184,134,16
57,55092,16,324.76,5733.94,15300,69,190,7
41,88333,26,672.59,17255.49,44815,170,98,18
30,30040,18,160.01,2777.63,8370,173,235,18
18,44765,16,275.35,3375.93,9654,71,217,7
18,25566,15,130.85,1354.76,1804,83,217,10
21,39570,10,221.82,2679.58,7558,57,338,3
51,44828,21,316.0,6424.44,17857,53,155,5
45,23805,19,99.91,1392.88,2436,192,229,18
40,70572,25,476.7,12419.23,31929,145,112,12
49,27778,21,162.62,2544.3,2675,208,132,21
42,74648,26,518.48,13129.27,33075,196,126,16
23,24304,12,133.41,964.17,3565,134,223,12
56,22326,7,108.34,577.38,2268,53,219,3
37,31851,19,153.9,2572.45,5205,148,195,18
24,38620,15,256.91,4187.86,9513,169,238,16
32,24885,18,98.4,1649.81,5124,128,171,14
25,29670,16,84.76,342.36,1896,133,135,14
50,33373,28,143.44,3331.86,7744,245,89,26
34,31761,17,165.63,2739.46,5575,131,196,12
25,42821,17,250.35,4128.21,10497,143,222,14
49,57511,22,473.93,10911.49,29859,182,98,16
47,69240,17,535.0,8715.87,22292,163,216,12
38,62518,18,527.85,10288.34,26041,147,248,13
29,18000,14,87.76,1419.32,5074,116,281,10
50,24192,6,115.31,323.54,2423,5,304,1
18,35233,20,125.78,1751.29,4337,204,182,17
63,58502,22,530.08,12641.22,31745,185,111,16
47,39310,19,237.96,5663.39,15058,124,153,11
38,48715,20,274.04,6584.13,18213,107,151,10
44,47176,8,249.34,2015.28,6127,16,237,4
40,27507,16,119.49,617.47,2440,169,155,19
25,19490,9,92.23,50.0,0,56,264,6
48,53193,26,317.78,8209.43,22231,141,70,15
42,32147,12,177.58,2429.73,3672,79,251,9
29,18692,13,102.96,1411.16,6256,84,237,12
46,22124,15,113.98,1197.78,3160,169,217,17
38,43630,10,301.99,3943.35,8920,33,277,4
18,40953,11,164.83,779.08,2723,136,233,16
41,73830,18,519.79,8471.88,20886,97,192,12
36,26014,4,176.1,50.0,33,57,364,4
20,62902,17,332.76,5491.29,14280,89,195,8
40,64311,19,360.9,7434.75,19550,125,173,10
34,57474,29,510.21,14703.5,37255,202,85,21
55,71991,21,435.81,8644.51,22265,122,128,10
46,30901,9,112.36,1475.55,3455,57,297,5
47,34298,12,131.52,1931.93,4341,58,279,7
44,23850,19,113.06,1149.49,3535,165,247,17
25,62177,20,414.75,7902.4,20010,101,167,11
42,38212,21,134.89,2936.02,7105,192,94,19
32,79809,23,580.25,13796.31,35673,138,178,15
55,44068,18,276.04,5698.63,16976,174,224,17
40,46171,23,225.13,5328.07,14623,167,131,16
28,28421,19,108.05,2443.09,4097,216,206,22
27,33205,14,100.22,620.69,3727,89,197,9
20,45259,23,272.51,6999.42,16326,220,138,18
51,27515,17,126.16,2179.55,5814,174,196,15
18,30606,19,210.47,3797.79,10256,151,185,14
36,57086,5,253.96,1570.71,3800,43,322,3
34,52098,11,218.55,2245.91,6819,20,218,2
60,80801,25,632.53,15587.78,38416,152,67,15
53,78238,24,578.28,14197.48,37075,139,136,17
24,22291,14,117.43,1373.68,4868,84,193,8
22,47489,22,264.55,6191.92,17870,97,127,9
39,27791,21,55.1,1944.61,6643,193,182,20
40,45065,19,219.12,4745.0,12238,42,153,5
34,25893,18,119.0,2431.41,7192,129,191,17
21,46000,16,250.15,2915.76,8009,112,223,16
33,30601,15,101.82,1681.43,3325,97,196,4
52,37743,18,177.94,2565.91,8154,174,163,18
34,39614,22,209.51,4909.65,14583,184,78,15
23,23297,15,89.05,1581.59,4155,111,179,12
51,27895,15,93.55,1922.2,5507,129,204,13
40,27589,10,149.35,1290.6,4407,102,271,5
31,56333,15,410.12,5854.03,15559,88,164,6
53,62322,21,367.19,7607.54,19186,118,156,8
18,31487,19,216.39,4559.42,12691,185,226,17
23,38248,15,208.03,3045.85,8338,97,195,11
22,41929,15,221.58,3476.18,7850,118,291,13
44,48047,5,237.09,506.02,1063,55,389,5
28,33408,18,164.63,3038.76,8428,150,166,15
21,29276,20,148.63,3161.83,10139,119,159,12
36,33733,16,161.03,3046.22,8350,75,194,12
41,48663,13,301.32,4012.32,11577,55,229,6
48,22940,6,80.5,630.6,3859,60,347,4
28,47085,22,254.35,5420.3,15019,91,152,9
67,29510,16,132.46,1988.36,4917,123,230,11
44,34829,20,220.14,3685.67,8254,204,186,17
40,67332,21,521.85,11409.55,29809,121,149,10
48,64630,21,464.88,10155.76,25846,108,90,13
35,54975,26,287.76,7575.04,19733,131,186,9
46,55925,22,422.59,9851.09,26343,138,148,15
60,33955,8,240.95,1817.25,5329,67,266,4
37,45424,10,214.23,2231.47,5801,57,215,8
40,54806,23,369.64,8766.88,21021,138,170,11
29,56240,11,294.87,4221.82,11751,66,245,7
26,36301,17,170.17,2714.21,7742,111,162,15
61,67772,35,492.5,16964.53,43656,238,45,22
18,29240,15,103.04,405.3,1719,104,237,10
49,33100,24,192.78,4629.61,12504,177,110,22
42,31380,16,161.76,3769.98,8390,96,202,13
39,24046,5,178.74,1326.87,1711,37,341,4
26,47043,19,247.65,5421.05,11840,157,159,18
52,46305,33,377.58,12257.7,29285,227,23,23
45,31503,5,152.7,700.43,1254,71,316,8
29,26937,18,109.77,2286.18,6444,133,150,15
37,23117,6,109.47,507.49,2395,44,374,4
36,39858,12,173.53,2899.33,6934,124,191,11
51,75016,26,503.47,12623.93,32134,161,41,18
39,31040,20,151.4,3334.83,9769,150,138,18
41,70069,22,581.43,13026.54,32166,168,107,16
37,38155,8,212.02,2136.53,6718,5,289,0
18,53695,7,227.5,287.86,2036,50,295,4
44,51779,18,328.96,5695.83,13996,113,161,10
27,31260,13,128.47,2412.52,6815,91,275,9
34,40519,17,187.09,2989.51,7811,94,208,10
64,31466,4,155.56,290.05,0,5,267,0
28,52904,24,478.48,11553.27,28491,176,125,16
52,46824,27,295.43,7160.98,17795,87,23,8
25,43243,16,284.27,5117.66,14089,156,244,14
37,27194,16,152.83,1401.47,3638,125,199,14
54,67103,23,347.75,8720.58,22988,128,141,11
31,42957,5,191.37,1145.69,3288,5,310,0
45,90709,25,582.25,14928.47,37339,183,103,18
42,66044,20,540.23,11214.94,27986,130,114,15
40,58175,21,424.48,9201.96,22646,204,166,15
31,38523,14,266.1,3598.1,9675,81,221,6
37,71639,21,502.37,10477.5,27363,187,187,17
40,55025,21,364.06,8265.94,21171,102,75,11
21,22008,19,83.32,934.18,2640,159,199,17
35,19074,19,67.4,2499.21,6850,137,213,18
28,37381,10,177.72,1056.46,3299,23,242,5
28,44578,12,348.39,5186.44,12869,93,239,8
18,50737,19,335.26,5844.25,13713,106,128,10
18,24760,19,100.91,2171.34,6680,131,179,15
48,43029,30,243.34,8285.85,23652,171,58,18
24,29519,7,120.14,1508.96,3270,39,346,3
52,59411,17,346.49,5497.13,14206,106,251,11
19,44706,7,232.14,1112.37,3755,61,303,7
43,31557,13,148.06,1909.93,6120,157,209,15
52,18000,18,55.46,727.32,1685,202,178,15
35,80194,29,569.54,16475.79,43823,235,1,23
42,32137,11,135.14,1584.06,4504,95,312,8
43,66935,23,500.17,11354.4,30108,200,55,17
33,33600,27,139.94,4008.1,11880,244,88,24
57,37363,16,182.73,3934.39,11156,123,179,14
26,42745,21,293.33,5154.14,12770,87,206,7
46,51496,22,398.79,8339.57,21947,173,171,14
43,72414,20,467.52,9193.06,22678,99,188,8
33,31678,22,133.09,3226.95,8071,211,145,20
43,46610,20,186.37,4652.67,11492,188,143,22
26,44380,19,295.47,6049.6,15019,167,139,19
21,28297,22,158.66,3974.47,10960,201,158,20
18,53703,12,343.82,4298.31,10097,89,310,12
26,40739,17,191.74,2106.57,6575,129,270,13
46,70470,25,528.22,13490.0,34833,219,126,19
31,31657,15,201.55,1993.77,6072,135,222,14
54,53484,24,306.12,7515.52,19256,88,107,10
33,40387,21,207.46,4154.86,13187,196,160,19
22,30808,10,105.35,1509.78,3011,36,266,6
38,53107,19,387.76,8610.32,20228,115,137,12
34,46769,20,358.93,6582.45,16392,51,114,3
48,89023,22,630.76,13386.79,32351,167,170,16
41,56639,16,448.2,6636.77,18412,122,246,12
22,28260,23,93.82,2127.94,5324,190,123,20
44,101051,30,729.68,21807.03,57883,173,26,17
29,35500,18,157.93,3010.35,7497,96,205,13
29,39354,15,199.52,2737.26,6632,109,240,13
39,31231,5,137.63,1347.98,2847,9,339,2
61,38174,13,175.24,2330.02,4639,68,181,5
42,56061,8,278.68,2535.04,4594,29,275,1
30,40164,16,128.35,2478.79,6183,134,130,16
35,25813,20,95.64,1371.98,4065,174,207,18
51,42661,15,242.64,3792.12,9422,86,209,7
38,67659,27,547.37,13944.22,35892,206,111,23
36,30580,24,125.34,4120.33,12119,213,86,23
48,32040,20,157.15,3020.48,8169,168,157,19
44,24860,20,66.24,1944.64,5160,206,170,22
28,30229,12,133.61,2087.36,7325,99,228,10
51,68656,13,459.38,6550.56,17864,53,262,3
36,34355,13,179.01,1907.45,7523,112,239,10
37,37641,6,111.4,224.17,1477,43,314,5
18,33191,22,164.11,4705.72,14123,176,179,20
52,53772,17,384.35,6302.67,17254,130,156,12
18,43431,18,218.67,4090.61,9960,157,199,16
39,32239,2,134.63,889.74,891,5,391,0
43,33535,18,153.85,2895.82,8097,174,190,15
46,54767,23,414.74,10432.28,28018,125,115,11
55,18000,11,97.66,2082.14,4429,70,223,4
40,72319,30,553.66,16170.62,41374,225,20,23
27,25163,21,156.15,3414.69,9673,138,114,15
54,32865,22,385.11,8591.57,22642,114,171,13
29,28976,18,218.68,3433.04,10663,189,183,17
35,28505,20,173.88,2092.27,6973,144,192,16
34,33945,9,149.14,1566.41,2470,73,233,6
49,59136,26,437.15,11736.77,29509,178,62,16
59,32926,12,153.82,2412.68,5377,74,300,4
38,68740,17,524.64,8815.14,22137,113,222,10
45,93195,29,647.82,18166.26,46512,230,111,20
30,37495,10,199.17,1132.21,2883,80,299,6
30,41012,11,275.94,2621.41,7527,19,277,2
26,31587,16,188.8,4055.82,10552,127,181,13
39,37823,9,181.27,947.75,1863,85,286,8
46,35163,5,194.47,1904.72,3918,19,387,5
37,32390,9,126.53,474.61,902,51,277,4
36,33418,14,166.17,3131.23,8337,143,294,13
44,68381,22,443.66,9880.63,24878,90,148,9
44,36413,19,134.79,2226.62,5199,150,162,15
28,42852,16,329.13,5333.77,15625,105,211,9
50,36783,15,207.71,2969.32,7953,144,206,11
35,53446,21,326.93,6019.19,17378,75,162,6
45,50654,28,365.22,10273.47,25919,160,129,15
31,55576,19,357.92,6921.71,17776,55,125,9
61,45043,20,297.93,5600.35,14534,104,165,8
27,32960,15,149.49,1529.16,3811,88,237,12
55,90062,21,586.2,12019.18,31928,144,133,16
54,64819,16,538.2,8751.03,23713,92,180,13
38,24013,17,125.17,2018.53,5173,121,225,11
33,30337,17,113.74,1232.53,4580,152,210,14
31,30836,16,153.17,1846.54,3467,150,214,13
37,56792,19,481.12,9342.0,24807,143,171,14
24,33345,14,162.43,2463.41,7180,83,241,11
33,40662,16,137.55,2474.48,3530,109,183,12
38,52377,17,352.77,6159.16,15206,46,167,6
41,27707,13,81.77,773.16,2593,67,159,6
50,25680,13,102.69,1259.53,2848,99,281,12
30,39656,22,123.64,2791.99,5421,209,166,19
37,47973,9,271.55,2542.05,8299,80,304,5
42,60701,22,470.87,10055.24,23990,113,154,14
36,35447,11,216.25,1676.67,3284,68,241,9
48,34471,22,293.32,6304.87,18420,102,179,10
35,35350,10,205.66,1907.83,5772,87,293,5
31,27072,9,162.96,1409.72,4758,34,325,4
42,72258,23,526.11,11647.06,31900,170,132,17
20,27569,13,84.88,693.81,73,116,267,11
54,18000,1,167.83,50.0,0,47,327,3
40,41361,20,227.91,4479.11,13437,177,207,21
49,61673,29,439.42,12509.94,30133,258,52,20
43,64692,18,394.0,7711.41,19642,96,211,8
27,30305,16,162.35,2831.12,7708,66,229,10
57,56534,21,485.65,10082.03,25497,131,125,14
34,38283,12,243.43,2128.82,5350,46,251,3
45,43467,20,269.81,6001.71,15703,103,219,10
24,38791,12,160.7,1438.18,2930,109,236,12
30,24028,6,76.57,270.79,1735,64,307,6
36,29969,10,141.96,2059.41,5446,100,284,9
31,42033,10,277.01,2622.98,7266,70,200,6
25,39691,17,217.26,3701.34,9282,129,162,15
36,35753,25,112.35,3610.02,7999,224,159,22
23,21251,15,86.95,1632.09,1713,167,202,13
47,44032,12,286.44,4531.34,12878,48,270,7
31,26410,3,94.06,195.78,1785,15,251,2
41,42441,15,278.0,2593.36,8147,105,199,8
32,42950,27,257.46,7279.24,20152,217,95,24
48,75367,23,579.57,12144.84,30671,155,110,16
43,39920,14,183.37,2426.37,7706,138,230,15
37,24395,4,76.9,2387.77,7667,5,236,3
57,30275,12,115.14,1093.88,1376,53,221,8
37,51280,24,338.79,6947.52,18943,149,173,12
26,62983,32,427.92,14341.19,34751,154,27,14
18,23325,12,121.71,1139.09,2142,82,270,10
34,38972,5,152.91,1110.56,2187,5,353,0
50,52400,13,279.59,5132.86,13304,51,206,4
24,49290,21,217.03,3665.01,9832,138,219,19
36,37665,18,191.55,2483.05,6867,135,164,15
60,31258,7,106.07,50.0,0,67,291,6
60,26938,7,83.79,50.0,493,5,290,1
42,40491,17,196.57,3046.75,8515,163,182,17
35,48893,17,213.06,3295.0,8326,103,169,9
29,42896,9,252.96,2272.83,4757,63,258,7
42,30197,20,245.07,4644.36,11492,115,185,8
25,45814,17,313.5,4716.99,11636,114,208,13
40,64268,21,314.76,6924.91,15416,62,117,7
44,23874,15,140.85,1655.9,4454,137,250,10
53,54588,28,451.72,11778.88,30847,252,16,24
18,28787,19,155.34,2708.12,7822,164,191,17
41,57764,18,424.25,7120.84,17481,133,156,14
39,43092,12,258.75,3175.44,7943,104,273,4
37,37044,4,176.9,1216.64,5093,83,356,6
30,32039,12,176.61,1533.49,4010,128,256,10
28,32260,15,168.96,2117.99,6086,138,233,15
29,33773,19,146.41,2113.16,6876,155,167,18
18,37499,8,166.8,977.87,4325,51,301,3
49,34427,14,241.0,3790.4,9964,50,246,2
53,47007,22,275.71,6385.09,16315,56,104,9
34,34921,16,110.03,3000.52,7353,95,202,11
33,57927,25,502.57,12429.05,32544,128,135,14
37,77947,22,622.53,12408.2,31336,127,100,11
33,39150,11,188.3,1569.07,2916,25,268,2
36,23588,9,77.94,792.94,3592,26,306,4
23,35751,11,137.0,1257.91,4811,71,273,7
41,41153,11,181.01,2123.92,5326,127,223,8
50,42133,19,257.75,4725.01,12981,98,193,9
29,37788,19,165.35,3583.5,11197,158,90,16
26,22796,11,155.2,1502.46,2862,89,269,10
50,63064,19,365.71,7068.07,19135,99,196,11
31,27301,24,135.82,3667.9,11719,169,72,17
36,74328,32,623.79,20223.43,51686,226,51,23
43,71827,23,482.79,10567.41,27898,162,145,18
36,29244,11,180.13,2061.33,5473,5,206,2
18,43856,13,250.91,3776.55,9137,96,282,9
50,57996,19,454.61,8855.63,23177,135,239,11
43,18000,7,54.9,599.78,1286,29,283,1
51,44295,19,203.76,3848.1,9896,157,187,17
20,29748,4,126.16,1037.16,1818,45,342,4
26,25879,14,174.18,2070.22,7748,127,239,12
51,38529,7,169.81,1187.4,2298,112,284,4
20,37274,24,235.53,6060.41,14132,217,95,23
23,34319,17,117.5,1582.7,3865,179,223,17
34,65773,21,444.38,9207.23,23944,88,135,11
29,27443,21,47.89,778.41,1565,166,140,17
48,29903,18,109.36,1640.49,2836,178,191,20
49,78781,28,550.58,15367.26,38410,179,72,17
35,73806,22,578.63,13513.14,34764,129,115,14
50,63740,26,459.37,11643.2,30596,196,111,18
18,33071,9,188.95,1666.53,4093,44,294,6
41,67448,21,510.5,10898.34,25574,160,204,15
36,46639,13,228.61,3640.59,7992,49,251,6
56,37359,15,177.97,3059.35,9377,71,276,8
40,51216,20,386.13,7989.77,22627,149,145,15
43,28837,16,140.38,1951.71,4501,181,305,16
47,47306,18,327.62,6472.83,15040,51,228,8
33,33669,14,173.11,2036.68,5547,68,195,10
41,49140,23,338.44,7586.82,20892,126,119,11
44,42437,23,226.6,4976.62,13467,197,104,17
53,27601,9,136.9,1329.37,3255,5,280,4
37,34020,18,166.39,2382.86,6241,177,148,18
34,38366,9,169.71,1526.53,5327,79,259,3
46,54766,16,347.44,5886.34,17096,78,219,8
53,85570,32,600.4,20125.87,51732,223,44,20
25,22950,13,83.91,1597.73,4192,141,197,13
40,66671,17,448.59,8172.3,21768,92,173,9
53,25775,10,94.42,1278.92,1453,82,278,9
54,90682,24,599.96,13290.04,33788,195,150,19
39,62739,27,360.42,8596.23,24136,156,87,13
34,23540,9,110.61,1595.73,5686,64,267,4
22,32753,18,170.45,3001.87,8893,162,191,16
27,27057,17,102.26,2019.21,6820,159,172,15
40,39945,8,168.03,2118.62,5747,16,219,5
49,42431,12,273.54,3181.03,9984,53,216,4
44,77087,28,566.0,15934.5,40560,206,76,21
38,85597,30,620.76,18013.39,44336,193,164,21
29,38171,15,179.2,2511.47,5201,129,185,13
32,25487,19,51.25,967.27,4387,164,185,14
54,54323,18,341.38,5972.28,16040,110,154,7
26,44470,17,272.52,4564.47,11485,142,186,14
48,38102,11,162.65,1023.17,3551,77,257,7
42,67914,22,362.16,7467.09,19367,122,104,13
40,79145,19,654.99,12370.94,29401,160,223,14
43,24394,16,283.94,4005.93,9314,134,245,10
53,47753,13,298.82,3250.66,9376,67,259,5
52,40532,8,176.37,1639.82,4251,44,215,0
42,66980,20,507.33,9640.73,25237,131,124,13
19,38824,16,224.02,5307.76,12012,164,168,15
49,34574,2,69.51,50.0,222,11,345,1
32,34490,16,135.62,2251.58,5991,116,225,14
50,43253,16,181.78,3009.09,6566,85,257,8
58,29007,6,111.93,50.0,1329,54,299,4
36,49052,26,372.4,10705.5,26801,165,183,14
59,76269,23,580.71,14234.64,35205,165,142,19
41,23989,19,34.24,716.42,559,173,138,19
18,28779,13,94.35,1075.5,5203,106,240,9
46,34097,18,157.79,3415.03,6833,108,213,15
28,31470,14,177.83,2314.38,6537,77,262,6
28,63144,26,496.71,12615.73,33106,240,111,19
62,65192,32,461.68,14594.13,36289,238,70,23
18,53281,14,328.95,4484.0,10235,115,218,10
26,18000,12,64.7,50.0,0,126,231,10
50,45415,19,420.74,7306.59,19664,114,184,12
61,78626,35,610.23,22343.94,57978,246,1,24
21,44416,14,274.95,4051.74,8712,72,260,8
32,84090,18,637.8,11345.83,28921,138,123,13
43,38551,19,156.62,3711.95,10014,171,184,17
55,35575,5,171.32,441.62,0,54,253,5
60,55282,18,410.36,7665.69,19911,80,211,7
46,33818,9,192.99,3042.24,7040,20,246,1
29,37071,12,215.11,2893.02,8233,115,265,8
32,37892,25,188.69,5688.48,15277,210,64,23
48,71949,26,569.45,15551.1,39698,200,127,16
33,31293,13,53.44,229.49,0,88,232,9
30,31226,18,138.64,2185.3,4767,139,222,15
47,52472,27,309.0,8495.61,22409,138,112,13
57,33886,20,255.57,5012.68,17263,53,179,8
67,30379,4,138.94,944.9,2737,15,312,0
46,44507,22,239.15,5457.62,13359,189,150,20
23,40596,15,257.02,3464.76,9285,131,270,16
51,67584,19,483.58,9797.03,25257,124,192,13
68,109304,26,777.41,20819.79,53545,217,88,20
18,32041,15,136.86,3096.38,5975,135,161,12
27,35971,17,183.6,3586.43,10530,142,207,14
46,42051,17,211.54,3349.2,8196,98,280,9
33,62485,17,544.36,10603.81,28406,168,219,17
50,62676,16,560.36,8289.37,22027,122,234,11
30,35903,17,178.7,2239.46,3478,135,154,12
33,18000,22,108.78,2524.63,5046,192,145,18
18,31454,17,147.32,1817.06,4689,115,211,16
30,18000,20,73.08,496.37,1225,182,186,16
45,36556,6,165.05,1459.26,2871,5,309,3
42,27976,20,113.23,3087.33,7686,165,152,18
46,45405,16,162.1,2342.52,4772,67,193,9
57,25630,13,89.14,811.68,1917,74,188,7
23,39496,15,255.71,3591.58,9616,114,225,14
41,34113,18,174.24,3271.28,8595,187,168,19
31,39350,17,204.69,3523.94,8156,126,205,15
34,42524,11,249.31,1424.58,3649,5,232,1
50,68427,31,566.1,18135.91,44570,204,22,20
54,31956,24,144.7,3327.44,6593,189,125,22
41,44313,9,140.65,668.07,1741,117,312,7
18,39845,22,234.98,4018.06,9780,208,88,20
37,47632,20,297.71,6304.74,17380,110,211,9
22,51962,15,287.48,4066.2,11863,141,186,13
31,18000,1,115.97,50.0,0,16,357,2
35,40281,16,274.64,4410.1,11078,51,158,8
21,27178,17,92.99,2563.77,6973,151,120,16
39,85381,19,621.34,11886.05,31735,117,212,11
31,29723,23,323.72,6580.75,16759,141,119,18
48,53047,27,350.38,10737.12,28854,138,95,14
47,79413,17,532.52,9103.92,20917,123,241,13
47,26811,11,120.77,1621.62,4449,27,274,4
40,75042,23,530.34,11609.04,28074,143,169,15
42,32068,10,119.46,1215.94,4417,40,270,3
41,44111,13,240.62,2929.03,9228,92,235,7
29,55241,21,344.8,7500.62,18531,111,124,12
45,34200,23,100.78,2441.7,7047,233,159,24
24,50229,16,265.57,4483.93,12559,156,177,15
22,37294,18,178.41,3753.71,10071,185,146,20
43,60238,26,520.65,12409.04,32113,188,78,20
39,18000,7,94.82,494.26,2125,82,324,6
29,33226,13,185.9,2624.25,5884,68,280,11
22,32691,20,101.68,2297.23,6162,161,163,16
23,35074,15,147.26,1236.52,1070,154,226,11
40,33196,13,168.83,3104.51,11106,93,278,4
18,41134,13,250.96,2611.12,5462,46,235,6
50,28507,17,134.77,2629.42,7223,152,176,13
54,42225,14,276.18,3335.79,10331,71,214,6
19,30557,10,141.09,1736.38,5666,65,200,8
41,62798,19,579.5,10556.7,26241,157,210,15
27,34584,9,210.13,2567.1,7091,52,340,5
19,25891,23,151.22,3443.04,9057,130,69,18
30,28990,15,162.53,2444.21,6977,109,176,12
35,49824,20,321.68,7239.88,16986,150,140,17
48,63003,14,330.8,5380.87,12471,67,178,4
51,43580,14,322.65,3851.47,11927,67,226,5
23,32562,15,231.05,3384.81,9412,138,215,14
53,25335,17,156.19,1159.72,4283,150,200,17
41,39130,19,182.9,4040.67,11592,174,141,20
34,18000,13,51.73,1250.83,4732,84,213,8
29,47027,13,315.78,3532.54,9706,85,245,7
40,55229,16,367.1,6097.26,19340,89,196,9
37,18000,15,42.25,1129.28,4730,119,288,10
25,46873,21,243.25,5157.97,12105,147,185,18
19,30183,3,131.41,50.0,0,24,286,2
56,26761,18,74.96,1299.79,6017,182,148,19
48,61183,14,491.88,6976.58,17727,104,213,9
26,30154,15,139.5,1888.28,3820,121,234,12
55,38518,25,211.5,5119.24,12162,132,177,12
39,45303,12,228.27,2773.64,7330,7,214,2
29,28174,14,161.27,3286.37,9859,126,230,13
32,41632,22,205.16,5554.82,13605,162,83,18
25,19639,14,75.18,1374.59,4459,110,170,9
71,60543,23,446.97,10249.44,25622,167,35,16
56,30457,20,274.19,6082.76,15704,112,195,9
45,64034,20,486.16,9162.47,23899,179,147,19
41,49965,26,317.12,8282.83,22104,71,133,9
47,79888,14,608.66,8596.05,20988,98,262,9
24,35534,13,130.9,416.96,1589,124,201,13
37,30772,14,161.26,2879.72,7110,74,179,6
49,54930,17,329.88,5689.43,17123,78,176,6
38,78935,24,604.42,15694.07,39675,106,117,13
32,70645,27,576.33,15879.86,41680,170,81,17
43,63241,16,378.83,5257.79,14848,52,155,2
36,49762,6,190.17,1165.32,2645,5,320,2
31,18000,17,39.05,181.2,0,122,204,15
44,59446,18,456.19,7605.53,20724,143,140,13
32,30088,18,132.84,3447.15,9302,194,170,17
38,50700,15,374.41,5219.75,14119,98,253,8
55,63111,26,327.18,8726.65,22108,139,129,10
38,63449,23,535.54,11669.54,28240,173,178,17
18,32495,18,177.24,3388.6,8157,131,155,14
49,36094,15,169.31,3677.43,7202,122,210,15
58,28128,25,117.61,2307.81,6280,185,114,22
41,83572,23,624.02,14466.04,38481,179,215,16
61,72171,19,455.83,8457.44,22146,76,138,7
51,71357,21,542.48,11885.32,30926,135,119,10
49,53537,21,321.78,6523.82,17712,73,166,7
30,49676,15,283.22,3817.72,10433,92,248,7
43,85072,31,641.87,20088.68,52483,201,35,20
53,25516,16,40.53,667.55,1875,129,169,14
20,27912,10,176.97,2395.25,4601,80,261,11
49,32809,17,149.15,3485.8,8619,163,195,16
25,34384,17,194.01,4268.48,12171,141,181,15
28,34219,7,215.82,1526.45,5032,43,355,3
53,54134,17,390.62,6328.48,16024,87,212,8
29,20138,14,90.0,1039.52,2593,151,246,14
25,46721,15,200.61,2758.02,5871,97,160,12
51,21763,19,130.92,1445.84,4244,235,152,22
48,20357,4,81.86,860.25,5186,39,309,4
34,25396,23,94.2,1459.19,2298,287,151,24
33,32794,17,141.18,2052.88,4369,152,187,19
19,18230,12,30.0,50.0,969,105,223,11
24,30444,18,227.31,3021.61,8553,151,193,12
54,61553,26,518.67,13850.97,35557,196,129,19
31,45291,10,235.15,2164.04,6893,60,342,7
25,22651,13,111.51,1345.34,2421,103,213,13
36,77382,22,576.72,12885.83,33617,163,134,16
39,89300,26,618.53,16478.25,40541,206,139,17
29,33869,14,127.29,3297.19,8083,119,196,12
43,48602,21,328.89,6656.38,14895,82,175,6
36,79376,24,588.68,15390.44,39760,155,114,17
20,33035,16,134.39,2056.94,7253,170,223,16
35,25452,16,53.47,471.56,0,127,231,14
34,63459,23,374.75,8022.64,20629,161,154,12
24,22370,11,115.16,2430.67,6067,81,335,7
52,89176,22,638.36,13954.44,36285,171,126,18
20,27184,18,130.23,1167.27,2644,174,176,17
59,49721,22,300.25,7364.14,20097,124,105,9
37,70776,23,470.29,11027.62,28757,169,147,15
19,31285,17,253.59,5465.67,14655,137,225,12
33,18710,14,131.58,1357.47,6249,124,224,14
57,33185,13,169.47,2373.52,6026,52,269,5
18,36456,18,142.9,2381.09,7096,182,167,17
41,23213,13,70.26,1445.46,4380,123,222,12
43,51426,15,294.92,2558.39,7708,27,182,6
31,40865,14,203.62,3777.57,7217,54,243,7
46,34260,12,167.57,1990.08,5275,57,236,7
46,42177,15,254.51,3213.82,8380,58,110,7
41,32822,13,159.03,2821.21,6347,89,257,9
36,23170,24,77.82,2306.17,7269,197,199,23
40,57728,19,389.57,7534.54,20203,91,166,8
42,32567,18,200.46,4270.51,10127,128,228,11
45,41087,16,344.49,5880.93,13400,128,226,14
60,58028,24,463.52,10195.0,28021,186,174,18
22,47013,23,287.53,7112.18,18363,115,82,8
23,64312,18,501.97,9473.41,25369,168,151,13
18,30084,23,97.81,1961.98,4576,172,111,19
39,23778,13,101.92,1059.56,1418,141,195,9
18,34509,22,109.41,4131.3,9367,208,152,22
26,35614,10,151.16,1403.79,3776,46,332,4
33,89442,22,647.32,14303.18,34075,159,148,17
50,50605,17,288.3,5701.18,15395,112,177,6
30,37737,14,199.28,2531.45,5630,126,244,17
26,34866,8,176.62,1655.81,3877,21,292,2
51,75532,26,580.63,14649.75,36406,179,119,19
33,32026,8,151.47,1071.66,2086,64,258,4
18,37056,17,154.73,2181.07,5533,126,212,14
48,37474,6,177.73,1120.34,2668,55,278,4
52,100454,21,715.35,15702.12,37733,153,177,15
23,22851,18,73.57,1089.87,3163,113,134,13
29,28860,24,180.29,4168.36,12315,200,118,21
45,38159,18,266.68,5122.03,13193,67,174,8
53,48189,20,481.69,9094.06,23720,143,167,16
39,66805,23,475.86,10691.66,27755,176,204,21
21,42300,22,285.24,6275.16,15341,160,87,17
41,37480,21,194.97,4088.23,11555,149,101,21
50,43621,17,286.08,4949.11,12845,74,162,6
18,30413,14,166.08,2752.68,8484,104,242,8
39,45836,17,286.8,5229.25,13581,76,196,4
46,75167,16,535.17,9696.82,24550,141,131,14
46,46455,17,179.34,2103.51,6789,95,185,8
38,32282,17,147.58,2300.85,4944,162,210,15
32,56640,19,379.0,8567.94,23136,130,139,13
50,60270,20,445.77,9033.03,24457,153,125,13
42,38472,2,123.67,825.76,1393,18,335,0
31,65385,25,529.59,13554.44,35854,211,67,20
51,79189,27,664.66,18545.53,48525,182,148,19
24,24799,10,80.82,2145.8,6234,83,267,10
48,61865,19,468.06,10054.75,26665,159,171,16
41,53110,17,346.17,4835.26,13572,85,231,7
61,32522,18,99.4,2970.83,5610,118,224,16
57,34804,11,123.71,1089.98,1907,45,308,5
30,54039,18,321.33,5424.47,14865,101,189,7
48,62678,21,395.28,7964.32,21375,66,135,7
43,56575,17,275.46,4611.71,11553,60,183,9
25,41218,17,93.78,1804.82,5923,154,211,14
37,32323,17,206.97,3253.89,8791,62,151,8
26,35312,23,186.03,4154.01,9107,174,104,18
48,36736,17,182.76,3899.22,10160,75,228,7
32,37625,19,143.56,2720.18,7709,175,211,18
27,58679,27,481.47,12844.72,34438,115,52,16
21,51176,22,252.49,5524.12,12958,132,150,13
24,37934,15,152.08,2078.31,3836,114,210,12
46,34646,17,132.58,2280.0,8115,151,186,15
45,53311,19,305.99,6388.13,17423,97,198,7
37,40821,20,426.87,9935.87,25107,171,134,12
49,48494,12,269.22,2508.22,6458,30,240,4
41,41868,3,212.61,426.88,2462,20,289,0
48,68974,26,581.38,15095.24,38735,239,131,22
31,25714,14,74.8,778.57,3183,103,210,9
52,69060,17,520.5,9237.98,24074,119,160,11
32,33648,14,163.77,1978.1,4108,101,235,9
25,34478,14,131.75,2026.51,4530,71,246,4
20,32360,22,149.63,2800.21,8706,191,94,21
52,57274,18,285.23,5543.9,14699,89,199,6
43,64360,22,420.79,9727.71,24678,144,138,13
40,73649,27,523.57,14298.0,35227,196,110,18
51,28604,15,104.81,1709.56,4475,115,243,12
40,39375,23,224.79,6189.86,16944,218,113,22
33,41098,18,140.76,2943.77,4486,138,172,12
26,63815,23,505.35,12001.61,31879,141,128,16
34,31523,21,109.55,1991.67,7121,170,185,18
33,38582,19,136.98,2637.75,4322,191,155,17
32,45300,26,305.29,8434.17,22447,128,149,10
38,31874,19,133.52,1933.04,4948,196,193,20
42,43135,18,323.38,5652.99,16993,84,174,5
39,30530,9,109.49,50.0,0,77,325,7
49,44388,14,191.35,1660.63,2899,117,270,15
34,33606,14,247.8,2629.65,8015,89,209,8
38,28997,20,78.59,1171.6,1425,92,178,12
46,44972,21,297.01,5715.55,15104,129,158,11
52,59630,22,462.34,9728.95,26027,135,123,13
33,38868,24,361.69,7896.68,20158,159,95,16
40,67402,20,398.09,8502.94,21439,96,139,11
18,25761,10,145.1,792.23,2326,87,214,8
30,40258,17,190.02,3148.15,8326,139,228,15
33,45306,29,242.7,6746.47,18805,238,62,24
21,42591,24,234.62,5770.66,14786,185,127,22
26,46485,16,285.58,5152.56,14417,78,261,5
40,69106,23,513.7,12332.59,30530,179,210,15
47,20539,13,59.53,776.75,278,140,150,14
48,37727,1,223.12,2143.82,3545,23,466,2
46,26898,18,174.66,3339.75,10037,55,157,5
45,33740,12,235.1,2948.35,8722,49,201,6
45,50721,22,347.08,8192.88,23251,115,141,10
19,47363,12,260.18,3790.45,11238,44,247,7
33,29312,11,138.48,912.21,1895,96,245,7
31,37430,15,180.45,2601.16,6007,153,186,13
35,29085,3,155.61,890.2,3693,19,368,1
46,49101,17,277.35,5071.03,11040,87,169,7
41,21901,14,59.97,1191.83,4018,87,254,11
18,24222,8,93.86,803.09,2403,47,242,2
32,34114,12,153.17,1587.88,4200,45,239,7
48,51109,9,238.07,3327.25,8982,59,358,7
23,32788,20,264.49,5278.2,13411,116,196,8
37,44266,21,261.08,6432.92,18282,100,179,10
32,31409,13,144.21,1992.86,5782,95,261,11
48,25055,8,114.94,1227.35,2958,52,321,5
28,35575,16,193.4,3208.83,9249,179,238,18
45,96605,27,744.57,20513.43,51744,190,88,17
31,31229,19,183.59,4456.29,12043,176,151,18
41,55355,29,316.2,8180.59,20457,133,109,10
23,37654,19,175.98,2981.74,9652,157,114,17
32,23678,14,113.31,1732.86,4561,67,272,6
41,50319,28,442.59,12796.87,33328,173,126,21
43,29492,14,117.38,957.16,2943,137,204,14
58,36074,13,330.77,4450.92,8889,65,260,10
30,27758,18,172.32,4177.37,10128,126,106,16
45,25468,19,95.94,1264.85,3593,201,162,18
44,36734,10,260.58,2862.04,8716,41,323,2
39,23317,12,91.76,1516.98,2109,60,245,10
42,30960,13,138.99,1850.54,4683,110,233,13
51,82778,27,647.42,17421.5,45562,178,43,14
52,99478,25,718.42,18063.77,48247,195,164,16
19,47792,14,221.96,2815.13,8588,60,224,9
35,43956,20,173.14,3142.15,9552,171,135,20
68,57270,20,371.99,7263.65,18996,92,185,8
32,26249,19,51.52,314.85,2168,175,245,20
19,32192,17,153.13,3556.52,9323,144,208,17
41,41813,11,198.9,1222.42,1652,52,268,2
47,63656,20,470.49,10033.55,24933,177,157,16
56,63729,25,521.99,13004.33,32713,156,101,15
30,30890,11,97.13,1289.08,5350,34,297,5
39,38811,21,198.63,3545.04,9930,192,168,21
60,80993,24,558.0,13559.55,33973,193,125,17
26,28180,13,194.31,2427.78,5401,99,246,11
32,36339,16,193.6,3942.98,9533,165,216,15
36,44441,13,213.87,2196.19,4639,22,273,7
36,31803,6,112.87,273.65,1783,29,336,2
37,33677,22,172.29,2617.1,5316,172,183,17
59,70697,23,448.54,9619.32,24098,127,201,14
41,39657,18,195.31,2035.62,4997,112,190,8
38,21988,16,47.45,217.89,522,149,165,15
30,46547,4,255.52,1998.58,7324,28,340,1
44,80656,31,638.36,20179.13,52750,213,40,22
28,27158,14,105.45,1254.03,3522,114,227,12
44,47179,23,334.23,8033.53,19200,98,163,11
63,29273,9,143.42,1690.83,6096,57,214,3
30,30621,18,155.99,2899.71,10026,161,186,17
45,60124,21,393.8,7499.46,20104,116,199,10
47,28063,22,158.06,2993.08,8611,213,173,19
40,46494,19,207.63,4149.63,12493,145,160,14
56,38954,19,269.6,4524.79,9994,102,196,8
34,66362,26,535.56,12703.69,31269,209,102,20
45,72013,26,508.33,13351.54,34877,233,112,20
36,29896,6,136.66,239.61,2003,25,261,4
48,32921,16,197.09,3901.66,9792,92,224,10
30,31404,1,74.58,327.43,0,5,338,0
39,55342,21,465.14,9760.61,27085,125,196,15
27,20694,20,144.33,3772.05,9707,118,202,16
33,26472,12,52.7,1698.41,6880,105,202,12
50,100073,29,736.88,20745.15,54217,225,60,22
33,28183,18,58.87,1141.26,2669,154,101,17
46,53944,18,357.22,6084.28,17255,139,157,12
43,70775,29,512.41,15041.98,38285,199,47,19
51,20683,18,87.78,2738.08,9658,177,177,17
50,60440,27,561.54,15309.4,39391,157,87,19
40,46073,18,306.69,5440.54,14638,57,174,6
50,43504,18,337.81,5993.33,14444,55,263,6
44,46409,24,291.65,7069.53,18592,111,157,10
55,30296,22,137.1,2188.95,8805,197,84,21
24,32454,21,182.3,3599.69,10343,153,187,16
43,30259,15,172.96,1787.18,4168,103,248,12
49,91247,24,683.17,15702.88,39293,118,135,15
37,37281,18,211.9,3416.97,9502,168,187,18
34,28535,14,82.5,1376.66,2449,73,240,7
47,39500,11,132.18,1709.84,5393,46,279,7
21,41880,10,204.97,1295.73,1602,51,235,5
22,36603,15,147.1,1646.47,5678,96,173,11
22,35517,13,251.32,4714.79,10955,124,249,14
21,37587,13,152.95,1476.05,5063,37,287,7
37,18000,17,85.22,1563.61,5235,147,161,14
25,26822,20,199.87,4281.34,11997,154,207,17
56,70552,22,498.37,10382.74,27971,214,176,19
18,34717,19,140.65,2821.9,4367,152,167,15
40,71214,18,501.68,9207.24,24579,135,157,13
54,56384,13,320.61,4712.9,13762,79,240,6
58,78412,23,599.83,13478.97,32729,153,147,17
33,47259,22,339.17,7459.58,17253,145,177,9
26,18000,7,109.92,1384.14,4338,33,231,5
27,34520,14,152.71,2879.76,7905,66,234,5
38,34620,16,214.0,3470.5,8456,100,148,9
35,26752,29,30.0,868.01,292,248,107,28
32,31195,11,135.05,1180.67,3023,94,338,8
20,34723,4,177.01,212.25,1426,45,377,1
48,77820,25,576.19,14494.18,35938,186,138,17
45,75314,28,531.32,15071.36,36171,245,145,20
48,83542,29,631.53,18776.13,45477,212,30,20
31,33283,16,182.43,4041.25,12857,53,248,7
44,41452,15,196.92,2727.77,5607,106,215,14
40,22897,15,66.83,1562.01,2609,94,209,8
43,45286,17,216.08,4075.38,11998,81,188,7
25,43357,21,208.12,4794.11,10972,81,178,13
39,62919,33,489.44,16530.71,40743,265,45,24
54,76277,29,556.24,15453.2,39083,200,93,20
26,18000,10,30.0,1057.03,3588,71,232,7
30,69257,26,607.71,16285.69,41114,218,92,19
33,42855,20,278.08,4976.65,12439,126,133,9
29,40599,17,206.05,3119.06,9436,56,252,5
43,60809,19,353.51,6390.48,15312,117,150,12
34,30769,15,125.76,1366.05,4628,111,207,11
30,46244,23,278.25,5932.76,17710,165,122,20
33,38639,11,183.51,2390.9,5359,85,258,10
47,84933,24,562.25,13045.21,31977,138,75,15
25,31831,16,117.46,2502.62,5665,88,164,15
30,86549,21,649.85,14023.3,36492,137,55,14
40,25952,16,317.05,5665.09,14835,127,126,13
39,27803,19,46.85,50.0,0,158,164,17
25,48430,17,164.36,2517.74,7296,140,188,13
25,33704,22,157.2,4228.1,12056,140,150,17
32,36645,25,209.63,5560.48,14283,206,104,22
49,24795,7,92.29,655.2,491,76,328,2
42,48489,22,324.67,5758.08,14009,88,138,10
54,53150,24,505.02,12112.63,30739,147,132,16
37,45257,11,312.88,3149.33,7166,5,298,1
29,37809,18,160.6,2780.47,6554,152,134,17
29,25215,17,135.27,1823.03,5639,187,291,16
33,32329,19,140.21,2076.27,3642,169,193,17
32,20887,16,86.6,2174.05,5856,139,225,15
56,32622,10,189.39,2136.77,4846,57,264,5
50,38947,23,175.77,3352.99,8101,164,68,21
37,23911,20,271.18,6156.95,15990,122,229,14
53,96535,24,702.32,16402.26,41286,76,103,10
24,35870,12,227.96,2566.27,5344,78,235,7
30,38364,20,144.15,2523.23,6130,161,174,12
23,35645,16,188.68,3201.8,7077,130,194,13
41,60530,21,286.81,5905.39,15742,83,177,10
44,27719,20,171.4,3337.96,7826,125,110,14
47,48631,17,330.52,6494.7,17826,48,182,4
40,76838,22,587.8,13942.96,35676,121,174,13
47,60141,18,382.75,7263.85,20787,89,211,9
61,67599,19,430.99,9094.8,24437,63,197,6
18,33301,19,159.51,2999.58,8023,180,137,20
19,33600,21,138.32,3571.27,9607,137,104,15
30,22742,10,159.45,795.76,2068,15,273,4
36,29097,17,148.62,2598.02,5765,111,184,12
37,38808,18,157.73,2960.1,8933,131,214,11
30,34810,18,184.6,3390.4,10116,140,221,14
46,54913,18,310.49,5297.79,14561,63,183,5
35,70490,23,502.29,11449.15,29438,229,149,17
22,28596,17,129.64,2077.58,5600,161,191,17
36,29585,19,120.82,2222.47,6923,136,179,16
34,36847,14,175.78,2422.23,7467,103,255,13
35,48967,4,207.26,971.06,718,19,287,4
41,69419,23,532.6,12161.84,31103,165,162,18
41,34111,10,142.4,1433.81,5112,42,301,8
28,33524,11,109.46,1902.59,4957,60,313,5
60,33899,11,170.93,1679.94,4289,79,310,3
30,32849,12,159.8,1877.53,7108,104,210,11
52,45432,13,239.9,3425.57,11274,51,212,4
20,42287,19,152.76,3453.52,8359,172,208,20
54,89186,24,662.07,15370.13,38334,144,134,16
45,65442,21,503.12,11514.58,30979,144,192,13
55,37150,14,243.07,4772.94,15028,85,228,7
33,41644,23,222.15,4573.01,11197,213,68,19
29,29740,14,166.78,2878.54,9530,145,227,10
32,29486,18,183.91,3388.8,7075,121,212,15
23,45091,6,206.72,1161.99,3827,10,238,2
21,34659,21,176.3,4563.16,10261,184,149,15
49,23597,18,84.9,2290.19,5455,182,159,17
44,53537,21,414.97,9382.83,24081,136,140,12
30,43153,6,213.21,50.0,0,28,260,4
27,43154,19,234.1,4427.56,13630,157,178,15
37,26151,7,117.31,50.0,0,18,306,4
41,71580,27,598.7,15654.96,42490,181,77,20
37,26800,17,116.91,1899.77,5550,154,165,16
45,34178,16,90.4,2027.7,4976,193,298,18
43,37059,14,333.16,4605.12,11354,137,210,10
28,30611,20,168.78,2685.42,8723,188,162,19
33,36929,14,139.34,2853.39,6439,90,256,11
31,41769,24,276.25,6400.14,17501,152,166,12
58,26862,13,110.8,1086.72,1442,22,266,5
37,33273,10,145.11,508.68,1283,68,252,10
33,65247,15,478.2,6716.32,17168,94,274,9
18,36562,23,193.63,4352.48,12694,205,211,19
30,20955,1,96.05,50.0,0,39,346,2
32,34689,16,131.38,1592.63,3753,70,134,6
44,61558,23,442.18,8913.49,22021,141,65,17
38,27986,1,138.8,628.09,0,5,402,0
51,41876,9,226.02,1795.87,6768,13,250,0
38,58810,20,451.5,8798.3,22353,148,145,13
46,49244,22,467.26,10125.47,25749,173,199,17
29,36979,17,174.55,1528.4,5662,153,198,15
18,33359,10,103.04,1580.04,2278,82,209,10
40,39801,14,223.29,2853.3,8986,60,217,5
34,21089,12,69.49,792.06,4021,63,229,9
27,21027,13,86.7,2236.61,4287,69,271,9
42,40651,19,187.41,3921.32,13479,134,152,16
44,35385,21,212.24,4161.95,7967,200,211,18
45,23224,23,70.26,1544.82,5563,210,151,21
49,36867,18,211.06,4448.95,8731,151,240,17
37,23195,17,96.0,1565.34,5454,156,201,14
44,48828,26,458.29,11319.51,29249,140,62,16
43,53017,17,373.23,6481.41,14932,76,255,7
25,41308,17,155.01,3027.92,7834,197,224,15
28,39154,16,221.43,2101.7,4497,110,227,12
33,33195,9,138.3,520.94,3582,22,342,5
28,77700,23,594.57,13769.61,37023,165,164,16
59,40336,12,304.09,3839.63,10124,96,187,8
42,88022,18,687.88,12324.21,30053,121,132,14
61,18000,13,85.14,2097.49,5429,61,284,6
35,57179,16,359.41,5673.42,14827,52,211,5
41,44871,18,282.71,4809.8,12380,103,158,8
37,28318,16,81.91,1709.28,4552,166,230,17
42,56988,16,379.21,5563.45,13294,74,207,8
49,20754,16,71.26,941.32,2319,170,203,14
53,67467,26,512.8,13189.55,32351,193,124,19
55,83636,28,556.83,15422.33,39410,205,93,22
25,27136,20,81.62,1999.81,4612,182,145,15
60,40829,15,147.25,2902.33,6779,156,141,15
48,49614,17,433.27,7313.59,21074,158,218,14
35,27166,17,48.18,1215.83,4190,132,213,13
27,18000,17,119.95,2558.06,6464,121,196,10
58,44095,15,180.52,2259.99,4568,130,198,13
40,103571,34,712.77,24497.14,63109,251,51,24
50,37524,19,136.93,3202.06,11174,148,116,17
20,29858,17,128.28,398.19,0,146,275,15
51,52356,19,317.57,7318.4,19274,92,209,8
37,30761,25,167.49,3239.73,8188,232,117,22
41,73825,23,566.66,12631.45,31539,183,124,16
34,45870,17,254.84,4425.02,11565,123,152,11
44,48184,13,203.02,2623.85,5205,41,242,6
36,26606,3,120.59,509.21,2383,52,352,3
32,37813,15,162.16,2244.06,5872,70,207,7
42,29432,32,120.34,3555.95,10613,286,111,31
37,62353,19,519.13,9241.7,24724,139,182,13
33,29862,19,167.46,2360.61,6456,199,122,20
34,28713,18,104.29,2314.3,7886,169,175,16
28,50044,12,210.21,2356.56,5644,40,234,5
36,31843,12,147.11,1555.95,2898,53,321,8
32,89193,12,668.14,7157.47,17016,89,245,9
47,34518,16,246.11,2766.07,6272,91,224,8
29,18781,14,97.19,1925.51,5427,112,215,12
43,63721,21,493.68,9532.72,24085,120,98,14
23,25831,15,98.08,1384.71,5921,145,176,12
48,28052,17,122.3,1283.59,1973,119,176,14
31,45679,17,193.19,2983.77,7470,134,188,18
44,91182,29,665.81,19216.96,48570,230,22,22
32,90498,20,602.09,11778.27,31909,123,181,14
19,26051,15,138.21,2276.99,7780,131,156,12
31,26759,19,79.02,1665.15,3791,168,191,14
48,72534,20,583.02,10770.75,28268,169,193,14
37,76235,17,590.59,10694.63,26367,100,148,12
35,62936,18,424.81,8600.86,20969,66,203,8
64,70066,10,453.24,4222.71,9851,44,297,4
38,53490,19,360.74,7287.63,19655,95,203,6
37,64513,17,330.81,6330.26,17718,126,154,11
39,59719,26,527.6,13518.99,34450,142,158,17
46,26346,20,316.24,6300.84,16513,182,164,15
42,44746,21,299.26,5852.09,17010,90,157,9
41,65372,17,433.38,8119.93,20094,140,234,13
38,67775,14,419.99,5926.07,15281,90,212,9
38,67442,18,361.24,6033.88,16459,146,200,11
55,46485,12,252.03,2198.18,5712,98,298,7
39,29477,19,88.86,1687.43,6699,176,163,14
51,30666,8,111.4,1391.59,3688,52,313,5
41,50626,27,370.37,9846.92,24963,130,163,10
24,40957,22,190.32,5121.3,12206,188,116,21
36,37517,8,152.24,219.25,3741,64,266,4
49,59227,9,400.77,3785.1,10523,63,278,2
36,33539,20,203.88,3776.98,11321,96,217,12
36,65467,21,554.4,11300.06,28822,77,115,11
36,31746,19,134.73,3036.41,6915,147,130,17
53,32310,15,52.88,1745.45,4564,147,232,13
26,49155,21,305.58,6026.98,18226,152,163,9
29,85385,22,577.62,12031.27,32678,118,110,12
19,35168,19,156.03,3564.9,7555,170,229,15
28,46197,10,278.34,2437.4,6796,108,228,6
32,29420,5,166.83,1175.66,2917,5,289,2
45,31823,9,152.4,2349.42,4519,59,260,7
40,30436,20,122.85,2116.2,8012,171,148,19
34,18000,14,30.35,50.0,0,134,237,16
38,33609,22,53.89,1523.1,6531,202,129,18
25,25987,20,205.56,5182.41,13949,163,188,16
19,49106,25,191.93,4144.01,12976,214,156,24
33,34559,11,114.16,1502.27,3829,83,265,9
52,56680,23,400.4,9416.65,24625,107,140,13
25,45779,13,302.8,3424.02,7185,140,234,12
46,38799,13,167.84,2300.87,4597,79,226,6
35,61825,24,427.44,9528.77,23956,192,104,20
29,31326,15,168.04,1923.74,4791,154,192,15
25,36223,19,172.19,2554.3,5939,178,221,19
35,68658,30,536.19,16014.0,43492,235,46,21
48,62399,26,455.38,11209.47,28989,163,53,15
42,66862,21,522.59,11829.31,29460,159,142,14
39,36704,11,222.3,2705.38,5539,103,211,11
61,35069,18,142.13,1786.45,6107,159,205,19
45,50921,21,414.45,8582.25,24420,150,176,14
24,38240,17,187.26,3175.38,9014,169,246,17
58,55023,16,384.98,6657.05,16619,43,200,4
30,28046,18,115.5,2154.43,4213,165,195,16
30,34365,8,164.24,557.61,0,60,302,6
44,45180,11,296.57,2711.07,7602,93,272,7
54,32656,20,190.76,4303.33,11858,155,173,16
34,18000,13,30.0,916.81,4114,79,227,7
44,20773,17,68.37,1146.27,668,138,239,14
55,34127,7,199.55,874.74,642,42,282,2
49,31314,7,145.44,435.16,0,15,270,1
28,36366,9,159.65,954.59,2925,77,276,9
30,37651,16,172.78,3287.77,8168,129,162,12
20,38646,22,187.86,4060.69,9911,185,107,18
40,68246,22,495.83,11400.44,30307,155,124,16
23,25815,19,190.89,3147.65,8225,169,169,15
50,34684,12,115.46,1856.61,8862,97,243,11
18,36199,12,113.45,2176.35,5471,106,225,13
65,29959,1,74.2,862.97,526,24,353,1
38,70117,26,601.14,15212.89,39125,200,107,21
18,18000,18,162.13,2651.17,4180,154,149,15
53,69157,26,542.26,14036.41,35959,211,152,21
37,46251,19,279.5,5201.03,12846,67,179,10
49,70578,16,552.2,9718.82,25217,95,133,10
18,27477,18,108.65,2067.33,5639,157,200,18
51,83299,19,618.01,13018.47,34731,137,108,15
45,34576,16,133.13,1678.16,2362,124,198,12
44,37670,19,178.65,3504.95,7569,139,157,14
27,35216,21,135.3,2485.65,7281,214,166,19
42,40559,21,262.7,5769.83,14301,116,164,9
36,25829,15,103.85,1422.17,4358,141,230,14
44,58461,23,374.7,9037.93,23426,122,162,12
35,40744,22,141.72,3636.82,10293,170,139,21
51,56489,19,356.54,5765.67,13205,58,122,7
19,32683,11,114.6,1986.4,6981,43,303,8
35,37564,22,99.9,1787.13,2800,199,163,19
46,65991,29,502.67,14091.69,36745,173,102,18
32,39121,21,234.01,4859.8,12900,167,132,17
31,28405,26,184.17,5613.22,15703,243,54,27
24,38505,15,144.38,2107.74,5612,137,235,12
45,40737,18,219.86,3011.46,7070,108,148,8
25,27932,11,85.27,1180.85,3261,121,259,8
26,35590,20,207.75,3278.21,7220,174,158,17
27,36696,20,132.82,3249.63,6605,157,225,17
27,36489,19,208.25,4425.96,12995,178,225,16
44,42047,20,195.25,3318.17,7300,162,158,18
42,54631,12,355.72,4728.54,11309,76,270,5
21,18000,11,96.6,1871.22,4320,42,264,9
49,40629,2,192.82,634.27,2604,5,366,2
30,47632,20,209.33,4485.21,10411,136,127,15
20,42497,15,243.47,2955.46,7710,97,151,12
37,27131,7,140.21,1813.57,4814,34,275,4
55,32501,17,109.48,1292.47,3726,202,162,17
50,40021,14,254.91,4192.78,11915,63,244,6
51,70445,20,575.87,12535.06,31236,178,181,16
37,26605,6,157.13,1107.23,3711,5,332,1
18,37344,16,146.43,2203.36,6905,69,143,11
25,38852,16,203.55,3695.95,6993,122,213,12
50,27025,9,152.62,631.67,2593,59,271,7
37,29390,18,215.82,3869.05,11055,96,107,8
43,30073,17,171.53,2352.47,5345,180,172,17
41,60325,17,371.52,6265.54,14353,61,184,5
51,30174,19,183.48,2740.98,6648,83,212,7
70,52440,24,321.19,6481.87,17198,93,122,11
50,43968,20,401.81,8817.33,22328,174,155,17
20,26100,12,85.08,473.57,2106,104,171,9
58,32334,8,203.51,1793.72,3934,49,280,5
19,24145,8,65.37,408.32,162,51,307,7
36,49880,17,260.11,3302.07,10474,140,220,16
45,41793,13,240.32,2916.7,6622,116,219,11
42,43794,27,210.05,5475.91,15572,133,110,11
39,44737,17,262.25,4877.47,12692,77,121,6
18,49959,22,266.31,6766.55,16112,173,137,20
50,66033,29,392.6,10149.77,26307,175,67,15
41,76777,30,606.59,17485.75,45823,216,29,21
22,36746,23,197.4,3502.14,8753,209,136,21
33,33736,21,175.31,3398.92,8544,162,170,16
49,18000,15,74.94,1414.09,3888,98,254,12
24,22625,19,91.72,348.66,2692,156,179,17
49,90501,22,648.67,13548.56,34830,151,118,13
55,23797,4,68.01,660.12,1281,36,326,4
33,34539,18,204.54,4180.96,12010,137,253,18
18,30542,16,116.0,2301.95,4597,140,191,15
28,27660,5,145.45,984.44,2789,26,280,0
45,69728,29,504.05,14747.66,37676,195,41,23
44,69539,19,514.6,9130.4,21221,137,119,13
46,92391,31,687.33,20124.44,50550,197,35,22
35,58408,11,259.66,2508.3,5928,107,225,10
37,80774,21,615.88,12704.09,32854,121,164,13
49,59343,14,345.51,5378.18,13493,44,246,5
28,24698,24,110.51,2198.53,4831,189,144,20
43,69545,11,570.68,6594.41,17346,85,272,11
43,70815,18,424.41,8023.04,19525,56,167,7
42,52566,15,307.88,4522.85,12189,35,186,5
34,26345,5,107.97,1743.32,4732,5,335,3
32,24757,5,62.96,50.0,2475,39,283,3
38,38833,13,193.47,3990.88,9199,84,241,10
31,27365,11,125.76,2028.25,8035,40,231,4
43,43160,13,251.86,3873.05,9162,68,201,6
59,71061,22,525.02,10814.79,26053,230,135,20
48,96509,23,681.96,16806.65,40753,175,135,15
21,30258,16,164.19,2809.07,8515,164,220,14
43,56250,20,398.84,8569.5,21363,171,238,14
37,51752,14,421.1,5751.62,13287,127,256,12
49,46367,15,271.53,4177.31,10210,72,225,7
35,23342,8,89.93,1008.57,3748,9,281,3
18,35589,7,109.91,1130.21,2491,42,365,2
50,55585,4,275.42,1524.33,3941,31,271,2
60,49601,23,381.85,7694.52,17417,118,115,11
54,40683,14,251.21,3982.54,10787,123,210,13
52,70129,21,513.73,11158.98,29580,119,121,10
50,46894,11,220.2,3566.86,9195,53,348,3
45,36541,6,201.09,898.24,1248,26,318,3
51,55433,21,509.6,10347.67,26551,161,120,14
39,33732,10,174.92,1886.0,4862,47,267,4
41,41393,17,267.02,3106.31,8680,130,126,9
44,28826,25,205.24,5085.79,13794,107,40,9
20,27991,21,181.79,3640.08,9196,189,84,19
38,56436,16,345.85,4227.71,11623,71,221,7
27,45014,17,260.6,5459.28,15249,122,172,13
29,35446,11,160.3,50.0,87,63,291,5
50,36117,23,191.03,4864.54,14817,92,156,11
30,23549,18,93.26,1426.28,5343,177,181,17
39,35546,19,123.38,2599.76,7080,176,169,18
32,30375,22,146.61,2387.54,7235,218,90,19
29,42422,4,222.83,568.73,536,39,337,3
18,32724,5,158.72,148.33,0,27,310,5
36,36778,10,164.58,2024.41,5339,92,257,6
22,24615,15,104.93,1740.74,3284,125,225,14
40,33422,26,122.51,2941.53,8422,193,156,24
44,33050,5,112.21,851.74,3957,32,302,0
58,24552,11,79.15,590.97,1742,46,215,4
20,42917,19,212.39,3854.78,10814,180,202,17
37,24191,12,94.4,1326.28,2229,78,182,6
36,38120,13,163.91,1940.96,3575,94,244,9
56,50014,12,414.42,3656.62,8836,82,257,7
48,25685,18,181.59,4202.91,11240,127,188,11
23,22695,3,120.74,584.82,716,29,356,0
37,64445,15,407.17,4878.06,14526,88,268,7
30,46638,20,198.81,2948.38,8838,194,157,17
61,37332,13,188.29,3268.52,7974,93,185,6
39,35066,9,164.29,558.3,2852,44,309,5
36,37556,17,213.33,3415.85,8628,145,157,14
43,54813,16,419.98,7284.77,18852,92,226,12
22,42050,27,195.51,4680.46,10822,201,71,25
54,80063,18,574.93,8773.11,25537,136,221,10
35,41851,9,234.17,1467.3,5066,51,295,6
39,95326,22,629.15,15399.61,42201,169,101,17
38,29277,9,136.44,1139.39,2478,89,257,6
49,47655,19,294.23,5033.42,13226,107,141,12
27,31334,13,186.86,2312.56,5496,67,256,11
35,18000,11,48.05,913.48,2347,39,245,5
43,88830,23,651.3,15378.97,36932,118,134,16
45,40358,12,227.83,3065.15,6440,39,229,3
57,43232,13,255.47,3742.33,10650,44,201,5
38,59666,18,414.58,7532.9,20531,108,175,9
43,65353,19,578.97,11094.08,27249,166,152,16
22,38175,23,177.66,2883.17,9365,157,166,16
37,54329,14,332.81,4718.13,11434,63,214,5
51,51803,19,337.22,7321.78,16884,118,189,9
51,48912,23,304.6,7181.07,17633,125,133,13
22,38531,21,158.59,3247.55,5998,192,143,19
22,18000,14,91.92,1353.15,3148,107,193,13
57,25411,4,144.28,156.93,492,15,330,0
47,32885,7,122.71,1143.07,2736,9,330,3
47,48623,18,278.68,3925.56,10438,123,221,8
31,26205,19,131.77,1951.25,3995,162,208,17
27,45032,17,254.19,3946.17,12258,77,193,8
31,32294,13,245.39,2439.5,4769,61,266,6
25,38199,22,200.25,4719.21,11868,128,194,17
29,34914,24,110.75,2657.58,8265,265,125,25
60,60160,16,359.09,6219.81,15012,112,184,9
39,74128,24,532.31,12374.67,32466,148,141,16
46,20296,22,68.39,1489.42,4319,143,110,21
25,34475,13,189.26,2451.8,7439,93,250,7
47,33333,11,156.19,901.27,1097,80,269,10
39,62632,16,415.09,7006.19,19469,81,225,9
54,70191,23,556.96,12700.96,31688,120,147,12
18,25581,6,83.48,50.0,1212,6,344,2
48,76894,17,608.15,11538.57,28635,119,244,12
30,35654,13,142.91,1750.67,4261,82,313,10
43,75291,20,536.59,9731.88,24945,179,187,17
24,68710,26,438.69,10873.88,26175,168,102,13
46,73176,20,579.5,12075.84,29213,105,217,10
46,92839,28,661.6,19326.59,49480,194,67,20
24,27235,16,124.08,1531.18,3858,162,219,14
44,27007,13,144.97,1537.99,5877,100,269,11
41,68587,22,523.19,12431.57,31558,169,126,18
38,60106,33,311.54,11300.26,30718,152,42,16
30,31914,18,135.37,1462.32,2935,153,215,12
51,28910,6,117.07,925.36,1715,25,313,4
26,57254,15,315.08,5511.26,12856,92,138,10
58,31029,3,135.33,1072.55,4275,46,336,1
24,22867,14,107.64,1558.43,4250,156,233,14
35,47853,15,239.22,4201.81,10194,129,191,12
35,47854,8,231.74,2321.83,7106,101,284,6
58,28757,25,60.11,1437.84,3729,231,112,24
32,31572,20,147.87,2774.75,8913,158,230,17
35,24211,12,30.0,577.59,1458,68,247,5
30,20134,14,105.96,720.09,674,79,200,10
32,44168,15,269.3,3997.78,10059,71,113,9
43,64208,22,369.16,8052.97,18478,127,159,11
44,30326,19,97.98,1739.33,6028,177,193,21
44,60419,25,428.79,10607.14,26951,198,95,20
49,61673,15,530.17,7764.98,20760,64,249,9
33,44359,10,196.17,1240.59,3065,57,292,7
45,38028,13,323.85,4519.39,13069,72,242,9
34,32797,12,169.18,2110.97,5219,94,247,11
37,57097,17,335.44,6063.62,16551,98,114,7
29,22041,15,88.29,2267.37,6917,116,256,14
32,40759,26,289.5,7426.83,19734,241,159,22
56,83946,16,573.49,10047.87,27500,112,170,11
35,38188,11,199.29,2436.54,7685,88,235,7
27,32491,19,157.53,3695.56,7690,148,219,16
49,54199,27,475.26,12749.29,29646,201,161,21
39,54740,24,488.84,11029.09,30273,158,143,19
36,30043,20,167.64,2951.05,7262,100,202,10
45,48517,12,353.86,3605.05,9590,62,209,7
50,28965,22,132.5,3013.75,6263,214,203,18
42,74569,24,499.07,12364.18,32205,163,115,20
46,38320,8,203.54,2202.75,4533,54,271,6
52,38460,11,161.0,1351.96,1677,84,298,11
38,54165,28,434.58,12151.93,30720,161,38,17
22,29245,18,133.7,1701.39,6083,126,174,13
46,29992,18,43.13,1524.79,5047,173,153,21
34,56643,20,489.46,8862.32,24595,85,119,12
21,37314,19,232.09,3773.57,9368,113,140,11
38,31432,18,136.31,2504.39,6060,133,199,13
44,78071,20,545.79,10840.58,28568,183,165,15
46,23179,7,61.47,50.0,0,51,279,4
18,42546,7,223.9,1887.84,4260,12,288,5
46,38896,19,200.59,4076.47,11591,140,199,15
39,51266,22,409.95,9007.03,22097,189,126,17
35,76788,20,584.03,12420.29,29461,176,166,15
50,29369,10,171.83,1199.82,4224,48,223,5
19,28280,19,165.42,3607.93,9078,171,219,18
50,31507,20,129.45,2842.69,8646,141,151,17
41,28604,17,155.94,3418.71,8549,142,185,14
38,31251,17,122.33,1929.76,6149,97,140,13
40,98427,22,671.64,14485.48,36714,163,176,15
51,26980,8,95.32,1451.87,3148,5,299,2
48,79770,25,601.07,14129.95,35787,136,61,15
20,40001,13,246.38,4025.44,8804,117,208,11
41,39620,26,160.74,3433.1,7619,184,117,21
42,36268,7,190.66,1539.5,4647,12,279,2
41,24657,16,167.31,2085.49,7303,161,212,16
55,27918,18,87.85,1419.2,6239,129,198,14
31,39005,21,163.24,4066.9,9610,145,205,16
25,33445,22,157.15,4581.53,11441,219,172,19
53,58517,21,377.14,8119.88,21521,77,151,12
32,36183,16,144.29,907.78,1575,107,226,7
45,44343,8,158.15,227.94,1431,32,321,3
29,67063,20,391.24,6465.84,16916,146,219,16
23,30944,20,139.14,2623.38,8088,156,201,16
34,33323,12,127.31,2177.25,6200,123,237,14
37,30595,17,86.66,1215.38,5511,187,129,18
27,23707,5,143.49,112.79,1696,25,322,5
43,44558,13,282.11,4161.65,10548,66,214,7
42,37474,16,205.42,4256.35,10727,76,225,5
39,95205,32,662.12,21340.13,53748,296,50,26
50,31550,16,225.87,3377.21,9272,19,216,4
37,37810,21,226.94,5134.38,15874,167,188,18
34,67991,27,517.5,13874.92,33451,219,73,21
32,40126,28,272.62,6321.8,15289,153,110,9
50,30389,6,110.64,1754.42,4773,21,277,5
41,56736,28,482.53,13125.92,33765,240,94,24
18,38074,15,151.42,1875.58,3935,132,160,13
32,27618,23,179.84,4712.26,11721,187,143,21
46,52470,23,309.37,7025.53,16486,134,146,12
40,55738,23,342.5,7505.86,17092,94,183,10
27,32958,21,229.19,4245.36,10240,191,97,17
41,65492,15,510.75,7826.56,19946,107,203,11
39,40867,18,289.63,4593.98,13097,102,202,9
57,47370,18,315.65,6217.28,17639,58,129,5
38,45895,11,249.87,2216.85,5091,44,229,5
46,35259,21,260.43,4957.05,13345,150,119,19
52,80878,24,556.49,12239.1,29730,119,148,13
45,53494,15,343.15,5517.39,14658,90,126,7
49,48484,21,269.47,6076.05,15169,70,252,7
46,84182,25,601.32,15490.28,39350,191,110,20
28,52472,15,356.62,5170.52,10722,73,251,4
55,49363,22,273.95,6155.94,17223,82,139,8
65,82121,21,645.78,14422.69,36251,151,174,16
49,58626,22,468.68,10813.3,26698,159,191,16
44,29596,19,101.82,2222.88,5431,135,169,19
40,24063,24,63.61,449.56,0,203,109,22
37,46441,21,423.21,9442.07,25071,180,151,13
24,54392,23,387.42,8078.31,22384,170,103,18
41,55389,31,442.27,14374.0,36176,120,71,11
53,30533,14,257.73,4417.19,12820,44,201,3
51,43748,16,288.23,3008.89,8396,106,269,6
32,49418,14,304.69,4291.27,11481,99,178,10
48,45955,14,327.39,4442.3,10871,115,248,9
37,71591,15,531.34,7019.71,18202,69,253,5
46,39937,21,268.69,5973.23,15658,126,196,9
40,63291,21,493.27,10156.83,28682,198,180,17
33,18000,3,103.55,513.47,1796,5,321,0
39,78098,29,623.25,18428.17,45154,224,51,25
30,38948,21,241.52,5410.04,10956,191,170,20
29,44368,13,239.98,2763.87,6664,43,248,4
36,31637,17,125.06,2573.55,6587,123,146,15
23,27625,16,130.19,1852.66,6021,126,222,16
35,38684,22,258.82,5911.53,13222,173,189,18
37,41179,26,139.23,2596.61,5765,224,108,26
34,44241,8,173.6,2151.28,5761,35,320,6
45,54202,20,461.96,10029.06,25340,153,127,18
45,35386,24,153.08,3224.15,7713,229,130,23
52,65742,16,442.25,7242.05,18334,40,191,8
54,30376,14,151.47,1873.29,3802,87,269,13
45,42887,16,225.08,3747.27,10359,82,194,9
38,81675,18,631.8,11621.73,29616,108,168,13
54,30776,7,85.61,50.0,1984,81,295,6
32,24630,3,129.94,50.0,1471,5,270,0
34,35593,24,176.63,4237.44,11630,201,36,23
42,74679,21,516.23,9492.05,24509,110,207,12
28,38712,17,111.56,1910.02,4215,145,141,13
41,70542,22,655.87,14254.12,34492,124,134,16
42,50788,16,311.5,4491.89,13292,68,124,8
52,47009,24,294.55,7160.85,18119,84,72,10
51,59438,22,492.41,10066.16,27861,175,143,20
33,102413,31,766.86,23885.15,61480,234,48,20
30,31490,18,197.28,3195.27,7204,125,178,15
51,27120,16,140.87,1638.51,3212,148,173,16
40,51587,12,325.43,5022.64,11264,58,293,5
42,82573,27,630.03,16810.18,44225,169,128,17
35,35824,16,175.29,2470.43,6355,115,232,11
25,41107,14,161.65,1870.89,4160,46,202,5
39,36953,20,197.42,5240.64,14336,151,170,17
26,31324,20,58.88,860.73,2477,166,104,19
33,34851,23,203.67,4668.53,12396,211,132,20
36,78185,23,573.47,13998.22,36115,157,197,16
37,48143,21,426.41,8239.07,21327,148,104,16
48,67806,19,520.35,9306.91,21488,140,180,17
48,51080,15,382.08,4875.17,12803,69,313,7
25,46326,17,229.85,3607.17,10482,133,185,11
18,37443,20,195.86,3603.82,8452,228,144,19
27,22096,19,75.1,2134.43,5309,185,209,17
28,56677,25,424.37,9959.72,24966,132,132,13
19,34615,24,204.07,4615.74,11358,195,189,22
34,38446,4,191.74,422.31,1556,61,316,5
47,88201,23,575.5,12951.15,31412,189,94,19
39,48509,14,243.11,2683.97,8512,95,246,9
23,30308,4,148.9,443.55,719,10,308,2
49,44544,21,141.9,3503.4,9715,149,125,16
46,56269,23,292.4,6860.15,16617,137,139,13
52,81343,21,613.55,12931.0,33354,95,146,12
41,29923,26,175.58,5344.03,12505,211,72,25
25,36279,22,162.84,3856.98,8803,199,103,18
29,38648,21,184.25,4509.29,11818,156,136,19
49,44478,21,196.14,3159.99,9164,121,134,15
37,48126,21,264.97,6117.44,16758,96,198,10
36,33232,13,203.64,2978.5,6976,91,268,6
53,30365,10,167.89,2606.02,5247,86,243,11
32,60624,21,409.31,9599.94,24287,149,219,11
35,31704,21,146.69,2265.0,5240,167,130,17
49,50358,26,343.35,8933.82,20984,144,121,12
39,44366,14,173.44,2601.7,8100,92,224,6
63,83399,20,642.63,12951.72,33439,173,66,15
21,18151,3,65.48,50.0,405,12,293,0
19,22309,14,70.33,1295.9,4785,122,262,13
44,32863,17,169.16,3326.5,7995,99,240,14
39,35866,9,164.72,1104.67,3323,76,292,3
25,28342,10,99.18,820.27,2219,79,309,9
45,93326,19,648.91,13066.86,34528,112,164,8
41,75013,29,583.2,17653.21,47146,210,56,21
34,29757,12,191.65,1919.18,4212,73,234,4
71,40449,10,184.55,2409.32,5080,56,285,4
34,36865,7,157.44,542.89,2567,17,287,2
55,31639,15,164.35,1991.14,6663,125,210,8
46,62760,27,496.45,13126.08,33492,189,99,19
45,76492,26,622.81,15557.37,41422,175,88,17
34,49086,8,261.21,2061.01,4558,49,236,4
44,96342,23,740.57,17061.0,43659,126,112,16
40,38194,14,111.07,1007.52,2254,111,235,12
37,35198,8,126.89,819.43,3199,5,205,1
38,40415,8,170.93,1745.5,6212,65,270,5
38,31531,7,117.75,1272.76,1863,9,334,2
20,29446,14,102.94,2426.36,4928,140,226,12
30,45818,20,319.38,6087.27,16256,84,186,7
39,34246,13,250.86,3284.83,8924,89,183,8
43,22680,10,163.45,1868.34,2096,59,244,4
50,49964,11,300.51,3547.26,11072,10,260,3
49,45420,7,245.69,1943.73,2570,34,297,2
44,51353,20,334.63,7237.97,20791,114,163,9
56,27476,12,135.99,2345.38,7379,74,258,5
37,72493,20,527.84,10982.91,29064,134,131,12
33,26316,22,87.52,1676.67,3764,222,117,23
55,39250,19,245.25,5104.76,11873,55,164,7
58,25296,6,120.28,1641.63,3877,5,329,0
34,39326,16,165.02,2630.73,7824,90,192,7
27,49794,24,348.08,7632.12,18244,108,66,12
27,51622,12,230.7,2745.08,5605,12,271,5
54,62589,20,433.4,8575.76,20941,149,237,19
38,68891,26,503.67,12934.07,32759,121,97,18
31,72452,12,539.63,6617.7,15971,77,216,7
45,36861,19,110.2,3375.65,8046,158,147,15
18,21208,14,124.99,1250.49,3551,145,218,12
56,30585,21,105.48,2292.04,7242,201,170,21
48,29002,13,191.9,1894.25,3116,130,260,14
21,27543,17,95.7,1655.25,2983,139,171,14
36,42173,10,271.89,1956.71,4545,13,343,3
18,40371,20,164.85,3816.93,11694,141,156,15
39,43136,14,285.05,4196.98,10121,78,230,8
43,50276,7,219.71,1895.41,5054,39,342,2
47,40199,20,92.45,1866.49,5127,149,188,16
42,30030,6,112.12,1343.81,3723,45,312,6
39,46660,16,270.88,5033.52,13307,53,182,4
63,39736,10,299.07,3455.45,10439,95,267,6
39,52901,20,445.58,7359.07,19837,128,158,12
41,56986,18,353.5,7381.31,18605,84,181,9
31,99668,31,716.32,21030.4,53750,256,34,23
37,65579,19,494.06,8152.36,21508,138,163,11
42,90376,26,659.22,17554.87,45288,209,133,20
24,47867,6,225.96,752.25,2849,20,233,4
30,52442,19,322.45,5243.92,13999,134,244,8
55,34718,14,200.1,3484.48,10945,80,272,2
52,35880,17,139.52,1753.91,5144,148,146,17
25,41112,19,205.11,3759.4,12308,182,97,17
39,45945,22,252.54,3134.02,12455,116,127,8
44,35633,12,110.81,127.14,1923,86,246,11
30,79473,28,606.04,17204.45,44768,181,92,19
32,34550,23,210.92,5160.99,11709,93,195,10
37,27977,5,107.6,393.82,835,16,307,3
36,29010,9,119.65,835.02,1239,31,274,2
29,36950,15,188.95,2749.65,8002,159,232,15
60,28902,11,117.85,1689.99,6104,65,265,5
55,40182,15,206.72,2371.84,7156,120,154,10
44,41574,20,232.36,4300.63,10801,118,142,10
31,34260,17,208.85,3723.4,9902,177,194,15
49,33460,11,169.1,890.73,3223,54,228,4
26,18000,9,80.67,1298.16,5069,79,284,7
33,74787,27,616.11,16928.11,41731,198,129,19
37,37982,20,195.51,3675.45,9473,186,160,17
54,42931,25,294.81,7419.33,18812,113,61,11
37,63148,19,357.59,5976.17,14720,121,210,9
50,27914,11,93.21,1442.64,3333,106,291,10
51,73058,27,498.44,11716.74,30235,192,69,23
31,33855,21,158.28,3717.55,10512,181,122,22
36,50264,16,278.46,3112.81,7191,161,165,12
42,32424,10,141.5,909.18,3342,104,314,13
32,18000,17,30.0,1120.31,2650,139,201,14
44,26510,18,109.21,1266.73,2760,165,171,17
27,35651,16,178.11,3391.67,6890,122,250,14
38,69160,20,538.62,10555.24,27215,162,200,13
47,60759,21,524.35,10033.49,25146,139,196,12
38,28885,15,161.9,1521.05,1545,144,250,11
48,31814,7,136.62,1514.67,4304,63,287,6
51,26156,1,102.67,50.0,1387,26,336,1
40,35988,21,102.79,1819.96,2758,150,142,19
18,24200,9,96.39,1063.84,1923,11,288,2
51,34093,20,180.04,3505.45,8322,170,169,17
39,41305,11,245.35,2875.16,9385,130,249,12
23,30828,18,151.83,3238.3,7525,188,181,17
50,70798,23,532.61,12681.57,29378,149,174,14
32,21617,6,40.42,50.0,2312,37,303,4
48,59825,15,490.4,6838.0,16733,68,211,10
19,35470,18,202.42,3321.87,9593,108,186,16
41,51836,26,351.97,7791.52,21271,106,126,10
48,46371,18,316.11,5258.35,13413,67,134,8
45,52249,20,456.96,8955.65,23406,159,199,14
36,47599,19,323.98,6646.37,16665,134,165,11
56,40360,7,225.99,2045.86,3673,36,325,4
18,41817,13,199.43,3843.65,10700,134,258,14
41,68370,21,512.96,10607.9,26664,152,188,15
50,38548,16,155.6,2862.48,6033,170,252,16
36,46815,19,292.33,4998.38,11771,85,196,10
30,59179,18,483.14,8133.89,20747,118,190,15
44,29774,18,154.07,3622.53,9370,175,159,16
35,55964,19,390.39,6160.31,15274,77,182,8
39,29414,19,145.96,1487.82,2750,159,93,15
37,30185,5,93.51,893.62,4094,18,345,4
35,20376,10,30.0,1643.58,4008,60,327,5
40,82188,27,631.39,17721.04,45240,262,28,22
35,36007,22,261.08,5980.65,17020,61,93,9
50,30604,8,189.16,3151.53,8749,5,321,1
37,78892,24,569.84,13995.01,37894,193,182,16
52,72954,16,452.11,7374.67,18992,73,228,7
31,31338,16,149.1,2184.54,6658,111,184,15
30,51524,20,314.79,5924.1,14933,109,177,11
18,43798,15,170.62,1795.83,4175,99,287,11
26,52171,23,329.99,6926.01,19737,181,160,19
37,30600,9,113.36,1262.21,4394,84,283,2
38,25867,12,91.31,926.64,862,87,256,10
24,37834,17,160.08,2558.24,5837,187,239,15
25,25561,7,68.67,239.9,1600,44,403,5
40,54337,22,510.78,11859.25,28887,135,110,14
40,27440,1,103.68,50.0,11,5,341,0
41,83062,24,572.25,14145.14,38032,133,112,16
42,87451,26,636.5,16723.25,42892,212,69,18
31,39286,19,156.14,2898.87,8376,164,234,16
27,21183,18,96.95,1560.63,5473,169,172,14
18,38854,18,222.84,3057.4,7550,157,241,18
26,30352,19,100.97,2395.55,7238,148,164,15
41,62156,18,464.17,9158.94,21886,105,217,9
43,58934,26,519.71,12945.73,34569,177,103,19
52,65989,21,475.89,10876.11,29560,123,150,12
27,37628,18,153.99,2022.54,5144,149,160,14
21,40498,14,202.69,3229.64,8764,99,307,10
25,27352,16,168.39,1957.5,6373,174,206,16
43,78834,26,598.09,15707.38,39972,167,95,15
20,40776,22,130.81,2500.59,4293,181,112,19
30,22088,12,73.38,1945.01,4469,32,221,6
41,54932,22,256.1,4928.77,11681,122,112,10
56,91158,22,648.14,13609.85,34723,110,170,15
43,62784,23,488.16,11062.13,28085,158,164,16
61,46454,24,238.11,6245.11,16570,160,155,10
45,63388,17,542.0,9583.41,27584,88,155,12
43,47585,23,279.05,6413.93,14768,80,94,10
25,32242,15,103.41,325.44,1186,116,270,13
45,79532,29,599.6,17159.48,43655,194,115,20
19,27825,14,137.61,2422.42,3793,129,188,12
57,57333,16,369.72,6302.41,15668,17,179,5
26,48407,20,229.58,4812.5,11966,187,139,19
22,37031,8,176.05,1932.64,7546,80,286,4
46,70652,30,509.71,15880.74,41395,159,98,20
40,52703,23,462.93,10909.38,28291,166,124,18
33,59545,33,428.12,13990.28,33759,220,81,20
48,66067,21,539.13,11248.8,30211,84,168,11
62,54754,18,431.62,6994.98,19297,145,172,12
34,18000,8,34.25,50.0,1792,34,303,2
49,101775,20,704.47,13274.94,36345,176,144,15
41,90071,29,684.6,19689.34,51532,199,43,19
29,45513,16,272.1,4420.69,11713,173,288,18
61,40246,11,139.11,551.14,1484,39,235,6
30,28150,21,156.18,1662.63,3712,143,157,17
20,43126,15,258.98,4198.84,13902,105,149,13
54,20134,21,30.0,1104.3,3164,226,167,22
44,38886,29,376.47,11147.06,27240,232,53,21
27,32665,17,205.73,3689.83,9935,126,222,14
25,69843,25,507.18,12890.98,33577,170,36,16
52,33979,5,121.45,844.43,2058,23,365,5
22,42207,18,167.75,2207.58,8848,122,249,17
62,33870,17,105.93,1277.06,1595,126,219,15
37,47951,18,317.0,5532.23,14233,92,167,7
24,30946,15,156.11,2745.88,8323,134,229,14
27,37278,11,163.67,2225.26,7632,144,203,14
37,42966,19,201.43,4318.9,9933,161,204,14
53,77983,30,554.41,16566.44,40460,239,83,24
18,35204,16,186.04,2738.3,8836,133,125,13
35,62350,17,428.78,7502.18,16719,75,238,8
18,34578,19,147.63,2377.29,7216,174,197,16
46,27955,18,118.96,1890.18,4572,184,188,13
48,48018,24,249.65,6853.83,17211,110,97,10
46,36515,17,195.19,3425.2,7958,65,170,7
37,98234,14,664.78,9072.89,25774,158,220,14
32,61314,21,411.97,9200.95,24964,75,218,6
25,43839,10,171.51,1429.33,2761,68,286,4
26,31246,14,103.53,1717.05,4529,129,252,12
51,40618,10,241.58,2805.64,8160,65,301,5
27,40908,13,212.39,3388.75,10803,74,220,3
36,33328,8,165.16,352.32,828,13,289,3
52,43574,14,172.73,1798.5,3662,64,215,2
22,31630,16,145.43,2729.54,8199,90,218,13
23,36608,13,144.76,1653.58,3781,34,282,3
29,36034,21,143.57,2714.59,7769,181,75,18
46,23322,12,114.72,1268.66,2132,85,259,7
51,63400,17,521.82,8422.3,22145,112,238,12
53,41366,20,203.44,3822.13,9832,180,201,20
47,85412,20,662.47,13194.49,34190,106,195,14
60,35435,15,249.68,2524.36,5985,97,146,10
44,70962,30,522.34,14918.12,40330,207,95,23
24,32416,23,210.43,5092.35,12383,201,115,20
26,50613,16,243.38,3556.38,8286,145,201,15
43,36031,16,176.22,2455.52,5807,164,223,15
39,38900,20,187.13,4646.01,11203,148,155,15
44,32831,16,86.58,768.05,312,137,210,15
47,71603,17,608.8,9227.27,23509,134,214,15
34,37361,4,195.17,912.73,3422,5,301,2
43,46371,26,404.47,10075.03,26863,194,109,17
32,20439,15,66.01,162.95,1800,105,228,12
44,64961,24,431.84,10145.27,26712,79,82,8
40,38108,15,145.7,1649.42,4257,119,245,12
54,50566,17,406.75,7649.41,20179,155,217,13
41,82407,23,601.66,13444.35,35530,147,154,15
55,18000,15,68.84,1361.85,2058,118,185,14
59,65673,17,450.58,7196.31,19259,74,167,8
27,39572,16,161.2,1811.68,6841,166,279,13
31,28648,21,112.21,2546.05,6966,212,172,21
18,35904,20,121.18,1190.42,3249,188,165,18
21,27549,16,164.52,2302.56,6610,188,235,17
47,68203,26,474.4,12138.56,29827,187,119,18
51,81447,27,556.14,15007.34,40257,193,51,18
28,30710,17,185.65,2900.57,7398,102,232,11
48,47420,18,335.74,6224.54,15270,91,135,12
18,32835,20,125.15,2286.09,4427,134,149,16
40,45936,9,233.93,2621.73,5594,55,258,5
31,32432,23,90.87,2332.76,5984,257,112,21
44,21270,24,130.93,3310.3,7608,222,113,21
36,24350,10,82.56,478.31,1434,67,260,9
49,103475,27,704.97,19228.75,47549,183,37,17
34,35949,19,174.14,3779.87,10278,154,161,18
49,28366,7,105.99,1516.85,5216,29,297,3
46,46857,21,338.94,6170.3,16313,68,207,11
42,33808,25,160.15,3526.94,9612,155,159,17
32,47358,17,341.72,6919.02,17578,81,200,7
41,42065,14,193.32,2644.68,4966,137,261,15
51,28448,15,182.74,2508.95,7551,122,170,12
46,31678,17,254.21,4398.6,12431,121,144,9
35,37465,16,171.1,1951.84,5774,92,185,7
19,35896,17,170.65,2257.0,5914,179,239,20
23,32733,17,196.6,3393.3,8259,169,204,17
45,62580,25,473.33,11183.28,29761,204,149,19
45,27480,19,132.34,2649.75,4993,176,194,17
32,22261,14,58.85,1327.58,3983,89,249,11
54,20020,18,86.81,1387.24,2769,127,115,11
57,29338,15,73.09,240.61,1611,109,178,12
38,26419,16,116.26,2541.87,8150,109,263,14
39,48972,26,331.8,7597.74,20199,150,152,12
50,70630,18,538.39,10451.69,28134,142,218,13
48,70666,21,460.85,9416.29,23808,117,159,10
47,35791,10,196.65,2634.46,4649,31,251,3
37,29896,14,80.85,1946.84,6178,124,333,9
45,36685,5,151.23,126.42,210,46,359,4
43,24568,18,125.63,2072.43,6263,145,142,16
46,33732,11,176.63,1118.48,4867,63,306,3
49,36593,21,88.1,1196.06,3425,161,151,18
18,27001,20,75.68,1792.75,3885,170,222,17
35,62617,18,475.03,8703.98,21789,149,171,11
35,42452,19,233.06,4525.36,13253,43,120,4
49,80214,22,613.92,13136.82,34474,124,109,12
30,21924,19,88.81,932.48,4056,175,210,19
26,22274,9,69.4,697.62,1536,49,302,5
27,34698,17,164.65,3269.64,7517,149,178,14
49,47986,2,231.81,874.81,2754,7,345,4
26,36676,18,222.83,4624.49,10333,111,156,12
18,23220,3,81.11,811.32,3978,46,369,1
69,75913,25,552.63,13216.55,33931,186,63,17
35,28388,20,187.0,4926.93,12580,112,166,16
23,33817,17,122.38,1955.6,3166,169,188,17
25,32248,15,143.42,2742.12,5848,138,194,15
52,64623,23,466.44,10782.45,27835,169,98,18
60,24995,18,182.1,3132.0,8175,95,284,8
61,45068,27,387.83,10481.54,26383,183,79,20
45,55195,17,493.04,6953.51,17907,157,182,13
33,61699,24,356.4,8176.18,22020,108,167,12
26,39068,18,180.38,2860.67,7992,157,174,18
40,46986,21,363.84,7362.53,19388,131,145,12
38,53243,25,301.99,7224.96,17733,136,106,11
41,35338,6,166.25,1113.36,3068,14,317,3
30,35327,12,224.59,2641.08,4943,40,243,5
49,18000,5,87.96,368.0,1150,65,289,5
54,34234,19,101.98,2214.81,7128,173,167,18
28,59777,14,283.16,5041.36,13727,132,230,10
47,35847,18,139.5,2209.13,6626,149,237,13
50,28412,13,85.54,1278.2,3065,60,239,7
18,46891,16,231.84,3956.73,12998,110,178,12
31,51065,17,361.31,6953.55,19095,49,194,5
62,37936,15,167.69,2445.5,5922,74,225,6
57,46612,21,292.45,5484.11,11524,52,174,4
48,20854,18,71.89,1924.0,6588,163,194,18
58,55166,13,420.19,5288.24,12162,95,275,9
43,57779,22,331.9,6942.61,19013,102,215,12
18,32711,24,188.32,5113.67,13295,223,136,23
35,45853,19,243.38,4405.7,12542,173,141,15
60,51603,17,294.11,4259.94,12555,48,138,4
44,40350,16,330.26,5318.97,12421,72,216,9
33,29647,15,111.45,1666.4,4965,150,154,14
59,35796,23,65.04,1092.04,0,201,85,22
31,61699,19,356.04,6811.08,18236,116,188,8
27,45080,13,245.57,2449.53,6099,102,198,12
39,37423,21,211.21,3587.83,10127,47,38,5
33,73292,26,592.2,16229.01,41505,176,89,19
29,59948,27,492.33,14013.45,37960,217,105,20
30,41494,14,244.13,4103.95,11825,94,263,10
42,30965,7,133.96,1511.52,5347,16,236,2
18,32579,19,190.2,2876.46,8084,182,135,20
36,54359,15,366.85,4450.13,11644,109,157,8
38,52045,25,347.34,8192.2,22889,109,114,11
53,38090,10,150.62,2827.83,7860,102,286,4
43,18019,3,71.26,347.2,0,14,331,1
54,58017,28,533.28,14508.95,36330,163,93,17
62,37402,19,146.52,2859.21,9998,185,180,18
25,36006,22,170.83,3405.8,9530,158,155,14
27,39238,18,213.22,4517.8,11611,157,178,18
41,79010,15,596.33,9542.22,22872,54,197,8
25,38736,6,149.8,733.54,3561,5,306,2
51,49506,21,285.14,5681.69,13815,165,162,17
48,73696,25,515.1,13251.98,34097,201,145,17
34,27520,8,143.75,1133.8,2776,109,287,6
49,83758,32,642.15,20298.48,51195,223,55,24
24,18707,15,156.54,2712.92,5475,68,209,8
47,34007,17,173.29,2861.81,6527,132,172,8
42,26915,26,154.92,3118.64,6674,189,152,24
34,87646,26,657.57,17371.38,42234,229,61,21
55,44009,13,275.63,3299.59,9367,78,282,7
27,25510,10,158.45,1265.78,4226,6,210,3
18,50546,7,227.82,1221.65,3779,29,324,3
39,83367,30,617.5,18602.52,45484,196,141,21
46,59800,13,349.33,4125.06,13225,89,176,6
34,38147,16,219.43,3587.5,8589,120,264,15
20,35390,8,150.2,1676.41,5029,36,315,3
38,53465,11,206.11,3033.01,8415,8,264,3
24,39503,14,261.48,3237.38,8457,78,254,11
49,72530,24,595.35,13756.45,32991,189,155,19
40,83975,26,588.77,15088.38,35474,145,165,14
30,21169,14,140.63,1936.88,4595,150,239,13
47,18000,9,99.16,50.0,0,10,331,6
36,21990,13,65.54,1223.0,2542,139,241,12
26,39869,18,168.55,2384.46,4411,128,111,15
35,29961,17,111.88,2292.63,5395,156,180,16
52,86412,19,672.96,11235.27,30197,169,161,15
58,59519,25,482.01,11113.0,27255,185,102,16
35,33035,17,164.0,3307.59,7027,164,198,16
55,61774,19,367.49,7058.56,16502,107,156,11
56,67406,28,400.94,11288.9,26118,154,125,13
39,68066,30,587.18,18512.49,45929,227,78,20
39,70181,14,543.68,8398.64,22295,94,235,11
18,31386,15,164.77,1560.35,3630,45,197,4
41,39356,16,240.54,4163.55,11023,89,247,8
46,70894,29,475.65,14425.47,37498,244,111,24
27,39228,23,152.79,3934.79,10729,161,92,17
35,50972,23,336.95,7956.84,20193,135,74,12
37,59548,17,357.72,5356.16,13440,52,179,4
30,21702,18,154.84,3031.93,7231,186,233,17
26,35850,10,107.08,1769.07,2897,52,301,8
55,70312,26,571.1,14530.36,36981,154,119,18
32,39663,16,226.64,4542.93,11022,160,191,13
23,28935,23,167.16,5347.09,14483,172,145,19
39,73224,23,584.52,12959.73,34236,147,103,16
58,53599,24,474.51,11419.71,29832,208,82,18
45,69073,19,444.0,9002.96,21798,118,174,7
30,27760,13,163.18,1525.02,4656,115,239,13
52,58765,28,532.58,15691.48,41913,245,110,22
56,75027,21,610.29,12566.37,31036,163,157,18
28,52442,15,343.18,5568.71,13947,83,240,4
26,27024,21,154.34,2278.99,5464,140,190,17
28,38544,6,248.66,3086.75,5433,41,306,7
30,33103,21,123.16,3083.51,7467,157,173,16
22,23285,19,143.77,3617.19,8910,165,200,15
18,45831,14,274.59,3931.16,10950,114,235,15
45,28227,23,115.08,2694.63,6115,159,110,18
35,43442,19,260.53,5533.65,11237,138,206,15
53,46935,7,220.61,1339.07,4203,34,278,4
38,59815,21,465.38,8711.81,22426,197,189,21
38,76373,30,644.49,19688.73,51701,252,1,21
47,97667,27,652.9,17695.07,46497,202,83,19
49,45898,16,213.82,3348.6,8496,151,182,16
46,65093,20,490.59,9591.8,25241,184,185,17
24,25204,17,104.92,575.93,2533,141,228,14
47,36113,22,90.89,1506.18,6249,196,164,22
41,38412,15,168.55,2451.63,6244,126,235,12
37,51064,18,319.03,5234.59,14626,70,244,5
33,30393,14,88.88,777.32,0,96,236,6
34,26001,11,125.78,1602.64,4341,71,347,9
27,28242,21,125.13,2892.97,7159,146,176,14
34,44764,10,233.7,1871.6,4653,31,272,4
43,18597,11,147.49,2354.05,4819,86,218,7
40,57897,17,506.01,9379.33,20858,135,205,11
27,48503,23,406.33,10257.01,26055,108,165,12
34,19695,19,80.41,588.45,1177,153,185,16
25,31966,17,109.22,3045.63,7007,164,200,17
30,42348,18,279.6,6079.04,18059,125,138,14
33,22258,20,78.97,2067.09,4191,199,136,18
37,32523,10,138.99,2230.0,6151,125,286,9
36,70639,20,582.67,11689.78,29477,139,128,15
52,57372,19,354.55,7397.38,18350,92,172,10
18,43196,5,223.98,2513.93,5885,20,312,1
34,38299,6,195.35,2100.42,6189,43,288,3
55,18000,16,30.0,50.0,633,122,163,15
20,40391,13,112.91,1360.25,3991,97,214,5
51,69382,17,514.32,7648.13,20950,161,243,14
25,31465,18,151.64,3150.87,8673,145,157,15
36,74785,28,567.14,15088.85,40174,205,118,19
36,77446,23,609.23,13950.79,38117,124,151,14
58,83504,25,624.71,16544.95,42594,142,86,14
30,31405,19,142.53,2496.11,5501,156,166,16
26,25648,13,90.47,1182.32,2786,133,256,11
50,29513,11,91.64,2318.22,5497,66,251,9
47,45272,18,289.46,4859.3,12980,33,239,6
31,34271,17,189.08,1695.05,3075,159,216,16
55,71269,20,547.5,10206.65,26218,122,190,15
27,22409,12,107.96,1457.78,4209,78,253,8
23,28280,14,101.44,1342.77,1837,113,235,13
29,18613,11,38.98,1005.42,2468,84,181,8
41,53139,23,297.79,6704.73,19938,112,108,9
50,22176,2,52.82,747.65,2489,5,322,0
66,41233,7,247.5,1038.79,2179,27,320,2
38,77584,21,667.25,15112.1,36954,141,131,15
28,18680,19,90.27,1397.42,4680,145,159,19
45,68428,25,497.19,13195.32,34304,196,51,17
75,40064,7,214.19,1316.79,3462,43,300,5
44,81987,15,540.91,8184.85,23461,109,284,12
49,103265,28,740.46,20236.78,53080,208,81,21
27,45669,14,303.79,4008.89,9461,91,161,6
45,51760,15,327.4,4184.77,11835,59,214,4
45,35000,17,125.01,2929.34,7847,164,247,16
54,71905,20,552.88,10481.0,28369,177,144,19
32,38230,14,112.13,458.25,1008,116,233,11
53,62995,16,475.88,7007.66,20299,87,180,11
64,19510,23,48.37,1330.58,2857,134,181,19
64,48381,21,274.51,5138.84,15545,179,158,11
27,18000,13,30.0,50.0,0,63,225,4
30,42755,15,219.97,4367.3,11911,107,234,8
52,96888,22,741.27,15998.93,42588,153,129,16
64,59800,20,527.4,9070.38,23577,144,154,14
18,36285,20,155.09,3286.27,8891,129,162,13
40,24836,10,161.22,2123.47,4798,59,275,3
37,30027,12,123.36,1492.27,2064,117,199,9
61,21026,18,71.25,1704.69,4205,163,228,17
38,29290,4,168.35,377.21,0,5,387,0
27,24956,16,169.87,3283.42,9553,145,198,14
51,52429,26,374.86,10256.88,26124,82,112,10
52,77555,18,591.46,10054.49,24751,107,228,8
34,53774,13,343.18,4238.82,10543,75,224,6
35,67048,16,371.7,5058.22,14607,35,205,9
43,47657,17,320.05,6086.84,12790,88,205,8
49,43820,17,245.93,4141.97,12291,76,162,6
27,55115,22,324.77,7022.73,19014,89,168,9
26,35971,20,235.35,5121.53,11142,192,161,15
47,53961,22,507.46,11997.2,29125,188,113,21
38,18000,24,30.0,1657.01,2752,235,126,24
47,64727,23,531.56,13039.13,34673,171,181,17
40,56449,22,418.59,8728.35,22116,167,210,17
40,31249,8,94.3,1240.51,386,41,241,4
37,57030,22,462.59,9782.74,25160,206,131,20
49,30813,22,147.58,2233.95,7218,176,145,21
32,21820,8,84.2,50.0,0,54,295,5
53,49837,5,230.02,1840.39,5923,68,338,4
36,71494,17,591.56,10584.54,23020,145,174,12
31,28079,16,101.06,1837.49,5373,106,227,13
19,37064,14,179.42,2774.58,6449,123,273,14
44,37642,7,159.53,50.0,0,5,221,0
34,68363,25,560.94,14105.36,35786,173,96,16
30,28953,24,129.55,2499.8,6227,207,152,21
54,25133,14,75.57,980.99,1156,84,253,11
50,32993,14,156.91,1221.71,319,123,218,11
18,41977,15,185.34,2080.41,3776,178,274,17
28,31873,24,182.32,4761.17,11795,242,116,21
45,48598,11,264.09,3469.2,9719,37,249,5
24,35332,14,221.77,1976.61,6229,95,181,11
47,46947,24,273.71,6480.75,17754,137,88,13
23,30283,5,157.77,939.23,3304,22,342,3
33,47924,20,306.1,5242.16,12680,137,210,10
28,31243,20,98.73,1737.86,3397,156,157,20
38,74611,24,520.87,12527.21,31261,185,114,18
47,36747,10,234.34,3251.75,10285,32,211,8
21,25306,21,138.91,3296.42,8523,221,120,20
60,78055,30,570.66,17316.47,43064,243,75,22
43,46508,16,320.87,5887.63,13981,73,179,11
59,59727,10,317.42,2760.86,5009,42,266,4
30,45724,16,220.29,4253.15,10969,140,236,19
40,83844,22,605.94,13149.09,32383,164,123,16
25,39054,22,180.9,3510.58,8724,72,97,6
27,28226,18,144.82,2183.56,6135,179,173,18
39,32588,15,126.1,2246.11,4546,61,131,6
31,33074,6,125.26,50.0,637,35,327,2
60,37738,12,204.15,2406.96,5930,78,236,6
63,31671,13,80.99,257.02,338,108,216,14
40,66078,21,415.7,8678.57,23712,120,204,8
57,38469,24,165.26,2948.11,5091,212,108,19
26,32896,12,161.38,2296.7,4816,105,246,11
60,28583,16,96.47,2923.33,7697,109,196,13
43,39068,24,168.99,4382.61,11795,106,123,8
26,20820,14,88.58,2112.04,5320,87,224,9
27,28740,17,93.95,2394.42,5808,195,137,18
42,51466,26,445.25,11573.89,28921,192,165,21
35,22510,23,30.0,875.7,1117,180,135,19
45,25702,6,153.78,1502.36,4089,21,287,1
47,38688,24,258.32,5601.73,16591,111,93,11
33,49999,15,357.99,3947.52,10867,40,188,6
37,31824,18,147.66,2195.34,3760,130,131,14
31,31563,22,186.03,4350.77,11585,185,143,17
24,30282,8,106.87,983.37,2486,5,284,2
60,29981,16,190.53,2922.75,7731,108,226,13
28,35697,23,157.58,3115.52,8951,172,149,20
31,22065,16,109.34,2732.85,7274,132,170,14
41,33567,18,124.29,2378.54,4280,153,179,17
31,34491,19,129.64,3523.42,7625,112,159,9
53,37735,8,219.57,2174.25,4033,13,265,1
34,40347,13,277.32,4076.42,10515,56,229,6
52,28896,13,157.98,2150.25,7955,115,293,15
38,51341,5,265.67,1262.15,3539,45,377,3
28,35101,23,186.56,5038.55,12015,203,144,20
31,19279,19,149.93,2808.97,4651,151,144,16
31,53474,13,287.73,2879.21,7326,46,184,4
41,25853,18,92.93,2694.99,7905,175,166,17
52,29259,7,122.16,173.22,3188,15,371,4
31,63035,22,505.41,11510.26,30372,107,162,12
29,57146,23,467.59,10657.08,26488,173,165,15
50,40487,12,217.53,3257.78,7164,14,218,2
48,25613,13,149.3,2456.08,7108,44,262,3
59,58502,25,430.37,11213.58,26991,228,133,20
28,60892,20,368.05,7962.05,20452,89,187,10
38,36959,5,148.67,223.77,1228,64,374,2
47,78108,23,547.98,12536.82,31884,169,132,18
33,39632,8,266.35,3145.84,7457,5,286,2
33,32276,16,107.54,2132.95,4058,146,242,15
21,43785,24,239.55,5929.99,14047,206,123,19
44,54594,18,330.43,6341.33,16145,117,164,10
49,35402,13,168.16,2284.26,5626,156,224,13
19,21826,14,115.63,1378.66,3663,162,199,14
33,32552,15,124.37,956.16,1032,138,249,13
57,48165,29,398.36,11694.8,31323,182,53,20
49,82004,15,596.53,9354.86,22804,96,183,8
57,74205,26,568.08,14023.11,35597,156,83,17
50,35256,14,163.36,2280.24,5722,50,211,4
24,23803,13,106.35,267.75,1616,77,346,10
43,80795,30,609.83,18000.24,45118,199,19,19
34,35843,19,224.36,4030.2,10283,152,221,16
44,25593,2,123.81,50.0,3084,24,360,0
39,74198,23,546.82,11770.32,31518,162,109,15
33,33432,16,157.03,2758.29,7136,156,219,15
26,52606,15,269.02,3617.77,9407,172,259,20
43,77058,19,607.8,11304.79,27686,93,162,9
45,45317,20,295.81,6141.88,16399,62,136,6
39,65074,21,441.54,9394.1,25084,103,241,10
36,24525,18,128.09,2019.06,7700,166,189,19
20,32859,22,184.6,4018.7,11630,197,113,20
53,75558,16,564.23,9174.62,23349,92,279,8
48,61565,26,535.46,13789.26,35496,213,82,21
34,27809,12,92.59,1838.07,5404,133,160,14
42,33369,7,186.34,1199.8,3255,44,289,4
35,34467,18,95.03,3200.27,8652,178,194,17
36,28394,21,145.93,3980.91,11140,192,147,20
41,23360,5,124.79,1308.12,3782,21,304,1
28,37043,14,150.52,2828.33,9238,109,175,8
47,60604,25,489.2,10731.68,27082,163,62,17
47,25699,19,30.0,1048.12,0,211,163,18
57,32013,15,161.44,2996.32,7241,158,199,14
20,27258,14,148.35,1364.66,2498,126,149,12
27,56466,29,330.33,9144.46,24407,129,23,12
28,33346,16,169.97,1766.96,4377,77,238,6
51,64564,13,477.29,6131.06,16656,62,200,9
49,44248,7,186.55,911.7,2502,69,298,5
47,81396,24,598.08,15087.12,37567,122,65,13
33,36214,22,217.68,5141.39,12612,208,161,21
48,45913,12,162.21,1958.96,3176,74,241,6
46,50477,23,318.47,8286.25,21321,118,192,11
18,34214,16,90.66,677.2,987,144,252,15
27,30733,22,181.4,5132.92,13029,194,189,17
24,42771,17,231.72,4086.68,10111,143,170,14
43,43425,15,282.83,4178.48,11238,111,142,6
28,39143,9,222.48,979.62,2251,23,235,3
30,28490,16,121.46,1715.28,2944,128,214,15
31,32227,13,151.86,2264.1,7704,117,239,10
55,58149,27,471.13,12682.78,32461,215,100,22
55,54647,13,348.75,5009.91,12831,61,259,5
35,56692,9,336.57,3066.13,11076,42,346,5
51,29396,13,157.06,2462.8,8374,109,237,8
51,34732,19,146.23,2900.92,6221,157,183,17
47,63536,22,460.25,9940.7,23631,195,118,17
39,30754,14,128.64,1701.18,4120,122,229,12
28,34843,20,132.48,3525.39,8566,153,92,18
67,57177,17,301.6,5319.93,13909,80,208,10
44,47103,23,280.07,6407.85,18133,105,110,8
40,72582,19,377.53,7418.95,19044,75,178,9
50,47317,21,309.49,6206.65,17479,96,149,6
34,25365,17,147.27,903.37,2362,100,213,14
44,80118,24,591.11,13346.1,33895,195,105,18
18,29620,21,127.85,3204.88,7422,181,86,18
18,23292,14,69.66,678.79,673,116,244,14
26,43209,23,145.31,2928.53,9481,175,151,20
46,62236,22,456.61,9460.13,23774,125,151,12
22,31666,16,176.89,3228.22,8199,163,190,15
23,48702,9,250.01,2334.03,6782,34,274,2
27,37672,16,188.11,3291.62,7362,110,229,14
50,39207,19,253.36,4787.82,14963,92,185,10
33,41461,14,204.69,2538.32,5824,131,182,14
43,54044,24,371.38,9968.74,24608,90,170,8
60,30359,21,150.74,2700.87,7603,216,203,24
39,43914,13,219.38,3417.91,9219,120,284,13
53,71166,17,575.49,9818.88,26049,81,114,11
33,38850,14,247.87,3690.48,6087,86,187,9
31,40350,14,199.96,2252.01,6416,86,233,11
32,32665,19,106.78,2606.65,6702,211,117,17
43,46210,16,282.44,4386.1,12516,81,214,6
27,37897,14,193.17,2295.51,6014,128,212,11
22,26315,25,68.53,1959.95,4944,197,143,20
53,77480,22,550.19,12097.38,31933,182,221,14
38,71876,27,535.49,15092.52,38098,199,80,20
29,56793,19,510.46,8984.85,23550,162,157,16
42,39417,22,446.65,9647.8,25056,176,163,13
46,39080,14,380.79,5832.66,14359,106,281,11
35,36667,11,196.7,2782.03,7223,85,309,7
31,27875,17,119.76,1663.04,3546,170,179,16
37,54306,22,287.95,5328.48,13928,145,139,10
51,54979,16,334.23,5230.44,14443,103,215,7
51,72714,18,574.92,11073.92,28320,80,203,10
34,24015,10,150.65,1988.2,5092,79,251,7
52,74301,24,508.06,12448.95,30067,171,188,18
29,25018,23,182.1,5826.23,14434,175,172,19
48,51431,25,358.8,9121.47,24048,147,120,12
33,38751,8,165.56,1558.38,6756,31,328,4
53,28420,18,123.23,2236.59,4110,175,129,17
36,43107,16,205.57,3315.76,10777,82,261,5
45,57984,23,403.94,8719.36,22438,157,131,14
40,54814,25,265.25,7217.15,20848,114,143,13
43,54894,12,330.0,3257.52,9310,11,318,1
42,43350,19,283.08,5966.36,15151,84,187,8
47,37371,22,188.87,4031.87,9549,174,118,15
42,38841,20,196.15,3648.02,9338,164,199,16
60,25881,14,103.89,1712.18,5078,54,250,6
34,53746,26,477.69,13455.34,35235,209,129,20
43,19953,8,30.0,98.91,0,62,224,5
52,64822,21,512.57,11550.89,29156,158,120,15
31,42503,26,204.55,5353.64,12238,197,104,20
48,57119,19,368.97,6623.35,16571,64,178,11
22,21102,5,62.38,50.0,0,23,291,3
18,18000,18,98.71,1574.23,2554,142,213,19
27,35197,20,155.74,3277.84,5832,149,201,17
33,43943,9,169.02,253.01,0,29,276,3
25,26967,9,90.72,50.0,0,41,247,2
43,23953,25,138.65,4427.92,11361,220,23,25
34,66596,19,488.71,8933.32,23084,124,134,12
38,29339,15,208.18,3387.64,10161,60,232,6
43,31693,6,177.69,1972.78,4621,80,231,7
31,23243,19,70.31,986.92,909,169,208,16
23,36566,15,145.75,2111.46,6058,126,248,14
37,28047,15,107.47,2136.84,6389,138,184,11
43,27543,14,63.87,593.82,2815,115,190,7
44,32862,23,172.66,3238.4,10125,201,132,21
23,36271,22,166.08,3502.6,8435,164,132,16
23,18154,20,76.28,1489.96,2914,159,179,16
51,35355,19,143.78,2437.25,7877,154,168,20
36,43701,11,227.06,2080.88,7248,76,247,4
26,34820,7,175.87,1328.02,3666,7,261,1
46,28528,19,202.79,3141.27,7185,241,228,21
42,68477,19,541.63,10990.54,26216,104,115,13
50,47679,20,322.62,5767.91,13665,116,194,11
33,40389,20,168.1,4206.16,10310,198,191,22
49,35782,18,119.21,2342.39,5714,135,145,16
28,33359,17,155.66,2479.1,7681,185,217,17
47,79786,28,592.55,16515.52,41211,209,86,22
56,35647,17,175.24,2781.19,6125,157,131,16
24,49041,20,241.91,5258.54,13384,166,204,16
20,44346,18,208.54,3766.02,9177,182,193,18
47,36038,21,241.92,4554.68,10522,114,122,10
44,55262,18,435.45,7930.73,19392,132,193,12
39,78726,22,608.13,12963.39,32170,200,129,18
38,34156,9,148.74,558.66,949,11,243,0
49,57037,20,353.36,5707.35,13224,65,167,11
47,71095,20,522.34,9856.09,27534,130,95,11
