tSNE_1,tSNE_2,KMeans_Profile,Customer_Profile
-18.618837,-22.19165,0,3
20.502535,44.8567,1,5
1.2682328,30.81298,1,5
80.862465,-16.187387,2,2
13.235869,57.07395,1,5
-27.343605,34.28685,1,5
3.1116583,-12.955922,3,3
-57.889748,-34.481293,0,4
-3.5063462,-23.423515,0,3
27.281439,-22.105919,3,2
69.47771,-15.510367,2,2
-10.422283,44.280155,1,5
-53.630253,-21.135134,0,4
-13.0078745,67.588104,1,1
16.668453,54.10228,1,5
-18.556646,4.886489,0,5
-55.527233,-30.18534,0,4
-36.285637,35.43625,1,1
-46.57768,-34.479477,0,4
-28.831577,62.435253,1,1
-23.382952,11.1397295,1,5
1.7295455,40.935467,1,5
-28.485685,28.213911,1,5
-20.481077,35.939728,1,1
44.562458,-22.03406,3,2
71.51499,-15.758529,2,2
-8.913181,-18.161325,3,3
-53.770966,-16.78562,0,4
12.542727,-19.713295,3,3
-1.3918959,-9.323396,3,4
-42.826202,25.00549,1,5
-26.54403,-37.83601,0,4
-30.425747,-42.0535,0,4
23.653402,-10.452134,3,3
0.82500327,-39.97022,3,2
-58.575127,-22.027363,0,4
-39.83527,-14.484373,0,1
14.595221,62.905518,1,5
-8.601805,-34.858116,0,3
-47.69038,-40.213783,0,4
2.3645046,37.263775,1,5
-8.800173,-20.055801,3,3
-16.279573,-32.17588,0,4
-37.791626,15.861178,1,5
-38.902664,-3.214554,0,4
46.736156,-26.60209,2,2
-36.1363,12.829491,0,1
12.949946,35.219296,1,5
68.98088,-24.761162,2,2
10.496644,62.290302,1,5
-29.283049,43.41226,1,5
-8.919237,35.432377,1,5
7.865683,-24.624031,3,3
29.789854,2.9315398,3,3
80.4342,-3.2124436,2,2
-23.630102,-47.12467,0,4
37.800385,3.3400304,3,3
50.728424,-10.69304,2,2
-21.887905,43.720104,1,5
32.08419,-11.901322,3,2
-5.514508,10.805571,1,5
-23.457087,59.717224,1,1
15.330852,52.932186,1,5
-51.025566,-16.01441,0,4
18.169695,8.902768,1,3
86.451225,-6.6813083,2,2
-2.507843,45.850155,1,5
63.4424,-21.118069,2,2
-48.9178,3.2492664,0,1
-6.0022807,42.34782,1,5
4.3448925,48.42797,1,5
17.133774,-34.461754,3,3
-40.595238,-13.768822,0,4
12.695586,-26.412275,3,3
78.93207,-16.069445,2,2
27.229757,-38.60989,3,3
-26.890972,57.819046,1,1
-52.16846,-42.335857,0,4
11.985568,36.976997,1,5
-54.509735,-36.546364,0,4
18.567398,22.357912,3,5
17.311329,3.937566,3,3
36.742283,-16.563057,3,3
-2.929579,-16.396088,3,3
49.33723,-19.768055,3,2
11.48849,62.578106,1,5
17.981998,56.687576,1,5
56.522778,-19.841427,2,2
12.700162,24.442715,1,5
4.7269373,45.642357,1,5
-23.306541,14.954466,1,5
-3.2341907,-41.374664,0,3
-18.625904,-51.263283,0,4
-27.389803,-25.258986,0,3
40.469105,-28.208998,3,2
69.63615,-27.27913,2,2
-2.6844766,57.166447,1,5
-7.030772,15.596707,1,5
64.197716,-26.414188,2,2
-28.699,-43.01036,0,4
-11.348039,-13.269876,0,3
-28.312826,6.6970844,0,3
5.369412,44.020756,1,5
-32.768307,-38.77053,0,4
-17.090073,56.12453,1,1
-17.093124,-24.333641,0,4
-15.581872,50.81501,1,1
-22.300842,45.48171,1,1
-6.518671,-18.329836,0,4
16.493593,-13.860966,3,3
21.81247,-33.193783,3,3
-32.6476,-30.144424,0,4
17.433186,-33.260777,3,3
6.7318463,-22.005333,3,3
48.600075,-8.386836,2,2
-27.351778,-32.912224,0,4
-13.641477,52.440548,1,5
-28.79014,-32.69616,0,4
-34.433086,20.597292,1,5
60.279667,-25.135427,2,2
82.56415,-6.6611896,2,2
-17.996101,62.249195,1,1
16.706236,31.04944,1,5
-23.718359,49.419994,1,1
-42.500195,26.967295,1,1
91.306755,-10.056272,2,2
-44.564762,-26.178633,0,4
-46.50542,-32.12249,0,4
-47.848537,31.418377,1,1
5.776011,-35.616516,3,3
-30.48852,20.068464,1,5
-32.541286,51.306316,1,1
13.473407,-20.065306,3,3
-13.12885,-38.94415,0,4
-48.31808,-23.188358,0,4
37.338097,-18.183672,3,3
-40.51356,-27.230103,0,4
39.023457,-4.8593574,3,3
12.271376,53.422096,1,5
80.937614,-6.2010727,2,2
-10.789216,-17.925049,0,4
1.2972984,19.712215,1,5
55.584896,0.9724444,2,2
-48.335785,-24.267836,0,4
-30.259201,-25.84069,0,4
-17.29742,14.408628,1,5
-57.37154,-20.163746,0,4
-38.231903,16.304337,1,1
-18.401148,49.25157,1,1
2.120289,26.226881,1,5
-14.004921,-23.464264,0,4
-41.11491,3.9969745,0,1
61.460274,-27.210793,2,2
-3.3013551,-23.328096,3,3
-15.137967,1.1760778,0,5
42.10452,2.00904,2,3
-55.675053,-20.654139,0,4
-35.216423,-41.534756,0,5
52.833035,-12.493937,2,2
-1.0697143,-39.586548,3,3
-10.872518,14.1147785,1,3
-16.078377,4.071441,0,5
-21.395632,47.98323,1,1
-0.07040289,-20.373602,3,3
30.031685,-31.637514,3,2
32.267033,1.3918562,3,3
-42.44815,-32.170853,0,4
-25.118889,-37.372604,0,4
-51.25232,27.428774,1,5
-9.658006,34.625237,1,5
-36.786594,-49.836094,0,4
-55.04639,-10.837207,0,4
-2.1195047,-31.550795,3,3
-42.043854,25.098206,1,1
-58.203987,-20.85724,0,4
60.420425,-27.442654,2,2
-19.001366,61.73801,1,1
-17.889225,35.300613,1,1
-3.2572455,-38.785698,0,3
-22.672586,-34.79074,0,4
-0.2249237,-30.70007,3,3
-23.234793,-34.609642,0,5
-40.565483,-34.74,0,4
14.235856,-35.38793,3,3
-47.16199,39.027164,1,1
19.252254,42.641228,1,5
-29.690073,-47.21258,0,4
18.329502,-7.5682926,3,3
-28.35173,14.1899805,1,1
-50.33774,-23.635715,0,4
13.841296,33.917694,1,5
8.57879,-16.669277,3,3
29.16176,-32.514008,3,2
-22.75421,-52.776947,0,4
4.0073276,-36.19888,3,3
-6.129734,-31.08121,3,3
81.942986,-12.460124,2,2
-31.946066,-14.944383,0,5
-32.41931,30.044174,1,1
58.93253,-12.270492,2,2
-18.097492,-44.479904,0,4
-41.109604,-25.77621,0,4
64.8911,-11.83885,2,2
-38.66384,-3.2939572,0,4
-20.463493,1.0480442,0,5
-21.902134,-46.309856,0,4
-34.796318,14.940246,0,1
-13.706672,2.6973708,0,5
53.458748,-9.297862,2,2
-4.663792,-14.336755,0,4
-43.412415,-17.34878,0,4
-29.9444,50.38513,1,1
5.182104,50.551487,1,1
55.201977,1.9457413,2,2
64.956245,2.7437134,2,2
36.251938,2.626897,3,3
-22.913486,-33.26102,0,4
37.696407,-37.058685,3,2
-29.04699,29.630262,1,1
10.073237,-14.889833,3,3
36.261635,-9.127234,3,2
-17.8894,34.679543,1,1
-54.922817,-0.6146718,0,4
-17.22032,-24.761145,0,4
-44.8491,-6.290259,0,4
-18.052504,-40.868603,0,4
-35.3751,2.8428154,0,4
-22.949003,39.433025,1,5
52.635765,-9.033711,2,2
8.600127,33.20639,1,5
89.81453,-14.037656,2,2
18.2064,31.953726,1,5
15.181032,-11.99326,3,3
6.7722106,-25.105276,3,3
-35.011036,47.860092,1,1
-9.685934,-25.29858,0,4
-49.818497,21.952368,1,1
12.126101,59.85264,1,5
14.444854,54.69841,1,5
51.39735,-24.577015,2,2
73.98173,-5.643746,2,2
-25.010336,-54.015656,0,3
-28.075142,27.760542,1,1
-25.518812,5.5992236,0,1
-19.165722,47.664078,1,1
10.078721,27.445312,1,5
-52.026814,-39.98074,0,4
-6.6192737,-35.188972,0,2
-29.888258,16.978722,1,4
27.637356,-20.050175,3,2
-36.274994,-33.607986,0,4
1.8792456,-40.44641,3,3
17.482138,43.545723,1,5
20.396591,49.046097,1,5
-36.012985,-3.9849482,0,1
72.250755,-13.155522,2,3
-47.032677,-39.51999,0,4
-12.720598,-34.380676,0,3
-20.515259,-51.960587,0,3
8.816766,56.093914,1,5
36.267937,-15.483746,3,3
58.794064,-19.32726,2,2
-18.06742,55.529877,1,1
34.421204,-11.307444,3,2
26.43546,-21.448475,3,2
14.7465315,64.54938,2,5
-21.706257,-35.16886,0,5
1.3142089,16.558064,1,5
1.2770362,61.481365,1,1
-2.0456436,-27.703619,3,3
18.37785,-20.60532,3,3
21.27323,44.493618,1,5
-53.47111,-26.343115,0,4
-49.816574,17.308174,0,1
6.2997518,-10.716212,3,3
62.0581,0.6164635,2,2
-41.379868,-3.4699295,0,1
-19.001177,67.86922,1,1
10.169901,-17.538588,3,3
47.886726,-8.697699,2,2
60.20517,-19.153418,2,2
12.734042,22.769281,1,5
-43.619915,-6.7792587,0,4
38.890713,-12.0357485,3,2
-7.0791163,43.724834,1,5
-34.924877,-15.508373,0,4
7.222838,37.83158,1,5
19.232815,-31.60295,3,2
-33.00703,40.825924,1,1
-35.40884,-51.121174,0,5
54.976845,-18.60619,2,2
4.392763,22.576937,1,5
70.70857,-26.670406,2,2
-10.108862,57.138233,1,1
27.486366,-31.151808,3,3
43.90988,-32.49507,3,2
10.928062,45.662895,1,5
14.652199,30.08102,1,5
-28.763834,-26.347845,0,4
62.87305,-22.300707,2,2
-33.267788,31.332603,1,5
-43.73679,-27.306683,0,4
39.68816,3.671971,2,3
71.4677,-20.214563,2,2
0.4157037,26.65488,1,5
54.23586,7.397904,2,2
-12.40318,-31.92586,0,4
-6.6785183,64.69913,1,1
14.983955,57.00248,1,5
19.353958,28.904419,1,5
42.372982,-13.884963,3,2
16.125475,6.9817233,3,3
-4.0432715,12.033621,1,5
58.949284,-0.2605047,2,2
26.423048,-22.013653,3,2
5.009839,0.4844767,1,3
-25.508492,11.045732,0,1
-46.908607,-30.4825,0,4
-38.73576,-32.623196,0,4
-51.40243,18.546164,1,1
-27.30045,-32.85299,0,1
-33.891415,1.1345893,0,4
35.31159,0.56748384,3,3
45.23868,-27.83456,3,2
-44.798897,-2.6948178,0,1
6.8838344,51.008827,1,1
-1.4067749,14.676601,1,5
20.695732,-18.4993,3,3
-17.894156,65.39968,1,5
-4.6600146,34.711536,1,5
-52.257175,6.0369716,0,1
-10.245821,22.421017,1,1
51.10296,-7.0136633,2,2
44.09829,-7.272143,2,2
-45.19981,11.709017,0,1
-18.275553,17.665516,1,5
9.820658,57.071434,1,5
-33.76249,-33.180424,0,4
-8.783213,68.43818,1,1
-46.50241,-0.21981466,0,4
-23.300306,29.850527,1,1
-19.715689,-14.290011,0,3
-3.60649,-18.423073,3,3
49.555416,-19.90349,3,2
-28.533056,47.9628,1,1
-21.903471,61.31314,1,5
-0.5971087,28.258577,1,5
-11.608983,19.71441,1,5
22.301346,4.2541876,3,3
4.203977,56.837315,1,5
56.3607,8.227606,2,2
1.6769494,28.68777,1,5
-29.584482,-5.3794885,0,5
-6.457889,6.625204,1,3
-20.181297,5.4289923,0,4
90.91764,-7.6785474,2,2
-19.204262,34.11616,1,1
2.4255729,-20.707924,3,3
18.507494,-9.688788,3,3
-39.40878,-19.775715,0,4
-42.104378,2.542224,0,1
51.615116,-18.599276,2,2
-13.214118,-22.128922,0,3
-46.074657,-3.0498235,0,4
11.995822,-3.5458586,3,3
-42.60197,5.381181,0,1
2.4453354,46.265003,1,5
87.83561,-6.336607,2,2
-16.007658,-29.141476,0,3
23.298117,-15.640005,3,3
-42.90337,-35.876965,0,4
63.730602,-17.2061,2,2
14.128595,40.174854,1,5
88.8742,-14.009419,2,2
-27.128643,15.2972355,1,4
-22.412575,-22.864342,0,3
-10.980126,-29.344255,0,3
-20.156977,-50.204266,0,4
5.03418,65.96548,1,1
6.049819,1.747071,1,1
-2.0280728,56.752155,1,1
2.3978696,45.982666,1,5
8.297842,48.488422,1,1
57.738533,-9.634409,2,2
63.569355,-7.2172194,2,2
76.459785,-22.873388,2,2
2.8953235,-3.799991,3,3
4.854237,42.237648,1,5
-20.7587,44.206608,1,5
-28.599003,28.240452,1,5
67.6644,-3.4484842,2,2
-5.8980913,11.27024,1,5
32.920998,1.9648426,3,3
20.118183,-33.578648,3,2
40.313805,9.694877,1,3
4.8678126,43.5371,1,5
-51.47449,-29.846704,0,4
40.87627,-32.950474,3,2
-59.133938,-17.938276,0,4
13.409562,38.55006,1,5
18.586145,-35.05259,3,3
61.6872,-16.864792,2,2
-54.185577,-32.42546,0,4
64.347534,-17.43611,2,2
24.518763,-5.9741836,3,3
-16.062347,-46.199932,0,4
50.74099,-16.388107,2,2
28.099638,9.860251,1,3
57.362247,1.7189963,2,2
37.06812,-13.542493,3,3
33.759148,-0.5096664,3,3
-48.424675,36.89833,1,1
-2.3407989,-42.618984,0,3
-49.53901,-11.412704,0,1
-19.599855,43.277317,1,1
-9.373652,66.454094,1,1
44.7945,-32.23688,3,2
-16.662334,-0.6643258,0,3
-0.010738095,-16.966,3,3
-20.841475,-38.9672,0,3
-35.25181,22.231178,1,1
-8.179783,-17.000025,1,5
81.18801,-0.643113,2,2
82.48911,-13.974486,2,2
-2.2438731,47.851192,1,1
14.747939,-20.188301,3,3
80.04563,-15.417291,2,2
42.74211,-33.070225,3,2
24.127684,2.5855675,3,3
-5.644239,-34.561665,0,3
52.035324,-5.9665174,2,2
21.47217,-24.700073,3,3
9.107141,65.558525,1,1
-3.0830996,-28.709007,3,4
-17.081226,-46.650887,0,4
2.5557773,16.887556,1,5
72.80775,-3.6503782,2,2
-25.012926,-49.417988,0,4
-35.729973,-45.93432,0,4
35.22474,-9.868659,3,2
18.49979,-33.89569,3,3
-23.110664,-50.443672,0,3
16.44902,-16.23295,3,3
-43.325855,-46.04632,0,4
0.31910652,50.248604,1,5
53.98987,-10.526704,2,2
85.98305,-8.869354,2,2
-48.39637,-5.571339,0,4
65.216545,-21.51522,2,2
-1.4405106,47.149277,1,5
0.044212457,14.864212,1,5
72.34652,-15.22877,2,2
70.18137,-7.878343,2,2
-21.14436,-47.51737,0,4
-50.86332,33.190582,1,1
15.9061575,20.39862,0,5
87.62312,-12.831983,2,2
80.68049,-2.9319232,2,2
40.846416,-27.557535,3,2
41.67996,-6.7413945,3,2
57.674873,-9.250391,2,2
52.11817,7.0698013,2,2
61.93298,-6.421066,2,2
52.214207,-20.27709,2,2
-53.574917,-35.065796,0,4
-10.6539345,14.355706,1,1
11.574077,-14.41308,3,3
-28.631678,-18.50705,0,4
74.824425,-17.775755,2,2
-15.280753,21.041407,1,5
25.546553,-16.12055,3,3
-1.1529325,52.992825,1,1
84.521194,-8.750095,2,2
25.919632,7.399912,3,3
-21.746696,-34.19265,0,5
9.353011,66.11195,1,5
-6.78775,-24.677708,3,3
1.8050139,39.294395,1,5
-27.623928,-25.526968,0,4
31.751549,-21.73896,3,2
-39.246616,-21.969854,0,4
-1.1547774,59.317043,1,1
-20.981293,51.67249,1,1
-34.0717,-50.872597,0,4
-45.685307,23.73155,1,1
-28.982021,-5.4365683,0,4
-12.247405,26.136091,1,5
44.70857,-20.967184,2,2
13.230364,20.077932,1,5
54.994434,-0.43593964,2,2
-39.92828,-18.17275,0,4
49.508095,-17.096922,2,2
-45.03954,-24.087814,0,4
84.67233,-15.663102,2,2
-42.780815,-40.009205,0,4
4.131634,-36.12827,3,3
24.72513,10.038276,1,3
-51.314262,33.10414,1,5
-30.161165,46.457615,1,1
-20.580954,37.643105,1,1
-22.376003,60.656467,1,1
-19.349316,-37.29232,0,4
-2.1580813,-34.347385,0,3
-36.00076,-20.47189,0,4
0.6256267,39.474373,1,5
-35.46928,0.92469454,0,1
-26.566072,-3.7746832,0,5
20.076809,51.90503,1,5
13.429561,48.717903,1,5
70.917244,-22.39279,2,2
-7.2192225,30.348429,1,5
-30.448698,21.063025,1,1
-4.538455,-21.10912,0,4
52.223877,-8.9916525,2,2
-37.378345,-43.846397,0,4
43.71683,-14.227801,3,2
84.69682,-12.744369,2,2
1.7941581,35.649963,1,5
-8.317534,33.75992,1,5
-1.9556057,-40.564137,3,3
-16.833899,58.060715,1,1
41.665977,-30.24352,3,2
-8.47555,63.226913,1,1
21.514353,4.795061,3,3
5.931579,56.990585,1,5
-2.430802,-8.955485,3,3
-19.772396,14.765399,1,1
-34.963715,-54.572403,0,4
34.925404,5.323223,3,3
32.218616,-37.195312,3,2
-27.00052,-17.10888,0,4
-0.5901111,54.863,1,1
16.025682,55.749584,1,5
-45.044117,-12.621281,0,4
-8.870858,-18.20582,0,3
14.789229,35.50804,1,5
7.609415,40.617844,1,5
-40.43763,-33.506668,0,4
-41.39714,-6.6467605,0,4
-15.928571,22.61022,1,1
-55.539635,-6.8763094,0,4
0.44522092,-31.458273,3,3
27.521532,-20.598663,3,2
74.76144,-17.05606,2,2
56.263622,-25.445919,2,2
11.153355,18.837988,0,5
-21.067177,14.915978,1,5
54.67866,-15.115449,2,2
10.00434,-24.964968,3,3
89.38546,-5.9847856,2,2
-3.2497447,-31.487246,0,3
-44.988956,-11.186056,0,4
-24.911455,50.880928,1,1
-26.826336,-44.658394,0,4
-43.85585,10.400397,0,1
-25.991005,15.172761,1,5
-18.943752,13.853641,1,1
14.153374,58.504967,1,5
-4.0915008,38.954876,1,1
11.106415,65.015976,1,5
-40.43817,-15.041559,0,1
33.48072,-9.669048,3,2
-11.23327,17.64292,1,5
47.4483,3.0188594,2,3
-33.095436,-50.226967,0,4
50.865547,-13.453695,2,2
11.719552,63.320904,1,5
-49.198456,5.3839273,0,1
-52.642822,-37.546818,0,4
-15.934965,-21.219076,3,3
-57.81504,-24.673243,0,4
-4.6883225,56.837593,1,1
21.819067,3.4965112,3,3
8.036349,19.458406,1,4
-22.849133,27.901823,1,1
19.730616,-24.07968,3,3
-23.433903,31.492975,1,1
-22.361778,41.60428,1,5
-37.324326,46.763744,1,1
22.224178,-16.547993,3,3
91.22936,-9.74699,2,2
-32.401264,-27.568542,0,3
25.448042,-10.912597,3,3
6.0992317,-15.868262,3,3
40.160282,4.460345,2,3
-14.390309,-33.280922,0,4
0.6841682,-16.885134,3,3
36.671234,-38.128094,3,2
14.111634,-35.452553,3,4
-21.048637,-22.211111,0,3
16.295883,-25.693151,3,3
88.56809,-11.167107,2,2
81.362595,-0.7956631,2,2
-16.405901,66.07943,1,1
51.150093,-15.68144,2,2
12.110586,19.386038,0,5
46.54017,6.4153776,2,3
-37.87997,12.940705,1,1
-26.46023,-47.627773,0,4
62.520393,-16.905577,2,2
12.4333105,-10.4233885,3,3
7.6277947,35.061684,1,5
-26.497416,1.3271402,0,1
0.6002912,-42.105103,3,2
15.201355,42.249157,1,5
-27.708,-31.997553,0,4
-18.615953,4.055425,0,5
-25.886137,-27.817251,0,4
45.09433,-26.342188,3,2
-10.322655,-26.99358,0,4
4.048916,-10.112284,3,3
-14.382335,54.20583,1,1
-49.219418,-30.248583,0,4
-5.1865153,59.11729,1,1
-38.14363,29.491646,1,5
-12.824447,46.38634,1,1
-15.256995,35.01041,1,1
-45.597305,-1.5570287,0,1
-26.616068,42.24297,1,1
1.6548969,30.1807,1,5
17.260262,-15.472519,3,3
-50.051136,-30.664595,0,4
-55.84287,-36.229286,0,4
4.2081046,23.492601,1,5
48.063602,-29.65429,3,2
-18.805489,53.247612,1,1
58.37615,1.913442,2,2
-44.743797,-45.45443,0,4
-16.261312,-32.561855,0,4
59.860783,-1.5280303,2,2
-9.747109,14.51904,1,1
8.946215,-12.223608,3,3
-49.77037,-1.1901792,0,1
25.235754,-6.1519804,3,3
-20.253208,34.98923,1,1
-27.831425,-49.544704,0,4
-12.615371,-33.676678,0,3
-14.710354,34.281914,1,1
-2.8202713,46.002777,1,5
-5.974044,-9.870524,1,3
30.03947,-39.036156,3,2
23.796299,-24.820621,3,3
-3.096741,-28.952433,3,4
53.186344,-31.017092,2,2
51.970295,-2.872409,2,2
88.50871,-11.839846,2,2
-12.913846,19.48507,1,5
-57.120525,-22.658825,0,4
50.00671,-0.70168674,2,2
82.50316,-13.693827,2,2
7.9260902,28.85244,1,5
14.395746,-32.5797,3,3
-30.06506,-5.0497856,0,4
19.79321,2.691335,3,3
6.371511,36.711296,1,5
72.219986,-8.599667,2,2
-7.1642256,34.41618,1,5
13.0515175,-7.128276,3,3
-52.666595,-42.5184,0,4
3.111301,-11.750023,3,3
0.9662073,60.534157,1,1
-38.0532,-54.736465,0,4
4.521256,-21.52784,3,3
41.689358,8.542918,2,3
14.1368475,50.619797,1,5
3.3980267,25.325525,1,5
15.371733,-1.9744234,3,3
53.28548,-11.07896,2,2
-38.573566,-44.772602,0,5
19.817583,5.382524,3,3
-42.326176,26.289572,1,1
46.089947,-12.639571,2,3
20.59023,-9.448913,3,3
-35.965134,-44.083546,0,4
-13.16628,-45.774155,0,4
30.238354,-20.898417,3,2
-11.163316,-11.585188,0,3
75.19093,-25.461628,2,2
8.789941,32.542793,1,5
25.100452,5.0033565,3,3
11.072361,48.142063,3,5
77.62951,-6.290899,2,2
-35.709404,23.843592,1,1
-26.058022,-2.4843922,0,1
-30.144173,47.571285,1,1
8.392079,-16.770119,3,3
-44.64339,24.074802,1,5
-2.3758292,-8.618617,3,3
-42.061863,-12.28894,0,4
-55.98183,-19.848019,0,4
0.21229745,27.062653,1,5
-1.5448991,19.108044,1,5
-50.943207,-40.672276,0,4
-21.028353,-37.83183,0,5
-1.8722593,57.01046,1,5
-31.263119,12.747558,1,3
16.305735,-35.939854,3,3
59.07692,5.0294247,2,2
-46.30097,24.476948,1,1
-52.997173,-8.604859,0,1
84.88458,-13.623914,2,2
-44.09968,4.0879374,0,4
0.8829355,64.28931,1,2
-23.067728,-31.84088,0,4
17.102356,1.0490545,3,3
43.042923,-8.532365,2,2
49.245346,-7.899994,2,2
-55.613853,-30.202217,0,4
-9.636111,48.745415,1,1
-10.052299,-33.162685,0,3
21.394762,-17.447374,3,3
-2.100232,38.17408,1,5
-12.3258915,60.309193,1,1
-42.012547,25.796158,1,1
-57.66875,-9.586355,0,4
-8.075165,0.09133694,0,5
-22.168503,-46.11574,0,4
18.944965,-13.664326,3,3
-55.45399,-10.067594,0,1
14.550963,-21.09577,3,3
-39.52926,2.137221,0,1
-37.041565,4.524949,0,1
-16.877956,63.030632,1,5
-33.35606,-14.275486,0,4
-9.188443,38.030632,1,1
-20.18016,55.450768,1,1
-21.130611,26.430712,1,1
-4.9487605,-20.306519,0,5
55.666595,-29.443651,2,2
7.5407233,-16.772686,3,3
-14.589462,48.32631,1,1
36.31558,-9.677278,3,2
-33.71272,-28.601954,0,4
-35.83534,-46.235226,0,4
-35.14095,13.472713,1,1
-54.33495,-19.014643,0,4
-19.314384,38.612343,1,1
30.460793,-20.899916,3,2
48.245018,-28.187187,3,2
-2.979329,63.29615,1,1
70.28568,-26.913708,2,2
-30.383911,-25.539513,0,4
-15.844204,-14.020046,0,4
71.30387,-17.29981,2,2
59.194565,-24.73642,2,2
9.40488,65.85613,1,5
-48.221653,11.289148,0,1
-44.29925,-25.809374,0,4
-35.17597,-24.316563,0,4
-31.177177,39.050392,1,1
-29.596384,60.79416,1,1
18.914305,-31.884056,3,3
38.18811,-19.354668,2,3
39.915176,-15.62994,3,2
68.1192,-28.671923,2,2
35.236485,-6.838231,3,2
9.92752,35.993587,1,5
-36.880318,48.594215,1,1
59.688423,-19.295149,2,2
-12.106332,-32.93996,0,4
-44.749226,-2.0964098,0,1
-9.140434,62.96467,1,1
6.9481955,51.054237,1,5
-47.429943,-22.376736,0,3
20.054981,-35.038715,3,3
5.542838,34.32455,1,5
45.239227,-26.539682,3,2
-32.512074,-12.759087,0,4
-15.434831,0.55525225,0,4
-24.800707,13.123816,1,5
-44.16589,-7.5024495,0,4
-39.5775,-22.638783,0,4
11.619171,64.1427,1,5
-49.50158,-41.042915,0,4
-23.496414,10.863525,0,5
-20.403383,37.68664,1,1
-1.1477634,-32.11141,3,3
87.15922,-8.445884,2,2
26.909697,-16.264088,3,3
-56.95667,-10.040998,0,4
-36.816696,15.178357,1,1
-52.922318,-16.556692,0,4
83.18155,-11.29661,2,2
16.537468,-0.13143967,3,3
14.401206,52.476646,1,5
91.34082,-9.692083,2,2
24.289852,-36.900852,3,3
20.190546,4.395053,3,3
-28.004303,-42.925552,0,4
-17.349194,8.619642,0,5
74.750114,-10.99202,2,2
0.15793589,20.168722,1,5
-42.221645,38.796715,1,1
-34.45102,29.530972,1,1
41.33218,8.790996,2,3
-27.608343,-47.90759,0,4
-46.584507,29.94735,1,1
-44.28861,-22.520947,0,4
-33.37697,48.926476,1,1
-22.094227,-25.567093,0,3
4.359807,-35.570972,3,3
-25.315493,-38.67962,0,4
2.5830028,-22.783348,3,3
-42.24062,-24.482021,0,4
-8.287403,-32.63418,0,4
85.54145,-17.352995,2,2
2.3579748,58.604343,1,5
18.466728,35.88392,1,5
-19.227676,17.851969,1,5
-22.980482,-51.030537,0,4
6.4895196,20.149555,1,5
-52.070312,-38.12842,0,4
12.636747,-27.526325,3,3
15.17668,-14.453879,3,4
43.6127,-34.12786,3,2
-42.086548,-31.932728,0,4
35.183216,3.78861,3,3
-47.53923,1.2301569,0,4
-35.447792,24.236456,1,1
-39.57881,42.33448,1,1
-17.340275,-24.360153,0,4
47.552605,-17.66873,2,2
63.87044,-28.75194,2,2
-1.8938566,35.43761,1,5
66.04312,-24.978954,2,2
-21.27292,17.213821,1,1
-22.231894,-26.358995,0,4
-51.667854,28.791561,1,1
32.920826,-7.9539375,3,3
-29.976704,-1.6759423,0,1
-49.74992,-20.226086,0,3
-30.356844,-50.817345,0,4
-35.904182,2.1251557,0,1
-20.33566,-21.57038,0,3
-25.101608,44.415073,1,1
11.6054535,62.031822,1,5
85.97283,-13.796206,2,2
51.75898,-30.745005,3,2
-6.3016057,10.959469,1,1
-45.11609,-1.4802103,0,1
-48.435177,-17.028019,0,4
-6.8007436,41.602768,1,5
-33.636642,-29.273329,0,4
4.1695395,32.663563,1,5
-42.08922,38.86687,1,1
-52.537846,-8.719349,0,4
72.0092,-13.869441,2,2
51.112103,-15.336447,2,2
-10.673576,41.968018,1,1
49.871937,-3.6320865,3,2
83.5883,-8.23407,2,2
34.898014,-36.908077,3,2
-41.569378,0.9095538,0,4
-17.73632,51.869328,1,5
18.103933,32.07837,1,5
14.563062,54.657925,1,5
17.454062,-35.03442,3,3
2.235066,15.256409,1,5
-42.283592,34.051746,1,5
-41.895092,-30.315563,0,4
-3.1012242,14.902955,1,5
-14.797571,-36.21068,0,4
0.62751865,66.91216,1,1
-45.404358,-12.044726,0,4
-29.769054,-44.220776,0,4
-44.771122,-8.454418,0,4
-7.783364,53.939045,1,1
-53.60982,-17.119366,0,4
-23.472202,59.5804,1,5
-0.3689549,21.286879,1,5
-30.285719,20.678375,1,1
-29.164268,2.2879677,1,1
-27.241297,26.352343,1,5
12.271234,41.18136,1,5
62.044262,-21.532434,2,2
49.212578,1.527896,2,2
1.0139178,52.723957,1,1
48.816822,-19.548113,3,2
19.678516,-0.067700826,3,3
-37.505703,-44.98117,0,4
-42.218063,-24.334929,0,4
5.602606,-1.0737593,3,4
19.504347,43.08631,1,5
-2.9719045,13.050267,1,5
-19.16856,-24.38573,0,3
-3.95966,32.733547,1,5
-19.018116,-56.245575,0,4
-17.386795,-52.04551,0,4
2.7320726,-14.068742,3,3
-25.334608,26.729773,1,5
29.550016,1.7973478,3,3
75.018936,-20.07563,2,2
81.42028,-12.998688,2,2
55.036724,-27.154987,2,2
-24.4302,25.589493,1,1
-8.959686,-24.91188,3,3
-42.545475,-1.8631914,0,1
-7.208894,66.46985,1,1
15.590904,51.541336,1,5
25.665533,7.480318,3,3
-24.483759,-4.6777534,0,4
-28.92407,54.645306,1,1
17.582857,40.4431,1,5
9.814815,53.279827,1,5
51.953457,2.0754774,2,2
-41.977932,-30.305483,0,4
-42.85507,2.8212345,0,1
-32.144775,-44.410904,0,5
51.25223,-3.9566283,2,2
19.830322,-7.893971,3,3
-28.763416,-5.233143,0,4
-14.420835,47.8328,1,5
43.84981,0.24745065,2,3
-22.989996,-47.346706,0,3
31.683779,-18.449705,3,2
-7.08896,43.026165,1,1
13.84163,-0.8327417,3,3
25.336721,-7.1081285,3,3
-30.26778,-4.055602,0,5
-46.430477,-12.440505,0,4
25.715357,-32.752335,3,3
-7.0015163,65.24823,1,1
44.135845,3.0732937,3,2
-50.189182,-45.409214,0,4
1.8260483,65.775764,1,1
17.81974,-0.91722333,3,3
53.03263,-22.106333,2,2
-22.295052,-25.936281,0,4
65.37757,-13.408466,2,2
42.671013,-10.513231,3,2
-55.06062,14.171864,0,1
24.373898,-5.7961235,3,3
-37.525738,24.646582,1,1
58.368507,-7.272086,2,2
16.132395,-37.588245,3,3
15.086366,-15.356967,3,3
12.636199,-7.2156854,3,2
-28.268291,16.656584,1,1
54.12043,-11.616136,2,2
-24.75869,53.528423,1,1
60.44849,5.714327,2,2
-24.904171,46.987877,1,1
-20.38365,47.57503,1,1
-47.245403,22.608316,1,5
-50.70681,12.922593,0,1
-18.508976,40.05607,1,1
19.76566,-30.794733,3,3
-1.4563267,-41.85537,3,3
62.24589,-27.0706,2,2
67.61294,-3.7830622,2,2
-36.466553,-53.30622,0,4
-44.299522,13.41616,1,5
1.0688807,-21.595203,3,3
-38.605583,-24.914915,0,4
8.155577,25.049736,1,5
-2.3166957,-14.80841,3,3
78.1377,-3.744062,2,2
7.499942,36.2314,1,5
-19.567354,-23.07503,0,3
-58.915806,-14.589631,0,4
-35.87767,-19.578842,0,4
-48.62602,26.538994,1,1
-6.7494907,64.12132,1,5
1.041672,47.311207,1,5
38.639492,-30.399467,3,2
21.904467,-7.2773805,3,3
83.366035,-9.768568,2,2
-4.832924,67.36229,1,5
-15.491089,38.03197,1,1
15.598514,52.263847,1,5
-29.545357,-2.0589092,0,5
2.8001485,-22.935915,3,3
-54.812042,-26.460312,0,4
65.96885,3.2207441,2,2
-34.527252,-43.206474,0,5
-30.118666,-36.912567,0,4
-25.547161,-0.8516329,0,5
3.728451,17.154348,1,5
-40.181152,12.350429,0,1
-19.226482,-32.56283,0,4
54.6121,-25.62785,2,2
4.7389264,52.902546,1,5
-43.48509,-35.77081,0,4
9.082668,54.116783,1,5
-28.443638,60.358852,1,1
2.8276448,34.14482,1,5
-3.9896364,-11.714081,3,3
-33.74101,-16.823372,0,4
6.5513,24.054426,1,5
4.5277433,-0.8401674,1,3
-9.830201,24.196,1,1
56.45374,-25.014095,2,2
-5.5250916,67.20008,1,1
-11.528793,26.306963,1,1
-48.903183,-23.474405,0,4
5.503747,65.361755,1,1
-0.6176372,55.044254,1,1
47.743443,-25.718142,3,2
-10.592285,56.47769,1,1
-35.05655,-50.084873,0,4
-39.74783,20.563263,1,1
29.742216,-22.714308,3,2
5.4638753,58.589264,1,1
24.188576,-2.1871195,3,3
27.093357,-14.900056,3,3
24.341364,-29.543314,3,3
-0.46163127,29.366293,1,5
-30.828741,21.086313,1,1
-48.80759,11.202744,0,1
45.59737,-15.460603,2,2
26.94274,-1.7086962,3,3
51.21685,-8.219843,2,2
14.740923,-0.64786285,3,3
7.400843,24.733698,1,5
30.401152,-12.563672,3,3
30.226683,8.695342,3,2
14.844365,-4.443957,3,3
-34.581146,-41.360306,0,5
52.97632,3.986728,2,2
-50.637676,9.820375,0,1
-16.718384,4.001412,0,4
49.57562,-31.308146,3,2
-20.981718,-26.3916,0,4
28.730927,-24.364937,3,3
-21.309889,-23.998379,0,3
30.169592,8.514267,3,2
68.1412,-10.202479,2,2
-10.004618,-19.715263,0,3
8.865074,37.853992,1,5
-33.026527,-50.803837,0,4
-2.6617434,66.50929,1,1
20.149626,-34.875492,3,3
49.993813,-20.529951,3,2
1.7053337,49.767094,1,1
21.742579,-29.040838,3,2
20.178102,44.57175,1,5
-42.30431,-50.400906,0,4
-4.1067815,11.623449,1,5
-3.5187068,31.603611,1,5
-49.26465,-11.385769,0,4
-18.996845,62.326904,1,1
-18.425148,18.825474,1,1
26.078524,0.023667036,3,3
-29.677534,-12.771439,0,4
55.6094,-31.309113,2,2
18.951767,55.269733,1,5
-24.415434,36.03094,1,1
-30.44157,48.141018,1,1
-33.60751,-14.314337,0,1
-25.624762,47.10026,1,1
1.791627,42.77203,1,5
-0.4846184,26.043617,1,5
-1.5172126,37.607277,1,5
81.26457,-3.1752467,2,2
-52.846703,-42.832474,0,4
-25.602728,-21.885836,0,4
19.889257,-24.041561,3,3
30.683126,-18.97284,3,2
28.517607,-25.592993,3,3
72.99552,-6.0970116,2,2
14.856571,22.485397,0,5
-10.5608,63.288094,1,1
11.419933,43.00727,1,5
-3.3814986,-29.76835,3,3
39.050194,-35.633305,3,2
-30.18197,-15.860437,0,4
-1.366637,-19.947384,3,3
9.685827,59.935642,1,1
-49.46532,33.72694,1,5
16.796925,-11.14198,3,3
-5.1442614,-11.915353,3,3
21.50563,-7.9333625,3,3
-19.71519,35.384117,1,5
-30.69704,59.668907,1,1
85.6196,-15.567901,2,2
58.064747,7.4337645,2,2
-49.04341,-38.67684,0,4
-44.196136,-32.370697,0,4
-9.283889,0.8750734,0,5
-43.304443,13.433307,1,5
33.795013,-32.713127,3,2
36.394146,-32.25064,3,2
15.829215,47.742577,1,5
2.0103056,-29.761019,3,3
56.947666,7.796428,2,2
-46.083332,1.785657,0,4
-13.7337265,40.701412,1,5
-17.664505,30.43796,1,1
-41.092735,-30.596699,0,4
-41.87657,-47.724373,0,4
-49.151165,-23.1883,0,4
-45.86638,1.112716,0,1
-26.280363,-51.935497,0,4
-20.317335,-56.630783,0,4
-35.359367,49.227997,1,5
25.522825,-28.375925,3,3
-13.694388,-45.83072,0,4
14.196667,26.329733,1,5
-36.127922,-50.78965,0,4
74.147964,-21.803947,2,2
21.705196,44.574154,1,5
67.787994,-22.752466,2,2
-5.0050035,59.431023,1,1
30.42614,-38.413418,3,3
72.16781,-21.184431,2,2
-54.337135,-18.503113,0,4
58.096806,-8.423454,2,2
8.421953,3.1250105,3,3
-12.01371,-26.963047,0,4
-33.84692,13.004349,0,1
-22.44554,61.97799,1,1
-51.29431,-35.982563,0,4
-35.68842,44.273552,1,1
71.217735,-18.302944,2,2
89.99219,-12.27439,2,2
3.9654448,-12.473946,3,3
-37.990246,8.930599,0,1
-55.955135,-12.855596,0,4
-9.280501,58.086376,1,5
2.7117445,18.431198,1,5
-17.077682,-39.322006,0,4
-2.49895,-41.09723,3,3
-1.6452353,56.348503,1,5
-8.695438,-17.965183,3,3
-41.515987,-37.328846,0,4
-37.35361,-51.243114,0,4
-30.181807,-42.422638,0,4
-27.56827,29.98721,1,5
-35.125156,40.092133,1,1
-20.620132,-44.286095,0,4
37.1311,-27.135502,3,2
-43.71699,34.552742,1,1
-19.111406,54.67275,1,1
14.71324,48.572807,1,2
-22.561035,-43.98497,0,4
57.467087,-22.402067,2,2
6.6472797,50.27282,1,5
-53.9397,15.465681,0,5
18.62791,22.479427,3,5
-19.858385,-56.426907,0,5
-36.96464,0.5725948,0,1
81.45882,-17.056446,2,2
-14.2246475,6.6029744,0,5
-49.512222,35.708324,1,1
20.824593,43.97002,1,5
8.093005,49.37218,1,5
-2.1953146,54.35021,1,1
-58.036648,-19.740112,0,4
13.878615,27.203129,1,5
76.85608,-3.34377,2,2
8.051841,19.541002,0,5
29.96662,-33.83069,3,3
87.94105,-7.0467167,2,2
65.41836,1.4769477,2,2
3.7941122,20.274174,1,5
19.65945,-16.663965,3,2
-2.320619,-36.211735,0,3
6.6602707,26.817566,1,5
58.947926,-28.994978,2,2
4.1711283,23.672642,1,5
-24.598515,-28.860483,0,4
8.71602,-23.795204,3,3
-55.143944,-35.114037,0,4
51.612877,3.572947,2,2
18.272417,-26.894016,3,3
59.841587,-20.218946,2,2
-17.745617,-45.488163,0,4
-36.816433,-46.026684,0,4
16.240557,21.26329,1,5
11.742186,40.01177,1,5
-51.437145,2.7398431,0,4
-20.67155,54.078102,1,1
-2.815692,-41.261948,3,3
1.7448087,28.168486,1,5
42.216568,-13.78566,3,2
-35.667683,-13.123087,0,4
-44.77901,12.682482,0,1
1.0030198,-31.941769,3,3
-35.854656,-21.773647,0,4
1.0114781,49.689167,1,5
-1.0715475,27.470572,1,5
50.96467,-16.82526,2,2
16.734293,-35.34044,3,3
-6.9846826,15.461694,1,5
-23.038963,-39.514706,0,4
1.49168,-30.756235,3,3
-34.658123,-47.678204,0,4
-10.000866,43.07298,1,1
-49.70927,10.474861,0,1
57.46845,4.099286,2,2
70.473434,-22.361532,2,2
16.261137,-25.441193,3,3
-23.939476,35.355583,1,5
-30.990143,-18.957603,0,4
29.950045,9.174374,3,2
-54.3776,-32.4923,0,4
-37.563576,-23.89086,0,4
51.796684,-13.601367,2,2
26.605112,-21.829247,3,2
-46.55712,13.33793,0,1
-51.543827,-36.32621,0,4
41.219994,-29.937931,3,2
-37.23279,34.89305,1,1
-30.243212,-6.5830708,0,1
11.392454,-16.180994,3,3
-24.635317,-20.260733,0,4
-34.971176,37.697124,1,1
-42.303444,-42.525177,0,4
-39.12999,-39.909157,0,4
2.95153,47.81433,1,5
82.44124,-5.3201222,2,2
2.0253043,-32.44949,3,3
-40.4689,-35.953186,0,4
9.453897,32.33971,1,5
-41.032906,-31.079504,0,4
49.401638,-30.996674,3,2
-16.21126,-14.233874,0,4
-45.735435,-41.83651,0,4
-58.601376,-18.292006,0,4
-28.226528,20.559961,1,1
-23.173515,41.06777,1,5
-44.42379,5.797884,0,1
-47.62858,-8.724584,0,4
64.18726,3.1158779,2,2
87.9572,-10.596504,2,2
78.40159,-9.645694,2,2
1.0665333,36.487648,1,1
15.619209,51.443245,1,5
55.557507,-15.272042,2,2
-32.09463,50.31855,1,1
9.299823,48.415718,1,5
26.98641,-35.611626,3,3
-25.666348,-50.768826,0,4
29.346199,-17.632843,3,3
16.539799,-10.30237,3,3
-39.757988,-47.39318,0,4
-0.8017981,-39.310925,0,3
86.76311,-17.60174,2,2
-9.308058,-20.308083,0,3
56.343365,-14.754827,2,2
-0.15458305,-19.851492,3,3
-10.336639,30.662422,1,5
-45.984863,1.1012117,0,1
8.362308,25.264524,1,5
-45.87216,-44.482613,0,4
63.093163,-21.776335,2,2
75.64333,-21.490854,2,2
-25.428413,-29.972723,0,4
-35.608143,-38.001476,0,3
-23.770065,-44.35825,0,4
38.485477,-34.78054,3,2
83.966515,-11.321924,2,2
-0.8595245,26.71274,1,5
-14.078232,-33.29983,0,4
-4.8148212,51.3455,1,5
42.368958,-11.590623,3,2
-34.337982,5.674515,0,1
26.235796,-16.881065,3,3
-30.885742,-8.760263,0,4
-10.071037,34.408554,1,1
17.67749,-21.329317,3,3
-0.41283166,66.01205,1,1
21.439425,7.0511084,3,3
-19.323526,30.841518,1,5
-49.141914,31.201248,1,1
-10.647858,-43.680454,3,3
-34.52399,-41.0944,0,4
50.43828,-28.969063,2,2
-42.143124,-50.331375,0,4
-53.979992,-26.247913,0,4
-10.2743225,25.549238,1,5
42.21183,-11.567678,3,2
-1.4286016,-38.513317,0,3
58.00427,-1.0287948,2,2
-35.71098,-51.19905,0,5
-36.088852,12.768136,0,5
-50.99896,-2.7708645,0,4
88.86319,-8.308462,2,2
4.99759,-29.54477,3,3
-2.21319,-34.302013,0,3
-57.292297,-34.683327,0,4
30.110672,-26.83538,3,2
3.417786,-35.52092,3,3
-24.465641,18.647074,1,1
20.58854,-31.467758,3,2
-23.672304,-47.60379,0,4
-55.029472,14.23447,0,4
82.72218,-15.51117,2,2
66.66117,-5.2183394,2,2
60.449474,4.1678767,2,2
35.664433,-9.605654,3,2
-52.490536,-41.473515,0,4
-45.422096,30.530241,1,1
11.735591,40.097942,1,5
-24.258507,2.060016,0,1
-31.906925,49.695995,1,1
-33.6803,-32.95911,0,4
-43.89553,-27.167734,0,4
34.564686,-30.643284,3,2
-17.712828,41.09117,1,5
63.978786,-1.0714903,2,2
58.61751,-8.061147,2,2
-34.016476,28.912271,1,1
-47.315987,-42.532597,0,4
18.98178,-0.20710237,3,3
-25.481668,64.91914,1,1
25.878563,7.579996,3,3
-21.043253,-23.131145,0,3
25.534437,-0.19858366,3,3
6.249773,-21.568203,3,3
40.848225,3.5376542,2,3
-27.970884,49.71641,1,5
38.762836,-13.99627,3,3
-19.856009,0.931066,0,1
-12.000352,35.38355,1,5
-16.563702,24.968248,1,1
73.41877,-11.624676,2,2
-3.3157845,-32.20022,3,2
-19.542013,-44.08544,0,4
-40.52021,27.385805,1,1
-3.1492598,58.625553,1,1
-51.18053,23.375914,1,1
-44.136993,-37.50305,0,4
-56.190147,-20.091463,0,4
-25.609959,-34.755848,0,5
-4.529588,13.448781,1,5
-33.89958,25.036303,1,1
-52.36499,-41.20609,0,4
17.866657,21.322353,1,5
57.13649,-1.8641497,2,2
13.404938,20.029665,1,5
67.7099,-28.149265,2,2
-10.204039,-45.07595,0,3
-27.982058,16.853794,1,1
7.7338576,26.574358,1,5
19.683779,4.271661,3,3
14.333254,-36.15411,3,3
53.50608,4.495944,2,2
21.405502,-25.729774,3,3
-21.20671,1.492866,0,5
-35.442444,11.191262,1,1
-0.8970818,65.886215,1,1
-58.685024,-18.872498,0,4
5.2066593,31.035944,1,5
3.2962897,29.550497,1,5
-35.720886,13.84806,1,1
13.6466,56.222416,1,5
74.87034,-15.425912,2,2
62.91213,-28.36561,2,2
12.235902,58.69705,1,5
-32.031075,13.4253645,1,1
-1.9454423,54.047485,1,1
18.03464,-5.4417605,3,3
24.252031,-36.89511,3,3
-36.688644,-7.6087456,0,4
-1.6255904,57.47905,1,1
15.516746,55.755783,1,5
24.628994,-27.161787,3,2
-28.210373,-55.317516,0,4
-22.466766,-45.764927,0,4
0.7743811,-41.015003,3,2
0.27982876,-21.004921,3,3
61.03685,-3.3426335,2,2
-52.8529,-42.920002,0,4
60.21789,-22.91936,2,2
-19.403631,52.195953,1,5
-30.475992,-24.01029,0,4
7.3170514,63.44834,1,5
-50.623928,-13.682351,0,4
-28.172277,11.767121,1,5
-42.02775,2.9333656,0,1
-20.11026,44.586845,1,1
-8.069118,-26.47293,0,3
21.929317,-9.584974,3,3
11.89076,58.243935,1,5
-47.779938,-25.145802,0,4
15.952107,-16.265898,3,3
-37.98731,-46.57074,0,4
22.675665,-30.572218,3,3
10.981949,6.002272,3,3
-42.929188,-43.57862,0,4
1.0565547,16.480944,1,5
-34.249046,-18.325949,0,4
-45.399452,-38.66629,0,4
19.467173,-18.67021,3,3
-45.583195,-9.221695,0,3
-9.079056,42.285408,1,5
-39.47292,-21.983156,0,4
-34.96831,39.875538,1,1
0.2733561,60.64448,1,1
-40.23526,-51.122772,0,4
-34.375954,-46.460403,0,4
-31.718939,-36.04253,0,4
-0.44749227,33.329315,1,5
-19.846718,-14.048221,0,3
84.643265,-8.344951,2,2
-18.518488,36.31381,1,1
27.265324,5.1016235,3,3
-50.673935,23.754126,1,1
-38.802425,-39.86357,0,4
-15.624271,30.751596,1,1
77.92746,-21.609291,2,2
-13.02688,-45.07922,0,3
-37.25491,-5.6337914,0,5
-19.32165,65.10442,1,1
17.916216,44.000477,1,5
46.580368,-6.4412365,2,2
51.948822,-16.297894,2,2
9.219396,45.70003,1,5
-43.81005,-25.221338,0,4
39.265446,-34.902706,3,2
15.742175,-1.548921,3,3
-38.406017,27.079254,1,1
-16.561228,24.027752,1,5
-18.767504,-43.282093,0,3
12.563078,-5.9107704,3,3
-3.2340202,-10.590749,1,3
-16.52433,55.464817,1,1
-40.262283,26.498264,1,1
15.055748,36.828632,1,5
-6.0501556,63.374104,1,1
-47.225388,-7.788957,0,4
-47.423466,15.409217,1,5
12.446045,-3.9972544,3,3
12.45156,56.57002,1,5
-12.0011015,62.062828,1,5
-9.611078,65.69724,1,1
-44.318764,3.8160748,0,4
-19.723667,42.13139,1,1
7.93252,37.94575,1,5
78.219986,-6.7288814,2,2
-16.607904,50.275585,1,1
52.57507,-5.9245872,2,2
-5.0001144,-38.87326,0,3
-19.664223,43.79706,1,5
8.379966,-12.2881365,3,3
-8.380822,-31.549726,0,3
12.808237,-18.780638,3,3
-42.664665,-25.467823,0,4
-38.099697,17.808243,1,1
-39.944077,30.051132,1,1
30.545567,-13.742828,3,3
-40.615974,-31.465443,0,4
-28.0862,-46.32934,0,4
-3.5005736,-41.46587,3,3
9.914212,39.693924,1,5
3.9484308,-8.1890745,3,3
69.52947,-0.49727798,2,2
15.328834,28.388672,1,5
60.212074,-30.483887,2,2
19.147331,35.21876,1,5
-37.046463,-53.02874,0,4
6.842183,58.712234,1,5
62.669823,-25.427526,2,2
-36.890854,14.3230915,0,5
-7.936204,-31.162548,3,3
61.74679,3.1218634,2,2
-22.800756,-35.800312,0,4
-7.0968804,57.924767,1,1
4.1984906,-6.1311646,3,3
49.483437,2.2148871,2,2
-16.934324,-14.113454,0,4
27.172201,-31.852009,3,3
-35.628662,-49.886993,0,4
-55.386395,-11.884975,0,4
2.4775136,-14.590413,3,3
-0.44485477,21.134756,1,5
5.8536835,-24.525087,3,3
-48.017567,5.041321,0,4
-32.426388,39.640995,1,1
-7.848265,30.105259,1,5
20.318583,-0.5651156,3,3
-39.390564,-6.3238163,0,4
-54.009983,-7.905659,0,1
-22.340202,-53.751476,0,4
68.26762,-15.017288,2,2
-44.311848,-33.608097,0,4
-44.530254,-29.391727,0,4
0.57592964,-17.830627,3,3
-55.432285,-35.354454,0,4
-14.664773,4.543561,0,5
16.27499,27.648935,1,5
12.23343,-33.147232,3,3
19.699934,-5.6355567,3,3
3.5825036,41.5684,1,5
-18.561975,62.116737,1,1
-17.16089,-33.88516,0,4
19.032358,45.873875,1,5
11.369771,63.390854,1,5
-13.011007,53.05659,1,1
87.171196,-15.744679,2,2
-4.1339073,35.708935,1,5
37.94051,-17.107813,3,3
-14.03468,-35.76054,0,4
-26.621967,36.338085,1,1
0.8330188,-13.483908,3,3
-32.764748,32.918964,1,1
12.911507,3.4419887,3,3
35.356216,-9.080428,3,2
-25.380608,51.545937,1,1
-52.733654,20.197515,1,1
-15.225322,-53.282753,0,4
63.186733,-22.079485,2,2
-14.278549,-46.477425,0,4
60.88542,-7.0949187,2,2
-10.808241,44.502438,1,5
34.78676,-1.1119922,3,2
62.85867,-11.937738,2,2
-57.99462,-18.354746,0,4
-2.366257,60.629745,1,1
-19.11211,-53.68916,0,4
12.959665,65.55491,1,5
-2.7085893,54.255714,1,5
15.797126,32.128044,1,5
29.21098,-23.469995,3,3
-25.755945,-20.011396,0,4
-20.092707,-24.108366,0,3
-9.938904,59.233574,1,1
-32.388283,22.119324,1,1
-46.549545,-49.20653,0,4
-8.433306,55.42514,1,1
64.47701,4.4744887,2,2
4.154722,20.826937,1,5
-14.384437,56.765076,1,1
-21.669014,-38.565746,0,4
18.233408,-34.714764,3,3
26.31689,-5.5711026,3,3
50.82366,-8.158089,2,2
86.653694,-17.352465,2,2
86.02631,-16.77028,2,2
49.24035,-12.951503,2,2
-21.365881,-27.212748,0,4
6.0898585,1.8748753,1,1
-17.27677,51.840416,1,1
18.130314,34.06983,1,5
36.251137,2.7270994,3,3
-24.551933,-19.771957,0,3
-19.346533,-13.513876,0,3
-28.038162,-2.8300107,0,1
-31.947454,-13.979486,0,4
-39.90635,35.51986,1,5
-47.382874,-23.720917,0,3
-33.179596,-46.67788,0,4
19.335835,55.393322,1,5
-4.884987,66.60207,1,1
-32.246094,42.52581,1,1
-27.278736,-42.24886,0,4
-13.643631,22.327824,1,5
-20.062908,58.34551,1,1
-32.85633,56.856724,1,1
36.841843,-38.361202,3,2
-0.2898889,-29.689692,3,3
79.69255,-9.144857,2,2
10.716269,-15.418237,3,3
18.490976,-7.4854417,3,3
-15.320626,-39.35403,0,4
51.12699,-12.886939,2,2
7.0702133,17.597725,0,5
-11.180871,60.694466,1,1
-20.281248,-0.75442207,0,1
-58.39645,-16.963148,0,4
3.6914356,-28.369576,3,3
19.11188,6.889146,3,3
-32.21958,26.103695,1,1
-22.92599,11.482682,1,1
26.016518,-18.295628,3,3
-54.25743,-32.641445,0,4
4.1924973,43.595543,1,1
23.558949,-17.091751,3,3
79.762146,-18.886763,2,2
-26.723484,-44.207912,0,4
-40.540188,-27.238493,0,4
63.317924,1.4379843,2,2
-56.90872,-32.39121,0,4
-6.5271883,-24.75289,3,3
-45.85382,-12.214193,0,4
-44.95933,-46.15077,0,4
-12.439195,67.04489,1,5
-9.896939,7.4144106,1,5
-18.454786,-18.229208,0,3
19.345827,4.0505395,3,3
-52.055164,-1.5108576,0,1
-6.4495187,-14.871723,3,3
-5.647626,12.638083,1,5
-48.905933,-39.043076,0,5
-19.210463,-14.653616,0,3
1.6350018,39.552048,1,5
-13.701812,23.202503,1,1
-24.79253,44.421925,1,5
-29.628862,33.725483,1,1
-14.649988,-2.1038089,0,4
17.954247,44.006386,1,5
8.432838,-12.877437,3,3
1.5996975,52.206375,1,5
44.68831,-0.5825087,2,3
-48.977474,-12.535795,0,4
16.438387,-13.934688,3,3
-29.138195,-45.38838,0,4
-58.169037,-16.19547,0,4
36.04262,-18.152193,3,2
-1.2736207,62.060333,1,1
23.895443,-24.893156,3,3
-17.315649,37.00324,1,1
-37.46497,-26.379992,0,4
21.287443,0.28373492,3,3
-50.502865,22.55769,1,1
-8.205237,-30.346281,0,3
22.984644,42.1598,1,5
-38.92127,18.857517,1,1
87.40066,-7.171543,2,2
5.178337,54.39109,1,1
-4.525795,10.319117,1,3
-38.74951,10.008676,0,1
3.4678335,68.56227,1,5
-3.1542265,16.613205,1,5
62.32091,6.1207256,2,2
-45.91031,-5.4374156,0,4
-3.9676878,-11.529973,0,3
-21.97393,-47.836716,0,3
-48.55472,-19.201502,0,4
73.29865,-21.607597,2,2
-45.06572,14.509337,1,1
-12.456825,54.883656,1,1
-60.557808,-22.47959,0,4
17.899504,22.039398,1,5
-6.430317,59.014576,1,1
-30.658934,31.658785,1,5
-14.087347,-33.26476,0,4
-26.323376,-45.246677,0,4
-23.174664,-47.67365,0,4
-41.46001,-43.250008,0,4
-46.01843,40.259148,1,1
59.44972,-4.083701,2,2
29.340427,5.0912538,3,3
-27.862736,-5.0374107,0,5
-46.08788,10.0644455,0,5
-44.759487,11.985727,0,5
6.3720016,49.491764,1,5
-0.800074,50.44472,1,1
-7.2746572,15.901848,1,5
-31.106977,8.768876,0,5
-40.5565,-50.163456,0,4
26.565855,-19.736378,3,2
6.6853285,45.380123,1,5
9.299546,58.622486,1,5
-38.804157,-44.8766,0,4
-14.442331,51.356483,1,1
-59.157322,-25.10088,0,4
-0.22928777,33.21754,1,5
56.25114,-24.473488,2,2
-7.7487698,28.47735,1,1
25.996496,-18.425009,3,3
-24.783615,-28.47057,0,4
55.480877,-26.914532,2,2
2.9270868,-29.542688,3,3
83.2712,-13.023427,2,2
-56.507385,-8.373641,0,4
-3.438139,26.735586,1,1
72.86964,-23.67584,2,2
-40.438175,34.03592,1,1
-11.736938,6.1959424,0,5
-35.42516,52.4202,1,1
-18.461473,21.525364,1,5
-6.020701,63.75739,1,1
-35.750553,30.381649,1,1
-53.249023,-38.55078,0,4
-33.50548,34.876564,1,1
27.731407,-16.046114,3,3
64.46505,-29.250689,2,2
16.647057,-14.657864,3,3
8.242201,-17.422518,3,3
28.243544,6.8074627,3,3
7.844253,22.942757,1,5
55.931587,1.5221101,2,2
15.616527,-28.971571,3,3
-49.755474,1.9960586,0,1
-17.991835,53.077545,1,1
-39.97433,26.943619,1,1
-3.2868671,-13.143955,3,3
12.896914,26.871248,1,5
4.998868,0.689999,1,1
63.159103,-30.74179,2,2
-12.016434,-0.81023496,0,5
32.93565,4.8862343,3,3
-30.652424,14.664933,1,2
15.321511,50.24355,1,5
-13.06772,34.638565,1,5
-14.40127,24.042778,1,5
-13.640558,29.339745,1,5
-37.802433,12.817032,1,1
-46.068104,28.03045,1,1
56.694508,-11.785588,2,2
79.15073,-10.134781,2,2
85.26718,-5.150459,2,2
31.38976,3.3057113,3,3
63.736927,-18.952406,2,2
-58.083813,-15.103977,0,4
54.10441,2.4512417,2,2
-26.618456,-20.364403,0,5
22.471727,-8.975721,3,3
-24.454317,40.680164,1,5
28.141628,-1.8861734,3,3
-14.850009,11.902343,1,1
-28.813667,-25.195108,0,3
-31.546223,25.847237,1,1
-39.419434,35.043877,1,1
-31.424425,-50.349907,0,4
10.960606,-19.993168,3,3
-38.150383,23.760967,1,1
88.23861,-12.99029,2,2
-36.82653,-55.151745,0,4
49.944897,1.8688754,2,2
26.551296,-20.381165,3,3
20.099667,49.106846,1,5
-25.696678,57.084335,1,1
-7.4007816,65.59162,1,1
-52.18775,3.839574,0,4
66.082924,-12.74768,2,2
-2.509954,-11.982051,3,3
53.20047,-6.4059863,2,2
-25.653425,-27.416063,0,4
-37.469406,47.746666,1,1
-40.401497,43.52612,1,1
-1.452645,50.271393,1,1
48.566574,-29.372585,3,2
-10.686185,42.470284,1,1
-50.50338,26.693274,1,4
8.562257,27.859402,1,5
-31.031118,37.766552,1,1
27.984692,-21.06071,3,2
54.609592,-1.3854848,2,2
49.115055,-25.077824,2,2
-47.211487,10.741579,0,1
40.179287,-37.239258,3,2
21.005802,-32.44777,3,2
19.914886,-33.33193,3,2
4.110474,-28.460222,3,3
15.256704,-17.394653,3,3
-19.213034,17.706387,1,1
-46.454437,5.1864004,0,1
6.927806,27.36986,1,5
-25.884535,-2.2116678,0,5
7.596075,-33.414776,3,3
-12.208375,60.46431,1,1
-3.9037483,-19.76053,3,3
61.851433,-11.478247,2,2
-11.814747,57.526947,1,1
-25.333668,-3.9114301,0,5
-42.298306,-8.054864,0,4
-39.40688,12.029287,0,1
6.386616,57.357456,1,5
34.944866,-34.059006,3,2
40.100986,3.7227113,2,3
6.3397045,-34.846523,3,3
-8.848037,59.049854,1,1
-4.595231,-19.430145,0,4
27.175379,0.02145226,3,3
4.7482514,48.62588,1,5
41.585968,-6.5271096,2,2
-59.393227,-24.050016,0,4
-18.052233,39.590523,1,1
-31.120792,-12.815641,0,4
37.232037,-15.61581,3,3
57.136784,-9.92134,2,2
-11.361744,26.54614,1,5
38.022884,-8.928644,3,2
-14.850809,31.300339,1,5
8.03813,-26.284193,3,4
-30.253105,-42.9047,0,4
-11.658722,55.201443,1,1
-44.088512,12.203619,0,1
71.18845,-5.052578,2,2
-46.4008,11.569995,0,1
43.500767,-0.5106546,3,3
20.51299,42.390545,1,5
55.874313,-31.427143,2,2
54.297382,-15.017832,2,2
-4.356976,64.539246,1,1
34.851433,4.196384,3,3
-8.575113,69.13325,1,5
83.14076,-15.521321,2,2
50.25093,-13.280752,2,2
28.799288,3.8518417,3,3
-49.49068,35.507492,1,1
-39.87729,5.3286996,0,1
-0.53905046,54.87342,1,5
41.30773,-16.228256,3,2
15.421352,54.17793,1,5
3.852971,17.106462,1,5
-34.81082,-1.9084389,0,4
58.620052,-23.224966,2,2
9.256617,46.789444,1,5
-32.485622,30.37132,1,1
-27.480623,29.593723,1,5
1.9127266,58.83728,1,1
24.106834,-24.930853,3,3
-46.038433,-36.457817,0,4
-8.295534,-33.43229,0,3
8.997682,33.96397,1,5
5.182268,-14.610766,3,3
24.166555,-2.060147,3,3
27.148727,-2.2894804,3,3
-18.12319,15.072335,1,5
-28.74191,53.463425,1,1
-49.593956,33.894016,1,1
42.44194,-10.697094,3,2
5.523354,43.690845,1,5
2.903007,66.81417,1,5
12.771279,47.80567,1,5
-40.400658,20.957918,1,1
-38.93174,-24.92232,0,4
-40.770046,36.77901,1,1
1.4351724,44.46503,1,5
11.799287,-28.298288,3,3
-10.667238,-43.676773,3,3
19.534254,-33.741333,3,2
-51.03268,2.8018665,0,4
-20.388243,64.567406,1,1
-40.32307,-43.169453,0,4
72.60246,-23.897682,2,2
36.338116,-32.59194,3,2
-28.261757,-46.020416,0,4
9.708839,-28.73416,3,3
-17.380802,47.799976,1,1
73.650024,-12.809194,2,2
2.4640641,-28.482145,3,3
-16.00878,7.3589163,0,5
1.0233835,12.116088,0,5
19.884207,-2.0789044,3,3
-24.51432,-27.907734,0,4
8.350057,-4.781567,3,3
-11.205309,-42.850033,3,3
40.18623,-8.971529,3,2
-36.87085,4.533465,0,1
-15.892484,-52.329147,0,4
-28.76046,-2.7412517,0,5
-45.482986,-30.965155,0,4
62.463436,-2.4766545,2,2
41.63601,-4.369044,3,2
19.021658,4.4280267,3,3
-19.796135,52.24522,1,1
-15.763653,6.40788,0,1
78.05465,-10.152527,2,2
56.927116,4.5263724,2,2
-18.601498,4.456335,0,4
12.793233,-24.850464,3,3
82.86477,-12.715442,2,2
-36.11673,-36.174732,0,4
16.625183,20.086061,0,5
-47.12291,3.1226249,0,1
6.1653304,49.327335,1,5
13.823314,-13.188409,3,2
-42.198483,-36.938713,0,4
-46.066948,-13.956184,0,4
21.262127,4.904214,3,3
-41.771793,-37.11752,0,4
23.639914,-13.678072,3,3
60.533478,-23.089884,2,2
15.530982,24.982044,1,5
6.4127417,47.66066,1,5
37.955143,-11.618513,3,2
10.889545,-12.647107,3,3
-17.812668,13.997813,1,5
8.247389,31.74644,1,1
15.95763,1.7810073,3,3
-46.21665,-0.65477914,0,4
-22.806002,51.86519,1,1
-14.221344,-39.69346,0,4
-9.227103,-29.12046,0,3
-1.9119974,15.41834,1,5
-22.81445,-18.835457,0,3
76.9955,-4.5139604,2,2
8.2105255,42.3588,1,1
44.35302,-21.653597,3,2
49.253475,6.8220563,2,3
-40.81244,21.572008,1,1
46.034203,-2.4092548,2,2
-13.571131,-39.010044,0,3
14.2787895,-35.376648,3,3
-22.989124,-36.234394,0,4
-29.524832,50.594925,1,1
-37.37874,-44.62025,0,4
65.78806,1.1045673,2,2
-38.415714,28.344973,1,1
-33.921688,19.002504,1,1
49.88835,-1.361153,2,2
-51.852978,-33.889698,0,4
-53.18801,-21.192074,0,4
-13.893213,5.2254915,0,5
1.3162823,-28.758703,3,3
-25.621569,1.4028591,0,5
3.6668894,68.50952,1,5
-42.625023,-28.57698,0,4
-48.30861,-22.491383,0,4
41.69569,-33.743717,3,2
-12.03261,35.478657,1,5
42.76087,-31.183456,3,2
-18.61602,2.748576,0,5
-34.790688,-33.98041,0,4
-10.9583025,-10.951591,0,4
-23.595903,41.652416,1,5
12.866615,40.729115,1,5
-28.707027,-46.62506,0,4
14.114848,-11.906503,3,2
-38.78658,-51.781414,0,4
-47.606873,13.459471,0,1
5.4823875,-4.02777,3,3
-3.8681817,-38.051926,0,3
20.945196,45.970715,1,5
61.992382,-2.5853665,2,2
-43.797005,-2.9312978,0,4
-2.6459827,17.268484,1,5
-12.16005,8.255231,1,5
27.54624,-19.446901,3,2
-26.851543,-49.623848,0,4
1.767485,18.021605,1,5
11.134935,31.557096,1,5
-56.68712,-19.774519,0,4
-32.958527,-28.222336,0,4
5.3543696,30.23898,1,5
2.8729103,-24.8911,3,3
-33.201557,40.273216,1,1
47.487045,-24.031538,3,2
-25.59857,27.596996,1,1
-1.9794664,59.558327,1,1
-55.888775,-19.48651,0,4
-1.2898537,64.38564,1,5
2.8858318,67.03449,1,1
-22.500164,27.929888,1,1
39.953377,-17.626108,3,3
10.79168,54.42246,1,5
-10.179192,25.100431,1,5
12.614851,-26.347572,3,3
73.39746,-6.7161317,2,2
-12.152467,49.720604,1,1
16.247372,32.91719,1,5
-0.04622215,14.148054,1,5
9.228697,-23.794777,3,3
-22.391079,43.74794,1,1
-15.85392,-27.394325,0,4
-14.385504,52.407215,1,1
-23.98992,14.96065,1,1
69.5718,-18.94949,2,2
-32.224434,4.883868,0,1
19.789795,43.588562,1,5
73.208046,-13.431235,2,2
82.58431,-2.400639,2,2
-3.588392,-36.522404,0,3
-17.266327,-31.406364,0,3
-20.825136,53.958252,1,1
6.2792125,61.619255,1,5
-2.7863128,-39.067043,3,3
16.924007,-25.75515,3,3
-57.14409,-9.686717,0,4
-4.1535044,50.774128,1,5
61.84587,-17.146835,2,2
-2.18066,-29.358936,3,3
69.878136,2.0607507,2,2
6.4219127,-8.969872,3,3
7.454159,31.17041,1,1
65.28708,-17.602354,2,2
2.6618283,-0.6219119,1,4
83.70194,-5.576036,2,2
58.848686,-1.3396403,2,2
17.149424,28.619347,1,5
-52.809635,6.274289,0,1
-17.904362,-42.211098,0,4
-29.00039,33.782436,1,1
37.805458,-35.55363,3,2
-6.0882115,40.97801,1,5
-27.79004,-37.026276,0,5
18.65878,-8.040642,3,3
-39.962734,-7.0387425,0,3
23.04007,-12.549765,3,3
12.578017,56.754875,1,5
-36.616856,-46.12934,0,4
-36.89645,-5.1928997,0,5
-40.572372,32.98784,1,1
-24.161133,43.028706,1,1
44.99999,-21.071035,2,2
-36.273132,27.347069,1,1
56.76341,-25.731255,2,2
-0.47774222,56.23363,1,5
-24.547043,52.1899,1,1
-41.922577,2.4450152,0,1
-24.055592,7.6312428,0,5
-19.72956,18.748636,1,1
47.53197,-2.905192,2,2
70.74303,-15.219496,2,2
33.9038,-5.0979233,3,2
-36.41961,-7.838923,0,1
-12.30174,-34.48154,0,3
-29.878687,60.568867,1,1
-17.513756,-46.095913,0,4
10.918612,-13.497426,3,3
-48.89927,32.435078,1,1
12.655943,-22.787615,3,3
67.94281,-9.277515,2,2
-19.233622,-39.170544,0,4
2.4800386,-30.845913,3,3
19.164576,29.18714,1,5
-47.779385,13.780498,0,1
0.90702176,-42.556847,3,3
-14.689481,46.69253,1,1
-11.112129,17.390388,1,5
-13.994763,25.19918,1,1
-36.28408,14.120425,0,5
-9.144888,67.0179,1,1
88.10238,-12.003229,2,2
-19.632006,41.328995,1,1
69.40703,-0.8924436,2,2
-23.951788,-45.02814,0,4
15.427256,21.898546,3,5
3.5961213,26.392445,1,5
-30.383724,36.725727,1,5
-14.357253,57.90794,1,1
-53.81207,-3.062848,0,1
11.220977,-13.874502,3,3
1.5271444,-30.441986,3,3
-11.243399,-13.344546,0,3
-34.375774,24.117434,1,1
-17.834024,-12.844332,0,3
6.2239122,-2.1819692,3,3
-18.32589,-54.230534,0,4
-31.554323,45.290752,1,1
32.40452,-9.842157,3,3
42.41888,-31.406055,3,2
20.712503,-2.1900158,3,3
-4.4424815,-16.520317,3,3
68.09494,-10.468098,2,2
19.221502,53.498573,1,5
51.22742,6.563262,2,2
-44.81499,2.1664884,0,4
-43.017746,-48.429783,0,4
-8.323206,45.271034,1,5
61.67498,-19.123732,2,2
-22.58652,2.2494633,0,4
-32.856506,-28.537111,0,4
-14.21708,38.158016,1,5
-46.510876,-18.605444,0,4
68.35197,-6.160239,2,2
-37.499325,-46.02223,0,4
51.728035,1.852039,2,2
-11.732969,61.736465,1,1
-44.9254,-12.358276,0,1
-1.9143716,5.312754,3,3
87.72154,-13.678174,2,2
-37.212128,29.53028,1,1
44.586212,-7.2167997,2,2
72.87783,-14.309126,2,2
8.235311,0.8953315,1,3
-16.427431,61.481365,1,1
55.53216,-29.294334,2,2
81.58026,-8.675658,2,2
10.727873,-33.8022,3,3
5.9186034,37.023903,1,5
-29.297947,53.953266,1,1
-19.443941,-34.322254,0,4
30.921177,-24.156542,3,2
12.052912,-30.784561,3,3
-39.210835,-53.395752,0,4
71.03205,-5.0497856,2,2
67.566765,-4.9359927,2,2
-36.409367,-48.513985,0,4
-53.31229,2.9788065,0,1
-18.981815,-20.838516,0,3
-11.726899,38.184395,1,1
-0.98733175,32.89082,1,5
51.732513,-10.6348505,2,2
-33.22752,38.635635,1,1
17.16184,-18.360785,3,3
3.2174773,27.684727,1,5
40.499992,-18.916327,3,3
-19.952515,-32.68481,0,4
-19.889292,-31.672855,0,4
17.539272,-6.6095643,3,3
-53.29361,1.5563339,0,4
-29.565899,33.229416,1,1
-48.32064,21.340294,1,1
-38.390728,3.0021682,0,1
-24.842161,-37.17341,0,4
-17.398726,22.379196,1,5
87.43309,-15.019045,2,2
-36.078606,15.168426,1,1
5.3624167,43.321964,1,5
10.649072,34.64344,1,4
69.63174,-6.013472,2,2
0.7006464,-40.637753,3,3
-27.157417,34.370228,1,1
41.985786,-21.403105,2,2
-51.78491,-28.398443,0,4
-7.405786,-21.43459,0,4
-39.97168,-24.415716,0,4
-9.657162,10.022608,0,5
-54.991245,-25.544336,0,4
31.362814,-36.88942,3,2
60.56535,-7.9875255,2,2
2.1039972,55.10543,1,5
-23.445011,35.55212,1,1
-7.5035887,-15.910127,1,3
12.062883,-13.706795,3,3
1.3907037,30.330788,1,5
47.105576,-3.3774796,2,2
-44.075493,-48.856895,0,4
5.6013556,-18.229282,3,2
1.0480472,26.526445,1,5
67.02954,-23.551083,2,2
5.715985,16.642384,1,5
-14.130108,52.051476,1,1
-0.18991086,-28.838501,3,3
26.20268,-36.91202,3,3
-30.382885,14.804781,1,1
67.17457,-29.780354,2,2
85.23627,-13.263289,2,2
-13.473478,2.6713753,0,5
-25.141893,31.715649,1,1
-21.707567,3.0979645,0,5
-50.902817,21.513847,1,1
5.049416,-11.042663,3,3
-17.963396,53.18007,1,1
44.27065,-29.898312,3,2
20.853632,43.28416,1,5
71.277374,-21.263208,2,2
-28.619915,62.333607,1,1
-9.3731,-16.626303,3,3
-26.962648,54.130745,1,1
82.53838,-14.713736,2,2
19.02045,-14.452562,3,2
-0.6637577,-33.018238,3,3
41.117737,-6.5558867,3,2
48.965813,-19.209005,3,2
-37.58669,47.466244,1,5
-44.593086,-22.93095,0,4
3.3332458,25.943514,1,5
33.17585,7.2785263,3,3
-16.466846,33.071434,1,5
-0.1344954,42.915806,1,1
56.069454,-21.399544,2,2
-24.79034,38.888165,1,5
59.491444,-26.033596,2,2
28.395552,-19.540823,3,3
-22.121298,-36.340057,0,4
-17.561085,0.96840423,0,4
22.815092,-10.0239935,3,3
-2.2026927,45.44862,1,1
-35.682243,17.450481,1,1
-19.976664,-0.9017008,0,4
3.0070374,-1.281135,3,3
67.18857,-6.162502,2,2
-11.028233,67.13526,1,1
-32.353096,-15.378666,0,4
-1.4719294,-44.23347,3,2
76.047424,-23.99348,2,2
-0.27172518,67.141525,1,1
65.55387,-24.358486,2,2
89.21842,-9.807294,2,2
-3.0637946,-14.474094,3,3
36.365845,-17.27853,2,3
-50.53406,5.834847,0,1
9.104067,56.736736,1,5
-41.649242,-42.26913,0,4
36.002243,-36.1048,3,3
14.810239,-26.83453,3,3
13.03129,-10.7040825,3,3
-19.130465,24.85738,1,1
2.004551,56.8013,1,5
-42.51939,-39.838585,0,4
-17.77359,-44.598618,0,4
-44.627544,-16.868563,0,4
-49.058212,18.739136,1,1
-19.402035,-14.790089,3,4
-49.185524,-11.788121,0,4
-21.097925,59.943295,1,1
-46.89351,-36.085594,0,4
19.956976,-32.649784,3,2
-9.633943,49.77682,1,1
4.964439,-30.175554,3,3
-7.9486084,43.76079,1,5
33.973793,-5.2353883,3,2
0.5239384,18.610384,1,5
19.776112,49.913105,1,5
-34.519066,-42.35726,0,4
-36.819744,25.215382,1,1
62.477463,-7.7619963,2,2
-41.732113,-3.2320204,0,1
-55.622883,-29.80935,0,4
54.63241,2.1690352,2,2
62.181057,-10.074263,2,2
-37.06335,-48.729626,0,4
-20.330015,34.01416,1,1
45.776047,-3.0374508,2,2
-25.24558,52.531727,1,1
-33.47706,-23.432505,0,4
31.078316,-18.280685,3,2
-36.181343,-19.814844,0,4
27.631649,-5.7768226,3,3
-36.776104,16.752615,1,5
-31.081152,32.60645,1,1
-29.5461,59.153248,1,1
-26.463366,-19.141983,0,4
30.05079,11.249883,1,1
-37.506187,-26.291563,0,3
3.6367414,20.728783,1,5
40.670006,-6.793061,3,2
25.16889,8.865086,1,3
6.414864,2.3983922,1,1
-21.493294,-46.51507,0,3
-24.74676,13.483467,1,5
61.43111,-13.019095,2,2
29.767344,-39.47492,3,2
5.3979406,-10.648486,3,3
0.6134756,34.29385,1,5
5.5244145,34.625027,1,5
57.695362,-29.692486,2,2
20.857891,45.174377,1,5
-3.5028262,-11.842207,3,3
20.253563,-30.104519,3,3
-22.47305,-35.691387,0,4
88.67551,-7.618884,2,2
-45.419426,9.224321,0,1
-38.92422,-25.535042,0,4
-4.3077188,50.94666,1,1
9.7797,-26.205511,3,3
-51.87962,-17.814692,0,4
-48.19587,10.540557,0,1
-52.43949,4.037427,0,4
-31.06967,-42.019855,0,4
-7.549461,67.06547,1,1
3.2154205,-30.342848,3,3
-3.9309933,-43.26801,0,3
58.23076,-26.08978,2,2
-0.5114356,-25.372448,3,3
-24.947285,26.265991,1,1
-19.553175,-44.43241,0,4
-19.144838,21.586386,1,1
64.15909,-13.284117,2,2
-13.175226,-32.952915,0,4
51.270157,-15.393487,2,2
-33.6912,48.616566,1,1
-34.8607,-6.6699104,0,4
13.596849,21.725435,1,5
48.88292,-13.197759,2,2
-46.659416,2.3102334,0,5
5.650907,-24.569689,3,3
2.1881084,17.375294,1,5
-26.29117,63.835194,1,1
6.003075,38.58841,1,5
11.322828,26.156933,1,5
2.2066953,0.17656963,1,1
-59.590954,-22.311878,0,4
13.29688,58.333893,1,5
-23.95331,-35.426914,0,4
-37.51881,-45.219715,0,4
-49.08984,-39.83172,0,4
-21.6404,-38.369537,0,4
-24.248299,45.383774,1,5
5.232104,32.906376,1,5
55.064194,-6.3278756,2,2
-3.662815,50.58324,1,5
17.489285,-9.772547,3,3
40.786163,-27.650557,3,2
-21.075085,46.96866,1,1
19.789371,-15.351987,3,3
4.945753,-35.791542,3,3
11.604723,-9.971905,3,3
36.010036,3.875378,3,3
-1.2890558,-35.93065,0,3
-40.246067,2.9546227,0,1
-8.037284,-30.688988,3,3
-31.221277,13.896645,1,3
-21.63508,22.505367,1,1
2.5780292,45.49609,1,5
-56.50579,-10.759054,0,4
-21.408903,22.596716,1,5
-33.458164,-47.490223,0,4
-17.008928,-27.572346,0,4
70.149254,-20.354567,2,2
13.982474,-5.51046,3,2
-20.211603,-34.95782,0,4
-18.90127,-41.147655,0,3
-38.564922,-48.875458,0,4
-7.5060754,-16.442972,3,3
-16.716045,57.17574,1,1
-25.830103,16.58101,1,5
5.380441,41.884132,1,5
-44.27263,-19.236122,0,4
-43.331413,-18.01407,0,4
-41.78611,-27.27822,0,4
8.312093,37.97544,1,5
11.944703,63.50334,1,5
-53.882286,1.9645367,0,1
47.636925,-19.474464,2,2
23.262495,7.3754077,3,3
38.862537,-17.871992,3,3
-46.459923,30.403585,1,1
-13.097831,-31.320488,0,4
18.819572,6.3717604,3,3
-17.026937,58.495327,1,1
16.61048,39.32958,1,5
23.12196,41.821163,1,5
60.063496,-11.771907,2,2
-45.64252,-29.74477,0,4
-7.896068,12.056412,3,5
17.273676,20.597486,1,5
-36.015434,-17.143871,0,4
5.2233624,16.350407,1,5
7.8676257,-16.614143,3,3
3.7021039,-4.34331,3,3
-21.978632,33.770584,1,1
-53.04075,-42.726673,0,4
13.586436,63.569546,1,5
28.204922,-35.091984,3,3
17.209656,31.380165,1,5
34.015404,-1.4105617,3,3
21.55781,-13.619786,3,3
29.454746,-38.973995,3,2
-44.706936,25.69451,1,1
-28.485325,34.89345,1,5
51.74266,-12.803725,2,2
-48.694935,4.4058404,0,1
-19.705677,17.19727,1,5
-10.253426,6.91196,0,5
19.34053,-17.17297,3,2
-9.210237,51.57909,1,1
-19.822268,41.943897,1,1
-11.500216,29.264706,1,5
-40.22803,-42.626057,0,4
-1.375495,32.7715,1,5
-1.1338904,-41.337643,3,3
64.64958,-21.514423,2,2
-34.0243,10.608379,0,1
-18.57186,-54.562927,0,5
-27.339437,-47.54431,0,4
-4.403926,38.47229,1,5
-1.8415538,-9.646672,3,3
27.538815,-16.88051,3,3
-26.26922,63.53827,1,1
-48.824863,32.83184,1,1
-46.8075,0.03615579,0,4
-8.4926195,0.10310563,0,4
38.19266,-5.7184076,3,2
2.7814577,-7.949692,3,3
-45.698723,7.4579663,0,5
-18.372746,31.892899,1,1
-37.073277,29.173021,1,1
-11.627732,17.186178,1,5
4.9228816,-12.086868,3,3
-33.272366,-44.758106,0,4
17.506336,3.7249618,3,3
-32.063187,15.792306,0,1
-38.527653,-15.449475,0,1
-5.732558,45.46828,1,1
-37.82512,-34.17965,0,4
17.379038,37.153896,1,5
47.966778,-12.929699,2,2
73.595085,-12.793187,2,2
-16.80126,47.080208,1,1
37.63617,-19.801254,2,3
38.209858,-34.871735,3,2
18.06309,3.322923,3,3
-17.5664,68.226265,1,1
-40.200756,19.346598,1,5
74.6894,-10.306729,2,2
-46.038895,-36.82109,0,4
30.59934,-11.507046,3,3
-37.335007,-38.470314,0,4
-5.472114,-21.82214,3,5
-41.406723,42.67084,1,1
-28.817253,-43.01646,0,4
36.734272,-32.226242,3,2
-11.812726,-27.614504,0,3
-45.636677,15.391079,1,5
-24.395992,14.132716,1,1
11.339689,-2.042861,3,3
1.0756807,41.335884,1,5
-43.947144,15.142815,1,1
-34.61528,34.640835,1,1
31.837133,-0.76295936,3,3
60.115437,-23.135044,2,2
5.923299,37.111572,1,5
-52.690838,0.60746026,0,1
41.14698,-16.205292,3,2
46.227745,5.4449306,3,2
9.876029,35.280193,1,5
6.0979633,-32.392735,3,3
21.077105,-29.478462,3,3
-2.1698534,-39.187374,3,3
6.857509,-9.2474575,3,3
-13.61151,-22.936453,0,4
-18.2336,-39.300877,0,3
-56.671124,-23.003628,0,4
-1.858482,-43.99746,0,2
-25.890356,-49.02391,0,4
-48.691986,-31.484993,0,4
-14.80015,-11.025759,0,1
-22.125996,52.10134,1,1
75.02472,-15.219562,2,2
-26.789276,-43.6606,0,4
38.26062,-15.431896,3,3
-7.432834,-16.106617,3,3
14.736746,55.275017,1,5
-15.048977,45.169918,1,5
-47.754673,-32.34759,0,4
-28.990189,-25.773754,0,4
-57.613213,-15.380443,0,4
15.880505,27.672903,1,5
-25.490902,62.357487,1,1
15.377964,49.122772,1,5
53.366405,-31.45994,3,2
-53.40888,2.479767,0,1
26.602623,21.33878,1,2
53.25514,3.3197865,2,2
-25.628689,-16.645567,0,4
-14.488707,64.08643,1,5
-21.716505,33.729034,1,1
-27.848751,-30.354168,0,4
-8.048605,-27.816788,0,3
-28.658346,60.397247,1,5
13.695912,-17.518793,3,3
-17.909689,7.5409336,0,5
20.003504,31.654148,1,5
-49.111183,29.350998,1,1
-56.860905,-33.24724,0,4
-35.904964,-16.385067,0,5
-9.292168,-22.126524,0,3
-55.737423,-11.1242895,0,1
76.64207,-2.4504516,2,2
76.93802,-15.281435,2,2
-20.64289,47.575344,1,1
46.95914,-1.5688268,2,2
15.200251,-26.77975,3,3
17.614944,36.761723,1,5
-9.238473,-31.467707,3,3
31.80019,0.5620532,3,3
44.73504,-21.259262,2,2
15.672414,24.387356,3,5
-30.498478,-42.00254,0,4
55.056904,-29.0489,3,2
0.4036377,18.56805,1,5
86.64744,-5.7819114,2,2
-15.632141,50.613823,1,1
-30.945719,36.909744,1,1
48.76665,-27.34884,2,2
9.307011,66.45918,1,5
25.224419,-2.8280835,3,3
-40.265156,5.3031263,0,4
-15.210922,36.879017,1,1
-21.694916,-23.852856,0,4
16.06672,55.50757,1,5
63.26036,-12.729041,2,2
83.282104,-8.036291,2,2
-49.612762,-10.469005,0,4
5.3968964,-34.380463,3,3
-50.979347,-32.445763,0,4
-32.50892,48.623592,1,1
10.23308,-27.841852,3,3
-26.148123,-45.321503,0,4
39.592785,-8.320411,3,2
4.794907,-13.100682,3,3
24.2363,-3.2677946,3,3
69.232254,-5.6443667,2,2
-43.062756,-18.278435,0,4
-2.3631253,-14.890078,3,3
19.083067,29.625843,1,5
-50.964596,19.965033,1,1
-11.706121,19.292793,1,5
25.028063,1.7958822,3,3
-46.523975,3.1156821,0,1
3.1192267,13.5341215,0,5
-5.773244,-35.36513,0,3
36.325302,-32.80092,3,2
-19.589321,-13.914634,0,4
-33.27042,33.031204,1,1
-42.670288,-28.691616,0,4
-37.85075,13.094156,0,1
-17.740788,-49.385098,0,5
61.335472,-9.652413,2,2
16.816938,-26.905706,3,3
39.163074,-34.31263,3,2
-39.451214,-32.46454,0,4
-40.483345,-22.987206,0,4
18.890673,-2.227709,3,3
-13.468376,20.244919,1,1
-13.636642,49.791874,1,1
-13.831144,52.312016,1,5
64.03598,1.7711626,2,2
11.035968,-31.425453,3,3
29.286943,-18.003845,3,2
-14.283991,4.205992,0,5
19.289335,0.47544134,3,3
0.20505142,35.02022,1,5
79.471664,-7.7622886,2,2
80.33179,-6.2697043,2,2
-1.3045301,-37.95057,0,3
-45.98784,36.698708,1,1
2.819604,37.32243,1,5
-13.091633,27.715673,1,5
-2.920869,45.910244,1,5
-20.817167,30.00173,1,5
16.588154,-35.83102,3,3
-4.6211796,-11.712169,3,3
91.71516,-11.281232,2,2
-37.168877,-51.397926,0,4
60.72605,-19.90695,2,2
-15.263902,24.731947,1,1
-43.23588,-46.800518,0,4
-35.954647,-10.9820595,0,1
-26.104927,40.19631,1,5
66.14903,-28.062138,2,2
-36.62543,-53.16831,0,4
9.774469,27.140545,1,5
-34.781464,-54.727703,0,4
-20.282806,-36.71577,0,4
-48.437862,26.159214,1,5
4.774365,-7.3898873,3,3
-3.5177438,58.632175,1,5
-7.2677355,29.137064,1,1
-18.439947,-40.22323,0,4
-30.545212,-7.8398075,0,4
17.88629,55.525543,1,5
21.511604,-13.739552,3,3
-20.698177,49.394527,1,1
-55.251827,-31.076412,0,4
-7.4554224,44.02764,1,1
14.745237,5.720272,3,3
33.872383,4.3204494,3,3
-26.300247,42.002914,1,5
-50.33862,-33.243294,0,4
-31.374807,40.810314,1,1
10.465644,40.828102,1,5
2.5435424,-22.249641,3,3
-14.93202,47.74872,1,1
83.63708,-12.639348,2,2
-20.007141,36.45559,1,1
-38.61948,-25.47566,0,4
10.108614,31.959423,1,5
-8.4005575,30.309612,1,5
53.95513,-11.198665,2,2
-13.661608,0.1467678,0,5
-50.303886,23.191235,1,1
16.00371,-8.891596,3,3
-29.355698,-3.1019835,0,1
18.44573,-20.746288,3,3
-10.9096365,-25.656458,0,3
-28.58864,45.388557,1,1
31.17809,-34.071396,3,2
-44.7561,8.087316,0,1
24.950348,-28.263111,3,3
13.926164,-4.487387,3,3
-1.3049005,-18.446667,3,4
62.308266,2.7947342,2,2
-8.664013,43.743656,1,1
56.433624,-9.414685,2,2
-48.60825,8.497911,0,1
12.761002,22.899553,1,5
-49.3084,21.494974,1,1
-17.44955,23.473576,1,5
30.718143,8.278089,3,3
78.386566,-3.574081,2,2
-25.692608,-34.827457,0,4
7.106276,44.88323,1,5
-25.492632,-47.52957,0,4
0.90169096,36.665154,1,1
66.732834,-25.22488,2,2
-48.030922,-35.0576,0,4
16.322765,37.408604,1,5
21.45393,45.931984,1,5
-21.278059,34.94153,1,1
57.942978,-6.821692,2,2
-30.764164,36.405632,1,1
40.18216,0.061231125,3,3
-41.367496,35.34365,1,1
-17.142757,0.022718344,0,3
15.766708,22.905033,3,5
-22.864246,59.671543,1,5
-17.006012,-51.885437,0,4
-30.07013,-27.14298,0,4
18.82433,-21.023994,3,3
-18.700075,21.777357,1,5
47.110077,-10.820831,2,2
-7.689618,-29.128841,0,4
14.720634,30.052284,1,5
-37.093243,-55.084522,0,4
-50.343952,5.719954,0,1
20.255323,-0.67852,3,3
8.499273,35.523903,1,5
5.0465517,-32.57786,3,3
-23.432877,-33.42997,0,4
75.816475,-15.872196,2,2
-10.284286,6.6550903,0,4
-49.457066,-31.454758,0,4
72.082985,-7.0568385,2,2
-26.335737,54.290348,1,1
-47.594025,-35.050503,0,4
76.85376,-19.230865,2,2
-15.964388,-24.229568,0,4
-10.778151,-42.44274,0,3
7.0969753,-13.787348,3,3
-48.735313,36.88337,1,1
48.36006,-20.585165,3,2
0.64116377,-34.584663,3,3
89.75646,-14.177418,2,2
60.29725,-0.3414445,2,2
43.653732,-23.891632,3,2
58.7804,3.238778,2,2
-19.108751,-11.645916,0,3
-46.51018,-49.551064,0,4
26.262938,-14.728761,3,3
-8.134783,-31.15888,3,3
12.725557,-25.227076,3,3
15.049035,59.094864,1,5
-35.921547,1.8590976,0,5
20.064909,-11.540847,3,3
1.9704347,38.641838,1,5
-6.0883512,12.493772,1,1
18.912971,3.8001122,3,3
-32.6949,5.276335,0,1
70.044945,-5.1977873,2,2
-2.66114,-4.394434,3,4
-15.593294,2.885006,0,5
17.770573,32.96184,1,5
45.42932,-0.5096833,2,3
-17.56954,-12.181067,0,4
54.390945,-18.767204,2,2
9.616922,-36.568317,3,3
67.43197,-22.794367,2,2
-45.556763,-7.4241905,0,4
68.855804,-20.158638,2,2
-46.800877,-7.8347983,0,4
-34.44256,15.178069,1,1
62.998512,-16.996967,2,2
11.429207,28.273539,1,5
-34.48261,51.09207,1,1
9.188914,-15.123477,3,3
-28.262915,-32.23556,0,4
33.929295,-9.645322,3,2
-28.429882,51.132313,1,1
-37.286224,-14.5985775,0,4
-39.537876,-42.389515,0,4
20.510921,-13.645764,3,3
-40.283726,12.928814,0,1
-18.089245,51.0403,1,1
-28.414825,29.758953,1,1
14.645009,41.83262,1,5
28.437346,-25.368492,3,3
10.884986,-12.377345,3,3
-38.381306,29.655249,1,1
-12.362035,24.97981,1,1
-15.895242,-50.684353,0,4
18.761007,-18.254663,3,3
-27.2831,20.311115,1,1
-16.389544,-45.97746,0,4
77.03267,-20.326948,2,2
-22.026758,-45.657314,0,4
-59.709553,-23.799746,0,4
-22.412916,5.2227283,0,5
-7.4353366,-24.847298,3,3
19.235558,-8.024439,3,3
10.7666855,6.1273694,3,1
-9.482012,32.42735,1,5
-3.7913685,-38.44905,0,3
-55.72872,-30.98904,0,4
-43.604942,24.415562,1,1
-39.625843,21.795187,1,1
6.738826,-11.633369,3,3
3.678357,51.808823,1,5
48.834175,-9.552618,2,2
-33.579494,20.27616,1,1
12.214041,-26.5067,3,3
2.785132,66.47131,1,1
14.850627,60.908726,1,5
-49.221813,-29.312263,0,1
-36.473934,-33.460045,0,4
-22.443064,29.333992,1,1
81.30313,-14.8080635,2,2
-48.0662,3.8024266,0,1
-28.44789,-54.603878,0,4
-44.910458,-14.335045,0,4
34.343395,1.1007668,3,2
38.20871,-8.174869,3,2
87.66595,-8.7050705,2,2
12.959311,33.401474,1,5
-46.067066,-10.494387,0,3
28.96471,-11.940454,3,3
49.40176,3.2512848,2,2
-0.3351321,-29.988052,3,3
-29.453384,-47.247112,0,4
54.41331,2.6572244,2,2
17.965647,57.273155,1,5
6.1631002,55.037815,1,1
14.487707,42.374542,1,5
54.54481,-5.583744,2,2
-44.68899,38.724304,1,1
85.0462,-4.5499783,2,2
-7.87165,-32.09637,3,3
-48.206882,-23.40745,0,4
-40.044827,-33.027905,0,4
17.824453,-28.00875,3,3
7.0644336,21.57112,1,5
7.9378176,19.782816,1,5
-28.735888,31.854527,1,1
-23.43832,-36.332,0,4
3.414967,56.002483,1,1
31.91095,4.2210784,3,3
-17.75398,-22.828606,0,4
21.719921,-2.7736657,3,3
-0.87902445,37.602463,1,5
-42.405056,-3.545116,0,1
-18.809952,-0.83714837,0,4
-51.968334,-15.114325,0,4
70.42167,-0.7584797,2,2
7.9759617,-31.258362,3,3
37.261303,-33.939693,3,2
-38.744152,-51.58223,0,4
-36.160408,-36.26576,0,4
60.28431,-27.126574,2,2
-49.158783,-35.918404,0,4
17.032576,-17.822186,3,3
-43.87371,-4.5705266,0,4
51.450565,-2.8883004,2,2
51.87896,-13.067021,2,2
-28.235449,-50.636215,0,3
13.194295,-36.519444,3,3
-12.339503,23.959044,1,1
45.632008,5.1135707,3,2
34.77872,-7.6649847,3,2
-13.890139,68.10744,1,1
-53.070774,-7.708523,0,1
-18.428823,-49.303535,0,4
-42.468857,34.150955,1,1
-4.5452895,60.618378,1,1
17.414623,4.142255,3,3
-30.768213,-0.7019502,0,5
31.21621,-13.403657,3,3
-38.94404,31.660889,1,1
10.197678,55.352585,1,5
-22.59779,41.119793,1,5
-17.873356,-33.843895,0,4
-13.626346,29.230158,1,5
55.51061,-29.144915,2,2
18.600422,-28.990662,3,3
-19.971708,5.366825,0,4
-56.024513,-35.51675,0,4
75.98423,-21.34696,2,2
-37.277992,46.47567,1,1
-5.885713,12.191595,1,5
-24.599903,52.411697,1,1
2.9959285,-7.4383264,3,3
39.188747,-11.3009405,3,2
-20.274307,64.669525,1,1
38.1653,-7.855077,3,2
18.280647,56.89869,1,5
-20.717192,52.709614,1,1
-22.566355,-54.41162,0,4
-23.37436,-19.507286,0,3
-9.632173,62.07121,1,1
38.742897,-26.651154,3,2
-17.562963,67.995674,1,5
54.258377,7.831564,2,2
-23.465937,59.259586,1,1
7.9623866,28.376766,1,5
-18.075922,67.827705,1,1
-35.023197,52.512486,1,1
-29.82754,-18.306936,0,4
60.8635,-24.64938,2,2
-26.50436,58.12001,1,1
9.556468,-36.48347,3,3
-16.107796,61.233627,1,1
53.16164,-12.638582,2,2
18.57139,-10.57634,3,3
74.6773,-14.675716,2,2
22.906847,-5.5979342,3,3
64.5126,-3.2094777,2,2
-3.1264033,64.6499,1,1
8.668679,3.1184707,3,3
-37.97187,11.021895,0,1
-14.561745,3.225661,0,5
-32.526054,-27.686192,0,3
-1.4015669,14.864943,1,5
-4.0986824,18.461,1,5
-5.1647344,62.801464,1,1
-25.446247,53.148106,1,5
36.210747,-6.409903,3,2
78.318245,-14.911051,2,2
-4.6299024,47.662254,1,1
59.179176,-4.4808497,2,2
-30.9051,38.942093,1,1
-40.011234,-0.45879936,0,1
-21.868193,-39.587208,0,3
-16.040165,-32.76407,0,4
-39.310253,-13.410877,0,4
50.071594,-3.966744,2,2
-23.411964,44.014908,1,5
74.40444,-12.237771,2,2
-40.526264,35.353718,1,1
36.60696,-27.370419,3,2
11.732401,-25.743793,3,3
72.33538,-0.6207251,2,2
-12.130691,52.08408,1,1
-0.15551975,-13.553218,3,3
-22.955957,21.101683,1,1
-32.287693,40.58757,1,1
13.6855545,55.888138,1,1
-40.98628,22.44066,1,5
-14.141684,-30.216269,0,4
-26.141306,25.309605,1,1
-49.36023,8.557969,0,5
16.105835,37.291508,1,5
-28.222872,6.777498,0,3
-21.45015,31.91527,1,1
1.5114049,-26.092194,3,3
83.20881,-11.501345,2,2
-12.252064,20.04715,1,5
3.7738094,-21.380972,3,3
-57.35021,-14.893582,0,4
-16.711103,-0.28023568,0,4
-22.648134,16.183542,1,1
-36.65588,-13.508625,0,4
-9.8255625,30.955183,1,5
-1.9678403,5.0813613,3,3
-43.188087,-40.908806,0,4
67.59545,-1.9657428,2,2
50.12017,-28.61723,2,2
89.03295,-8.862303,2,2
-36.44974,33.445866,1,1
14.502599,-2.8526664,3,3
-7.568865,29.029099,1,1
-0.59614867,25.682068,1,5
35.08091,-32.227108,3,2
-13.19873,27.09165,1,5
5.472933,65.26868,1,1
-47.207626,-35.458153,0,4
77.52206,-3.2425377,2,2
-47.41874,7.053147,0,1
77.702354,-5.6996574,2,2
-8.759139,63.12924,1,1
-40.671146,22.551075,1,5
-5.8497996,11.087256,1,1
-46.02911,-7.5783,0,4
-48.77051,28.741156,1,5
13.299413,40.54793,1,5
-46.25202,-48.385944,0,4
17.171318,-13.541511,3,3
30.048775,4.570442,3,3
89.311844,-10.705203,2,2
65.35125,-11.606276,2,2
-12.32788,23.733784,1,5
-47.140995,8.561299,0,1
7.8014536,-36.394516,3,3
-36.82678,-20.878084,0,1
2.0469477,53.937527,1,5
78.6036,-17.296831,2,2
12.716192,-4.107917,3,3
-3.0511074,-28.900234,3,3
2.5647352,-7.8593564,3,3
-52.538757,20.151606,1,1
-28.890625,-26.223518,0,4
16.82711,-2.7278674,3,3
13.846894,-13.053997,3,2
1.4356922,21.094883,1,5
33.72887,-27.563519,3,3
-8.479952,45.52015,1,1
33.150196,-0.086335234,3,3
-5.0584607,62.13183,1,1
58.429832,-29.863926,2,2
8.596043,49.162357,1,5
-14.088143,-26.495674,0,4
25.983656,-5.763324,3,3
-52.876816,-8.58294,0,4
12.439084,-0.72638446,3,3
-27.95928,13.44767,1,4
0.66307205,66.61866,1,1
62.6663,-3.6976147,2,2
-31.329548,-40.87599,0,4
-35.75912,8.985802,0,1
13.09093,-28.042545,3,3
-45.958355,-14.10975,0,4
2.8230894,16.302479,1,5
-19.301966,-32.488094,0,4
-48.87743,-17.138163,0,4
-30.713589,40.021553,1,5
17.484213,53.76501,1,1
-6.582318,41.4776,1,5
-32.056217,9.278879,0,1
24.354057,-18.993414,3,3
-4.4670744,-16.502937,3,3
2.2901547,-25.551537,3,3
35.533836,4.704289,3,3
71.17415,-5.934733,2,2
5.2191143,-7.63857,3,3
40.93876,-28.803316,3,2
58.22667,-21.1812,2,2
-7.8449416,13.258052,1,5
-25.993567,39.432217,1,1
57.294518,0.65433455,2,2
-16.60378,-50.434,0,4
54.34707,8.659055,2,2
9.813323,-28.143744,3,3
11.144925,-20.632545,3,3
-34.404285,-20.371244,0,4
11.274937,-33.61236,3,3
-48.15466,-24.679745,0,4
24.299261,-9.827501,3,3
-28.285925,58.990067,1,1
-53.814518,0.43287867,0,1
-52.917694,-8.340887,0,4
61.916454,-7.452025,2,2
3.070676,20.552057,1,5
-47.732162,-48.365578,0,4
-4.61308,-25.417114,0,3
-35.90653,5.3105674,0,1
14.890717,-11.784047,3,3
35.521324,-16.913479,3,3
-20.981539,34.014,1,1
8.045398,-36.523655,3,4
-27.675476,62.800175,1,5
-57.02986,-12.415022,0,4
-9.6522045,14.418055,1,1
17.97028,-28.372599,3,3
11.422124,63.374195,1,5
34.930267,-34.432213,3,2
39.49335,-16.348627,3,2
-54.622612,-6.6725774,0,1
-39.862366,32.95166,1,1
8.55205,50.094975,1,5
78.835884,-8.541361,2,2
-27.121885,38.020702,1,1
-19.476736,15.783406,1,1
62.68367,-11.884176,2,2
-13.269306,42.05765,1,5
-34.47831,53.889404,1,1
49.247475,-7.9945726,2,2
50.76703,6.9700384,2,2
61.734703,0.52110434,2,2
32.3163,-35.709766,3,3
-42.452816,2.6801667,0,1
-34.127544,-41.41771,0,4
2.2932053,45.995033,1,5
68.44437,-14.61893,2,2
11.536761,-2.1299205,1,5
-28.828072,13.024397,1,1
64.64624,-26.328836,2,2
75.96704,-24.57252,2,2
30.352146,-23.781015,3,2
-26.789886,-50.05772,0,4
-35.463566,22.071983,1,1
-28.039877,-32.465527,0,4
-0.8395149,46.26944,1,5
-20.191168,-50.21732,0,4
-30.953651,53.34683,1,1
-2.4311612,48.115215,1,5
17.065096,37.361862,1,5
-14.66034,26.607286,1,1
-55.836826,-13.382144,0,4
41.39333,-4.8346934,3,2
-51.498966,18.710476,1,5
-42.817387,-35.874424,0,4
-9.637257,23.993141,1,5
-7.8817005,-22.782118,0,3
-37.23434,-8.150394,0,4
-11.028721,-10.826837,0,5
3.8627586,-32.524704,3,3
-50.96396,-41.709984,0,4
-3.2015076,-19.673637,3,3
-39.09736,17.042444,1,1
73.26779,-21.512205,2,2
-52.599987,2.2528644,0,1
83.383995,-5.839667,2,2
49.457184,-1.924699,2,2
46.192196,-19.841911,3,2
-52.645752,-18.315899,0,4
89.01684,-9.979109,2,2
-37.34208,-48.52365,0,4
-43.011337,13.254056,1,1
-0.37925097,-39.96965,3,3
-7.996409,-17.557802,3,3
-10.271291,-0.36886552,0,5
-31.36307,-40.261494,0,5
-52.38433,5.2714767,0,4
-14.272604,2.4935389,0,5
-48.59568,-32.69466,0,4
57.02107,-27.232845,2,2
-49.79986,-40.847675,0,4
-40.38915,0.16916017,0,4
17.046724,-10.55126,3,3
51.6108,-6.751152,2,2
9.581324,26.812435,1,5
84.93845,-6.098821,2,2
35.006546,-23.747433,3,2
-46.451866,-49.03367,0,4
49.086678,-5.2192307,2,2
61.172493,-8.044934,2,2
-45.02892,12.641097,0,1
11.2619095,-22.910076,3,3
-14.585697,53.96458,1,1
1.6546625,12.574334,0,5
72.132576,-7.9058547,2,2
14.919046,44.458244,1,5
43.622246,-31.224716,3,2
-48.620106,-13.420052,0,4
-13.518947,-29.211388,0,4
-43.598736,11.171937,0,5
-24.08553,39.501644,1,1
39.734627,-35.38429,3,2
4.5460873,-35.83325,3,3
-18.387018,8.280294,0,5
56.105072,-4.525308,2,2
27.844553,-1.7091199,3,3
84.626274,-12.190807,2,2
28.588812,-19.551971,3,2
-37.328167,-48.195835,0,4
69.58683,2.0248375,2,2
-46.229836,30.576952,1,1
56.974762,-17.811937,2,2
88.84779,-6.196494,2,2
36.38577,-31.584396,3,2
21.338966,-24.79653,3,3
-17.44999,51.93331,1,1
-53.276352,-35.30659,0,4
-24.545137,58.59626,1,1
42.571007,-27.400648,3,2
54.08057,1.1999074,2,2
-3.9577386,45.80036,1,5
-13.395392,51.536102,1,5
75.30255,-12.889615,2,2
-0.452839,-21.076572,3,3
3.029828,13.49308,0,5
85.2398,-15.05469,2,2
17.796387,30.067833,1,5
6.4502387,-3.8621957,3,3
-2.1034086,47.615547,1,1
-42.87358,26.438421,1,1
-31.340378,-39.644314,0,4
-56.454464,-32.745377,0,4
11.292272,18.34516,0,5
-21.402386,31.703045,1,5
17.981165,-27.179468,3,3
44.24645,-16.263084,2,2
53.093826,7.33261,2,2
-38.34521,-22.240564,0,4
12.096765,-3.6797373,3,3
-20.917376,55.221794,1,1
-35.423397,-24.43916,0,4
13.9569645,-19.9037,3,3
-49.309105,33.366287,1,1
26.620853,-0.88605934,3,3
80.853195,-7.4753566,2,2
-30.627762,-18.988886,0,4
-17.29791,-52.077637,0,4
11.592897,45.95809,1,5
20.30442,34.565716,1,5
-5.2985387,-24.884857,3,3
-32.660244,19.937468,1,1
-7.957324,19.820492,1,1
39.159325,-18.553846,3,3
7.883455,40.326088,1,1
-23.687168,29.405699,1,1
-10.111007,29.85873,1,5
-50.725346,21.432009,1,1
49.888218,-12.638386,2,2
-39.99521,-41.984364,0,4
-4.910107,55.085938,1,5
-39.74928,31.583687,1,1
33.74097,-7.925831,3,2
-8.849352,0.8590686,0,5
9.328805,39.962986,1,5
-17.838783,39.658493,1,1
-16.398193,-45.654083,0,4
-27.19544,57.594067,1,5
-25.40709,58.484055,1,1
-15.481726,5.9130387,0,5
89.202995,-13.380686,2,2
-36.432415,-3.3507674,0,1
-6.0671563,-31.27876,3,3
62.191986,6.0120163,2,2
17.088768,32.801678,1,5
-17.526062,47.85289,1,4
-11.010119,26.550655,1,5
-43.999687,7.7596493,0,1
24.804716,9.6093,1,3
-25.455126,-0.91913056,0,5
25.172947,-19.692862,3,3
-39.626865,-21.543413,0,4
-3.347115,42.477306,1,5
-36.598896,-5.1423335,0,1
9.172418,45.8942,1,5
56.76503,2.9710333,2,2
-44.035187,-7.409469,0,3
-5.9084897,63.059746,1,1
-9.04164,30.064415,1,5
-30.992655,45.80544,1,1
37.62526,-17.977259,3,3
4.1850123,42.817226,1,5
9.477541,23.321697,1,5
14.09589,40.609844,1,5
-31.661629,-5.319783,0,5
-3.641514,13.95655,1,5
55.138237,-29.042425,2,2
19.562366,47.909603,1,5
52.99755,-22.545069,2,2
63.037674,-1.7381687,2,2
51.834896,-18.879265,2,2
7.4896564,35.43487,1,5
1.1630024,62.615524,1,5
-32.561024,-36.08846,0,4
72.11745,-15.980591,2,2
-19.6118,44.26406,1,5
-0.64559054,-6.6458354,3,3
-1.783351,20.5826,1,5
-9.284728,52.299347,1,1
58.26703,2.0493147,2,2
-37.662033,-21.00286,0,4
-9.400385,61.51683,1,1
48.66104,-28.253326,3,2
-55.66965,-8.223461,0,4
51.406754,-18.231014,2,2
-36.116463,-51.829742,0,4
0.9637785,62.145947,1,1
-3.008095,62.112804,1,1
-11.433105,0.840717,0,4
-22.781544,2.9248214,0,4
-45.967472,40.239403,1,1
39.21339,-8.281883,3,2
10.8036375,31.7162,1,5
31.948395,-5.6227856,3,3
-7.3814545,-34.152634,0,2
42.134285,-34.373703,3,2
57.455315,-0.13480622,2,2
-1.841511,5.457156,3,3
-4.763826,-17.66256,0,3
32.622353,-0.1965247,3,3
-50.1011,1.8116269,0,1
-18.961248,-52.978775,0,4
11.303054,57.375492,1,5
-42.327534,-14.598438,0,1
-49.89739,32.564808,1,1
0.9440924,63.284794,1,5
77.320496,-7.166147,2,2
15.096739,30.548212,1,5
-27.976076,41.278297,1,1
3.7406826,-31.933746,3,3
-34.699585,6.025681,0,1
-53.23001,-15.620825,0,4
-32.037964,-26.169497,0,4
43.55553,-24.543556,3,3
-40.374,12.881903,0,4
-42.132835,18.692287,1,1
-7.623893,-28.179577,0,3
-44.235676,9.362325,0,1
-5.723111,33.550358,1,5
21.349743,-33.863674,3,3
18.761604,-4.831127,3,3
14.217416,-0.92141914,3,3
19.77243,-11.40911,3,3
-35.77765,44.282703,1,1
-3.9691932,34.0337,1,5
62.032494,6.0063505,2,2
-10.652062,56.596104,1,1
-29.804638,-18.319244,0,4
-30.735172,-8.410593,0,4
-25.809074,39.19914,1,1
-39.52673,-52.621403,0,4
-5.222559,57.204483,1,1
-17.189247,-21.209885,0,3
-24.068878,45.624096,1,5
85.023506,-3.1291769,2,2
24.573587,5.1479197,3,3
-33.98197,-14.711113,0,4
-51.430054,-38.456657,0,4
31.073416,0.53655064,3,3
2.5762675,34.2233,1,5
4.1066203,-12.983152,3,3
11.498957,-6.092361,3,3
-23.968725,46.722244,1,1
53.062435,-8.753578,2,2
-54.985012,-10.596332,0,4
18.856539,53.4499,1,5
-30.448206,-7.99616,0,4
57.037308,4.595058,2,2
1.7803891,28.700184,1,5
-45.672913,-23.021341,0,4
14.965928,28.554716,1,5
1.7594831,-21.616596,3,3
5.7008653,-0.4469311,1,3
76.07731,-6.179296,2,2
9.273519,-27.677002,3,3
12.363406,21.925098,1,5
85.9215,-12.605937,2,2
-6.7462964,33.918633,1,5
13.65128,-15.436401,3,3
20.877409,39.357445,1,5
14.78316,21.804024,0,5
7.36624,-31.411133,3,3
26.952328,0.016301367,3,3
-35.178856,-50.750137,0,4
-17.565454,65.1808,1,5
-34.745895,-27.54744,0,4
-28.0307,-25.15042,0,3
-31.68013,9.417525,1,5
-41.398705,-26.889566,0,4
-49.25601,-10.82438,0,4
17.002628,42.98107,1,5
37.687256,-36.02822,3,2
41.07042,-8.656661,3,3
14.2319765,-26.209412,3,3
18.816593,-10.931525,3,3
-41.777252,-46.349297,0,4
16.512005,-15.346277,3,3
-27.947834,31.300388,1,1
7.1075807,62.847878,1,5
-41.214123,40.6269,1,1
7.458764,33.80264,1,5
-18.667538,-56.327286,0,5
56.34429,-7.5506425,2,2
73.76365,-21.946972,2,2
88.29189,-15.221111,2,2
-43.850533,7.7800164,0,1
19.342844,-11.616405,3,2
-2.4271088,-27.559391,3,4
22.611473,-9.390737,3,3
-18.7023,52.111412,1,1
-25.868855,5.109111,0,1
-60.673393,-23.892096,0,4
-51.679157,28.72644,1,1
85.154076,-4.3973727,2,2
-35.43558,-47.45607,0,4
-27.003628,-17.877346,0,3
-17.864462,35.6028,1,1
16.160849,-37.643623,3,3
-11.584222,3.8626957,0,5
9.687711,8.874436,1,2
5.889613,61.241547,1,5
-46.41453,-14.719971,0,4
-9.635703,62.630314,1,1
1.8283153,-37.036728,0,3
19.973274,39.668343,1,5
-18.931376,2.0149624,0,5
-51.289005,-16.222511,0,4
19.017124,-18.350435,3,3
-43.565952,-2.924741,0,1
-57.762024,-15.656829,0,4
62.392776,-12.723775,2,2
14.540649,60.401394,1,5
25.685635,-0.15992257,3,3
-42.08269,28.527649,1,1
-41.12388,-44.979332,0,4
70.94417,-14.540893,2,2
4.8271275,24.6209,1,5
25.014637,-1.1330032,3,3
-7.94066,-22.840631,0,3
24.222733,-29.844774,3,3
-58.775394,-23.4868,0,4
-46.77885,-11.869095,0,4
-42.966637,-26.89138,0,4
54.252148,-31.329216,3,2
61.243614,-29.087696,2,2
12.394512,26.035656,1,5
-47.279057,30.254372,1,1
-3.6941519,-19.560144,3,3
-40.523388,-44.05623,0,4
-17.192156,-42.972527,0,4
-27.251997,20.424974,1,5
-27.509708,-37.513645,0,5
13.006164,26.04872,1,5
19.606966,37.516193,1,5
-10.240231,24.706099,1,5
-6.7525597,33.386208,1,5
20.09685,6.27434,3,3
10.017869,-14.527892,3,3
34.083115,-0.8703006,3,3
-5.817834,-37.80335,0,3
50.601578,-21.625366,2,2
-1.782347,35.459747,1,5
-45.448006,-33.51039,0,4
47.034138,-3.3455942,2,2
-47.933857,-8.425831,0,4
-45.86265,-24.778162,0,4
67.49537,-3.9363403,2,2
2.1976101,55.5563,1,1
30.992222,-24.49003,3,2
-33.36035,24.064186,3,1
-30.38515,45.708286,1,1
-5.9234314,-9.486276,1,3
55.609295,2.6850019,2,2
7.3855166,-10.363609,3,3
25.573954,-5.9095607,3,3
14.825225,-23.259516,3,3
-38.779076,-15.032974,0,4
-17.380526,-54.009647,0,5
35.64328,-38.531654,3,3
55.324905,-4.520241,2,2
-41.060135,-15.29064,0,4
-16.034636,-51.569347,0,4
16.430317,-24.224014,3,3
9.870427,63.837437,1,5
-19.853285,-40.276653,0,4
39.204514,-11.219483,3,2
20.252558,39.88113,1,5
17.753004,-34.12046,3,3
32.053314,-38.486652,3,3
-19.888504,62.78501,1,1
40.493317,-34.175133,3,2
-48.765762,22.671164,1,1
59.81065,-27.08741,2,2
-49.01078,-43.064404,0,4
-19.247902,44.48067,1,5
-21.899782,62.273304,1,1
1.2472473,-9.343648,3,4
85.970535,-15.912075,2,2
-30.456566,-3.967977,0,5
83.60865,-16.219994,2,2
66.64581,1.7081482,2,2
-21.084599,-37.542133,0,4
-50.102764,-45.465412,0,4
-29.785648,-55.466896,0,4
-12.511262,1.3591609,0,5
46.20467,-17.535866,3,2
-45.30655,-40.370598,0,4
22.071413,-6.808401,3,3
-48.24566,11.713902,0,1
-7.451116,7.090523,0,3
-48.93321,-30.67452,0,1
16.760372,36.323326,1,5
26.5833,-38.654842,3,3
22.72152,-5.319829,3,3
-33.38239,7.3765044,0,1
4.4829698,18.172226,1,5
-11.764492,-41.472935,0,3
-20.12329,24.095963,1,5
-26.468,-0.79002595,0,5
67.90968,-10.015675,2,2
36.314827,-10.993586,3,2
-11.538088,55.57973,1,1
25.82792,-5.4605665,3,3
-25.04816,17.223423,1,1
-25.644938,9.532169,0,5
-26.51747,14.358012,1,5
24.539856,-29.241884,3,3
6.273869,-30.811285,3,3
-18.518808,-11.223779,0,3
32.277283,-1.6275578,3,3
46.490566,-8.833223,2,2
-55.825424,-6.542767,0,1
66.64348,-10.405885,2,2
-12.523232,56.112366,1,1
-17.799265,-44.45378,0,4
82.65832,-11.117248,2,2
-60.9112,-23.714863,0,4
-30.686037,53.035065,1,5
-47.85544,-29.912037,0,4
-8.47653,-36.11828,0,3
-11.086425,-29.203838,0,4
-34.971798,17.651669,1,1
89.368256,-9.49486,2,2
33.469376,-32.202152,3,2
-48.628876,-17.418928,0,4
-51.814594,23.048962,1,1
-39.079582,-40.10083,0,4
-24.15227,17.705227,1,1
62.911137,-12.475902,2,2
-37.66483,24.942896,1,4
-37.027634,33.099857,1,1
72.313255,-5.880972,2,2
-0.8343327,-14.216226,3,3
-40.916393,4.2052965,0,4
24.512672,-27.678774,3,3
-12.271387,6.573897,0,5
-10.653304,44.332455,1,1
-24.044569,40.488155,1,5
-21.7462,35.92766,1,1
-26.964327,-28.484673,0,3
-5.1227865,66.45524,1,1
2.0059092,13.480975,0,5
-11.774107,32.696003,1,5
87.911415,-9.424185,2,2
-16.334051,44.49586,1,5
20.717196,-0.7848406,3,3
-33.769264,26.60801,1,1
19.537912,31.693144,1,5
-40.93603,-4.058959,0,4
-23.57617,31.914034,1,1
49.865986,-22.154957,3,2
15.928548,50.995926,1,5
23.394999,-25.92101,3,3
-53.65435,-35.710075,0,4
-10.483799,15.304898,1,4
81.00415,-5.485996,2,2
-37.08514,25.584751,1,1
-19.991325,-32.64029,0,4
54.61304,-1.1734104,2,2
-28.509491,6.724901,0,1
-20.749546,-55.178528,0,4
78.183655,-22.236984,2,2
62.795376,-26.628523,2,2
12.62357,-20.033043,3,3
16.58114,-19.050756,3,3
33.770576,0.9498565,3,3
14.621183,6.7474284,1,3
16.381212,50.052017,1,5
-3.095288,29.974678,1,1
-12.349631,53.84177,1,1
52.58065,3.315253,2,3
-29.14765,-8.36336,0,4
35.76622,-7.647295,3,2
18.639591,34.13801,1,5
30.717943,3.2280302,3,3
-7.861315,16.328732,1,5
20.789463,-24.475454,3,3
-27.707436,60.430435,1,1
-42.52315,27.616974,1,1
-25.575384,-38.727978,0,4
64.71559,4.202128,2,2
89.021904,-13.504165,2,2
-51.449318,-19.371964,0,4
2.8409579,24.134172,1,5
1.9308273,-32.53291,3,3
14.358525,50.327396,1,5
-12.241764,1.5667435,0,5
10.7012005,59.40703,1,5
-15.164495,20.339098,1,5
-47.80308,-8.035149,0,4
56.14646,-6.310486,2,2
-22.366035,-46.71665,0,4
-26.872334,59.03139,1,1
15.700475,-27.8272,3,3
-4.793612,38.582157,1,1
53.928062,-10.353758,2,2
-37.25385,-13.125568,0,4
-27.613642,-33.190422,0,4
24.824444,-5.133279,3,3
24.02657,-2.5059597,3,3
-13.921553,46.697617,1,1
64.63041,-7.6907215,2,2
13.71132,54.77226,1,5
-45.9372,-44.77095,0,4
-17.921837,-11.398166,0,4
76.36531,-17.42988,2,2
-40.007294,32.74939,1,1
-16.125608,32.668648,1,5
47.461464,-1.4040128,2,2
-57.870743,-21.958626,0,4
-46.96239,-25.448927,0,4
0.5329856,-17.27048,3,4
70.0774,-3.1493065,2,2
17.982515,4.4024315,3,3
69.07565,-9.624831,2,2
-14.003746,53.85286,1,1
-19.080471,-0.8196263,0,4
76.63968,-19.910786,2,2
-27.472904,-16.711203,0,4
-17.538776,-25.70672,0,4
67.886154,-6.2580657,2,2
48.906113,7.3679624,2,3
-23.446737,43.05439,1,1
-39.271996,8.637368,0,1
16.311909,1.9250005,3,3
-9.449079,34.686142,1,5
61.767162,-6.648084,2,2
-1.8971486,14.429526,1,5
65.98031,1.1241118,2,2
30.215813,-37.43107,3,2
44.18468,3.043514,3,2
-37.58192,9.7879925,1,1
-16.058111,-51.195107,0,4
-10.98978,-20.362827,0,3
-0.65850145,24.684896,1,5
-8.289489,-45.290733,0,3
7.928278,-33.113396,3,3
-56.14092,-32.454365,0,4
14.684917,-36.22103,3,3
-43.020947,5.2567253,0,1
-14.602099,29.594555,1,1
59.366364,0.18944474,2,2
14.208579,52.39672,1,5
18.773424,45.77048,1,5
2.890232,-18.27094,3,4
-15.579874,66.75328,1,1
-40.43094,-36.0062,0,3
11.507982,45.62461,1,5
19.453121,4.3656173,3,3
-39.81334,-33.386326,0,4
19.998974,33.964027,1,5
-61.26398,-23.237656,0,4
79.2412,-9.294225,2,2
-20.294188,-32.488758,0,4
-33.218853,-10.273742,0,5
-44.57536,-32.728493,0,4
-40.425327,-40.788284,0,4
26.776617,-32.357357,3,3
-40.73542,11.7401495,1,1
54.15716,-4.140665,2,2
86.05801,-8.627078,2,2
78.632614,-22.21497,2,2
-4.899168,-36.406895,0,2
-25.6045,25.515833,1,1
-22.260984,19.221695,1,5
1.336084,23.325748,1,5
45.962456,-23.243805,2,2
-14.396582,30.364876,1,5
-36.509754,3.597273,0,1
-49.29958,-16.036362,0,4
-47.36184,39.050014,1,5
17.006903,6.9108167,3,3
-53.899216,-20.093191,0,4
50.63681,-27.66713,2,2
19.866146,-15.738397,3,3
-10.56517,58.634335,1,5
-40.976467,-13.142957,0,1
32.166782,-7.849107,3,3
-6.456658,55.88777,1,1
-28.967718,0.43474436,0,1
42.281487,-17.33834,3,3
-12.819005,-44.39852,0,3
21.115036,47.291073,1,5
7.656853,49.400955,1,5
-20.191454,52.556053,1,1
-0.051617976,20.489962,1,5
6.6257095,36.64341,1,5
3.6859462,42.743988,1,5
-18.865137,13.50051,1,5
-28.72565,34.01138,1,1
-33.229996,29.210518,1,1
11.634302,27.98512,1,5
-30.221043,32.496395,1,1
24.64268,10.219687,1,3
-30.450033,-23.8562,0,4
-52.50004,-19.156439,0,1
-44.21944,-9.259357,0,4
-14.087662,53.625492,1,1
-30.496128,-34.52884,0,4
62.299232,-1.8571761,2,2
-10.501493,21.041271,1,5
-3.1074946,-21.39578,3,3
32.56568,-5.788978,3,3
-28.999989,6.996296,0,1
57.76211,-7.103771,2,2
-48.84774,-38.012802,0,4
-37.919884,-25.708391,0,4
-7.985279,27.821302,1,5
19.069397,-21.58757,3,3
53.66481,1.1819748,2,2
40.136906,2.3852334,3,3
19.032536,-31.944414,3,2
-7.2085986,6.920061,0,3
-50.208725,-15.376098,0,4
-11.340633,41.639843,1,1
-22.962189,-50.95084,0,4
20.735922,-13.489414,3,3
-28.696709,14.7045965,1,4
11.405566,29.602123,1,5
56.58639,-15.201703,2,2
-40.98715,6.6236424,0,1
-24.71924,-4.170183,0,4
-37.120224,-43.71441,0,5
46.024094,-2.3846927,2,2
1.3498751,-42.705105,3,2
57.033913,1.319954,2,2
-12.035635,31.645613,1,3
-26.181746,-51.5202,0,4
-24.07987,58.77795,1,1
18.414902,-9.380516,3,3
-17.085318,-42.197765,0,3
13.3009815,-3.1762981,3,3
-38.343166,-46.807674,0,4
-38.77529,31.350882,1,1
-28.36741,-41.94058,0,4
-29.236795,22.492123,1,1
-44.545994,9.052594,0,4
23.969204,-6.356091,3,3
-19.0588,55.20877,1,1
-43.720375,-7.184188,0,4
34.566265,-37.445293,3,2
27.140299,-32.27412,3,3
46.239536,5.6026826,2,2
-40.474815,-47.988724,0,4
3.7254393,23.401861,1,5
28.19429,7.025738,1,2
16.291796,47.15687,1,5
-51.24139,-13.8112545,0,4
-19.888834,-38.970795,0,4
-8.940957,-20.17371,0,3
-32.5345,43.12074,1,1
64.10021,-21.211014,2,2
20.649742,0.32260296,3,3
-4.4669123,-37.15937,0,3
-51.47092,18.246378,1,1
-28.36371,5.6623735,0,5
-0.68375343,64.56147,1,1
-10.032042,42.33483,1,5
-12.327734,-27.040775,0,4
-47.714336,-8.589088,0,4
-12.696844,13.148332,1,5
0.018371046,-29.089256,3,3
16.638292,0.25302604,3,3
7.565296,31.470825,1,1
60.212353,-3.7790263,2,2
3.6389806,22.219378,1,5
13.411759,-21.618967,3,3
84.973816,-8.925951,2,2
46.196476,-25.845032,2,2
8.227134,37.706833,1,5
25.406628,-10.989215,3,3
-7.959964,-34.387215,0,2
-57.220917,-10.14951,0,4
50.9801,-4.6214366,2,2
-54.03548,-3.317977,0,4
9.262936,56.964466,1,5
-44.44477,-46.41235,0,4
60.368015,-0.40210745,2,2
31.565928,-7.313149,3,3
9.66667,-24.85247,3,3
-49.407734,-15.923785,0,4
-41.07377,-12.937503,0,4
20.147785,40.9523,1,5
2.790164,-9.512962,3,3
-44.389736,-41.96268,0,4
-14.752894,24.201618,1,1
-32.31418,30.260162,1,1
-8.701382,69.292885,1,5
-14.878551,35.532127,1,1
0.6910038,39.300953,1,5
-16.359726,-53.364693,0,4
12.434035,23.064384,1,5
-45.654655,36.74971,1,1
1.8059093,39.231445,1,5
-33.81655,9.859901,0,4
50.510124,5.9625716,2,2
-24.952972,13.321518,1,1
-24.164927,39.96425,1,1
61.618073,-2.78424,2,2
27.407137,-4.348848,3,3
-52.256424,0.4103258,0,4
-27.959257,62.651928,1,1
2.0548477,40.88481,1,5
-13.370607,20.114773,1,4
42.61976,-32.90987,3,2
-20.451065,-23.33241,0,3
-8.617431,43.911472,1,1
-35.545837,9.302596,1,1
13.635328,55.248085,1,5
20.58201,-19.344578,3,3
60.27903,-21.74207,2,2
-34.23941,-42.194965,0,4
-49.789516,-30.850952,0,4
-11.255083,17.37886,1,1
60.50479,-19.921198,2,2
-36.233246,5.439427,0,1
-37.447517,-39.505966,0,4
-53.83191,-13.31397,0,4
-5.2103744,58.00563,1,1
-33.156113,55.50944,1,1
34.73105,-8.985782,3,2
11.863119,-30.09225,3,3
32.764576,-31.763523,3,2
38.184093,-17.619482,3,3
-21.440563,-26.61147,0,4
55.715816,-26.103296,2,2
69.72477,-22.454788,2,2
-51.564713,29.161465,1,1
-37.18451,-47.992313,0,4
-10.806754,-34.622414,0,3
61.288296,-23.634096,2,2
-37.671326,-34.318645,0,4
-3.7974076,65.93769,1,5
65.23501,-29.037243,2,2
-39.053234,16.642336,1,1
-30.961834,36.33087,1,1
75.73514,-3.9825528,2,2
49.52562,-21.78787,2,2
51.25016,-7.8848557,2,2
18.510445,3.7856336,3,3
59.56462,-20.560225,2,2
-28.76451,10.858299,1,1
16.27074,24.991646,1,5
81.37439,-15.709043,2,2
-44.846504,-18.058119,0,4
-47.408703,8.849518,0,1
4.453669,18.252089,1,5
65.67071,-25.113693,2,2
19.924896,-15.517179,3,2
-54.515766,-29.014305,0,4
35.603386,-36.785492,3,2
-46.51807,-28.15233,0,4
-23.980381,46.20379,1,1
31.180729,-36.82781,3,2
-29.075413,34.82296,1,1
-49.780613,26.293581,1,1
-17.310791,55.4109,1,1
4.034987,-10.061316,3,3
16.658136,37.197544,1,5
-26.9004,59.620525,1,1
-15.463255,-53.37084,0,4
82.2195,-16.194124,2,2
-0.9797194,65.51317,1,5
-18.006666,68.31283,1,1
-4.8643293,55.331036,1,1
5.2767096,54.349415,1,5
-40.372658,-30.400482,0,4
-49.46931,-37.713886,0,4
-10.27125,0.43595782,0,5
25.600204,-11.107932,3,3
72.24407,-15.862978,2,2
28.789406,-22.591864,3,2
-46.62126,-18.450577,0,4
1.2916719,52.325756,1,5
-12.076693,-1.0258359,0,5
-38.565056,-26.463432,0,4
85.715385,-6.565126,2,2
5.63948,-33.050114,3,3
-2.9539526,14.790312,1,5
35.11157,-30.385033,3,2
-12.250682,49.80551,1,1
-43.46329,19.978846,1,1
-45.11652,0.91563,0,1
13.209388,34.154278,1,5
-41.547173,-46.28944,0,4
-17.035978,-44.215607,0,4
-29.56145,22.116447,1,1
-33.774853,26.070522,1,5
3.0752578,16.639208,1,5
-28.581419,-45.466034,0,4
-36.755875,30.723856,1,1
-42.40727,-51.467503,0,4
-4.0103984,-19.261095,0,4
14.185059,59.388355,1,5
6.77536,39.237568,1,5
13.331512,-23.376982,3,3
8.910575,-24.069838,3,3
-40.48436,1.4386497,0,5
20.987612,34.940487,1,5
-10.413471,42.13754,1,1
-14.959456,31.829166,1,1
15.357081,32.46933,1,5
28.306238,4.17262,3,3
59.126606,-7.315773,2,2
-15.917875,-27.47187,0,4
-25.119434,59.349796,1,1
19.462818,-18.226809,3,3
13.504218,32.803436,1,5
-53.741695,-30.44195,0,4
21.210909,-9.322013,3,3
-17.281658,0.86020833,0,3
21.83529,-14.171321,3,3
74.11666,-21.824389,2,2
10.412951,53.494137,1,5
13.816702,27.13105,1,5
-26.861668,-22.022518,0,4
-14.526764,34.263474,1,5
59.57941,-30.750416,2,2
25.151497,4.9755898,3,3
35.29236,-5.9097195,3,2
-52.194035,19.816668,1,1
-21.738829,29.322895,1,5
13.140432,58.386513,1,5
7.277898,45.249542,1,5
-19.430908,18.443829,1,5
-1.7454159,28.660557,1,1
22.178345,44.43689,1,5
-3.1204455,16.592657,1,5
59.34099,-21.177933,2,2
13.183774,38.60607,1,5
11.3228655,38.666058,1,5
-0.43609345,40.497986,1,1
-41.634777,19.220247,1,5
-37.129627,-55.25193,0,4
13.357792,65.11878,1,5
-52.563927,6.266368,0,1
6.3236732,3.14528,3,1
-45.649563,-5.169473,0,4
0.38957363,66.95017,1,1
-25.523548,30.389996,1,5
13.47124,-15.685939,3,3
21.63457,36.41928,1,5
57.114452,-8.900462,2,2
-29.6336,-45.279297,0,4
37.249695,-30.342388,3,2
-41.20458,27.246786,1,5
-5.229331,69.13676,1,5
29.251133,-35.18395,3,2
71.030075,-23.222034,2,2
11.040373,-34.84557,3,3
17.282978,5.231446,3,3
-20.631079,64.536896,1,1
0.3159977,65.46382,1,5
5.1072874,-27.498821,3,3
30.721087,-11.749986,3,3
-2.8275533,37.216698,1,5
-54.882496,-7.277387,0,1
-9.344958,51.464672,1,1
5.080591,33.408535,1,5
23.23128,3.3037634,3,3
-25.787424,59.434357,1,5
37.411865,-2.9972725,3,3
82.90394,-7.9889097,2,2
-46.27605,13.121781,1,1
-17.333847,64.868195,1,1
19.215393,-29.589762,3,3
-49.374622,36.069496,1,1
-8.409678,51.84871,1,1
-48.325424,28.545374,1,5
-37.14121,11.882988,1,5
78.09095,-10.013428,2,2
7.0542665,6.4873996,1,1
-30.200108,11.754385,0,5
-18.850876,64.642166,1,1
5.1439185,50.490204,1,5
18.590952,-26.54698,3,3
-37.60537,-24.138453,0,4
10.259254,47.72899,1,5
-26.827805,-52.870216,0,4
-27.635515,33.099506,1,1
-31.988026,-2.0738368,0,4
16.234295,42.08293,1,5
-47.404995,15.277861,1,1
47.240704,-24.907005,3,2
-8.931169,52.86359,1,1
-26.4218,-19.029518,0,4
55.710983,-16.15684,2,2
5.8597164,19.970707,1,5
15.875672,39.34691,1,5
35.959587,-17.1147,3,3
40.8952,-19.753477,3,2
13.429322,47.914124,1,5
-21.764946,-40.626175,0,4
-21.255184,33.49083,1,1
37.202,-31.821894,3,2
-14.329696,24.542614,1,5
77.87861,-10.56557,2,2
-53.71511,-38.7162,0,4
60.518284,-17.025406,2,2
-44.08937,-41.421963,0,4
-27.578335,-54.843693,0,4
73.92257,-5.6009254,2,2
20.995949,46.57638,1,5
-2.850114,29.929663,1,5
-49.0324,-11.532751,0,4
4.658993,47.836784,1,5
-3.5128043,28.82878,1,5
-52.133583,-39.46392,0,3
23.208725,-10.233519,3,3
64.01133,-14.394711,2,2
2.464388,16.364143,1,5
14.662745,61.111744,1,5
-43.78411,-4.6675224,0,4
84.16148,-17.26757,2,2
81.41703,-13.563399,2,2
-21.324915,32.135616,1,1
-21.852974,-35.869133,0,4
-36.80267,0.9693702,0,4
-27.711834,29.51266,1,5
-13.491896,-23.056921,0,4
-13.589615,-38.09252,0,3
-14.9822445,-43.13602,0,3
11.478496,54.58862,1,5
-26.405245,-22.603502,0,4
26.618069,21.337725,1,2
13.168586,65.50788,1,5
-18.433083,-21.647188,0,3
7.4428616,1.0871596,1,3
4.736527,33.348495,1,5
2.4223125,37.667217,1,5
68.53278,-4.780794,2,2
5.7864876,59.20116,1,5
62.691864,-26.543224,2,2
-10.339887,-29.462015,0,3
65.64793,-23.974625,2,2
-55.936447,-13.160312,0,4
-7.1663103,65.86389,1,1
60.078278,-9.255288,2,2
-44.90973,-14.32198,0,4
-32.467617,7.212548,0,5
-6.248999,55.92398,1,1
-30.234741,-1.1576835,0,5
-27.082033,53.937813,1,1
81.03061,-4.965536,2,2
-30.306599,53.249317,1,1
-30.769867,45.59562,1,1
68.84638,-10.399995,2,2
60.456264,-29.817698,2,2
-26.547646,47.093414,1,1
20.871828,39.508762,1,5
-38.56174,-48.41667,0,4
13.288169,65.407715,1,5
-22.158848,-23.202356,0,3
-9.981026,30.761097,1,1
-29.174387,52.298042,1,5
10.345279,6.318128,1,3
-19.525032,9.38873,1,5
27.88077,-4.1815047,3,3
-44.70625,6.2510757,0,5
23.862965,-4.122136,3,3
-17.183933,5.8945546,0,5
14.182553,-2.7975466,3,3
-10.445838,57.149464,1,1
6.473925,57.428844,1,1
2.8037312,34.15534,1,5
-47.1653,-36.70693,0,4
-36.149628,-38.185204,0,4
69.3299,-25.038591,2,2
18.9072,44.47884,1,5
-24.91853,-28.653936,0,4
-31.510685,-30.404871,0,4
49.010105,-22.677937,3,2
26.15216,-22.866117,3,2
-13.608815,18.8339,1,1
-26.23873,32.395634,1,5
14.32723,52.9028,1,5
-19.386244,30.74038,1,1
-25.042633,-52.391926,0,4
20.876665,-1.8200829,3,3
28.898062,2.3734894,3,3
28.603003,-33.07711,3,3
-23.336542,18.449497,1,1
44.02444,-27.879322,3,2
6.2926064,47.184967,1,5
28.822935,-35.6154,3,3
-55.27229,-31.11338,0,4
12.305899,56.267822,1,5
6.9325967,-3.8630736,3,3
-10.251847,-1.5416307,0,5
-1.8122514,28.88997,1,1
-50.196007,-19.318228,0,4
3.062352,-0.7203483,3,4
19.184572,28.650417,1,5
-50.265194,31.58188,1,5
44.765427,-32.37792,3,2
2.188254,61.646313,1,1
64.34878,-12.521842,2,2
-40.879658,25.607298,1,1
64.31391,-13.126526,2,2
25.645006,-21.632757,3,2
-3.4047236,8.385203,1,3
-40.829243,-36.299923,0,4
-24.729885,-53.749622,0,4
14.620198,-24.406788,3,3
4.758532,-36.94241,3,2
-10.896141,16.551779,1,5
67.92784,-11.372239,2,2
9.329874,-27.532948,3,3
67.49815,-1.9335773,2,2
41.142143,-5.527423,3,2
11.690061,48.0553,3,5
17.674112,21.909641,1,5
65.887085,-11.374323,2,2
6.3673916,-8.691546,3,3
68.7727,-12.32926,2,2
-20.384998,12.564986,1,1
-3.5024307,8.604558,1,1
89.5908,-12.218314,2,2
-7.7157006,-32.53626,0,4
-20.772804,-39.840424,0,3
-37.25245,29.764841,1,1
29.12209,-40.03545,3,2
87.77146,-12.089237,2,2
-1.8019805,20.842173,1,5
11.427255,29.596554,1,5
-42.8354,-5.393623,0,1
-45.170757,-48.11137,0,4
71.280754,-26.760427,2,2
73.18928,-20.180813,2,2
3.5100346,16.754427,1,5
-46.578144,21.390276,1,1
29.110542,-13.810893,3,3
-41.971634,-38.81782,0,4
-11.5276,-25.326906,0,4
-14.410125,68.804375,1,1
-40.377888,-0.32234618,0,1
14.126796,26.134148,1,3
70.97959,-1.1943749,2,2
-20.413162,-39.582573,0,4
59.579357,-27.744658,2,2
10.047371,-9.606561,3,3
51.17007,-17.735212,2,2
-1.9702755,28.323877,1,1
-29.357073,54.627796,1,5
25.768764,-10.98151,3,3
-34.745625,-10.479995,0,5
40.013493,4.1423783,2,3
19.875868,48.849205,1,5
-5.888324,-35.516632,0,3
9.357335,48.305214,1,5
-56.716335,-36.183067,0,4
5.3953195,-13.433353,3,3
62.837673,-28.265764,2,2
-2.5279481,-37.232933,3,3
-18.153128,-12.94702,0,3
-10.344393,59.388622,1,1
-27.245567,-2.653182,0,5
61.840622,-6.544543,2,2
-7.5345726,42.059277,1,5
-22.131226,19.600393,1,5
-48.212975,36.08189,1,1
-23.515385,-23.054323,0,4
43.69845,-25.288532,3,2
-15.682584,6.0436435,0,5
3.6516812,68.175,1,5
3.877868,23.201656,1,5
38.087643,-18.711662,3,3
4.612919,48.842827,1,5
35.07879,-8.056336,3,2
-0.36974496,-40.189922,3,3
29.414661,-7.659135,3,3
71.62886,-15.417726,2,2
-49.82536,27.41037,1,1
10.7177725,55.48003,1,1
17.962378,39.68952,1,5
-50.323246,-16.88115,0,4
-49.353836,21.60039,1,1
-22.729523,34.69416,1,5
47.003998,-3.705219,2,2
70.24748,-7.3667965,2,2
-35.619072,18.66814,1,5
-13.11224,37.552624,1,5
-53.4653,-38.967823,0,4
19.68383,-31.212446,3,2
20.357931,3.8430707,3,3
-39.91777,-27.034103,0,4
59.010464,-24.95513,2,2
84.76838,-3.8102717,2,2
16.189192,22.987373,3,5
-35.702053,6.756077,0,1
6.197703,48.16105,1,5
19.122652,-4.721313,3,3
-0.29514048,49.033978,1,5
0.036956582,15.873326,1,5
13.742225,63.807854,1,5
-0.8627706,-37.331795,0,3
-35.861874,20.983604,1,1
12.287314,-24.184942,3,3
16.472193,-12.851967,3,3
-47.109005,26.995993,1,1
-7.806593,35.3241,1,1
48.722374,-18.28353,3,2
-7.786137,-22.052475,0,3
-18.944576,-26.473955,0,5
12.653058,59.10466,1,5
29.066168,2.7357783,3,3
-1.1138278,27.54826,1,5
4.49331,18.253275,1,5
4.457363,-23.610016,3,3
19.849148,2.34642,3,2
17.093468,5.2802057,3,3
64.79716,-11.985849,2,2
-4.6967816,56.086254,1,1
13.372083,31.830189,1,5
-47.409237,-35.8081,0,4
-2.0002058,17.937836,1,5
32.149666,-37.974083,3,2
46.086422,-27.070356,2,2
16.542105,-15.715574,3,3
-42.219234,26.181295,1,1
-56.886387,-35.584885,0,4
27.304394,-19.829643,3,3
-40.353943,-39.791912,0,4
-30.041992,-1.9859092,0,1
-20.83748,45.61093,1,5
-16.461864,32.77309,1,1
-49.35177,-10.678974,0,5
-4.166538,-14.199578,3,3
-9.36504,29.807182,1,5
-0.5248315,-25.198908,3,3
-27.854082,-37.028576,0,4
-0.1588235,-32.721798,3,3
-22.857906,-47.331387,0,3
12.692598,-6.754686,3,3
8.857127,50.776424,1,5
-8.01886,32.20654,1,5
-45.946743,-36.210175,0,4
39.950542,-13.252067,3,2
58.800735,-20.633263,2,2
3.3074257,-12.31925,3,3
6.7933683,58.88938,1,1
-12.264077,-0.9375943,0,4
-33.23099,5.968315,0,1
66.54942,-23.751472,2,2
67.104866,-9.753888,2,2
-20.444614,53.46625,1,1
-47.450653,37.88452,1,1
-41.195713,-20.527208,0,3
56.376507,-21.288042,2,2
-3.9517882,38.794636,1,5
-40.872936,35.22085,1,1
-38.03604,3.705734,0,1
45.237976,-16.054955,2,2
29.753965,0.9881792,3,3
38.645294,-17.106571,3,3
-44.459034,17.904732,1,1
12.677949,5.5559335,3,3
-53.23821,-34.900185,0,4
48.2799,-24.497448,2,2
-51.93578,-43.583965,0,4
-25.702827,32.412853,1,1
-18.464172,-56.194145,0,4
80.69691,-8.305568,2,2
32.705055,-31.743275,3,2
16.922483,49.1005,1,5
52.42577,-4.039048,2,2
-51.67527,-14.352795,0,4
-19.140396,67.77634,1,5
-53.194122,-34.37578,0,4
-4.965615,10.70561,1,1
79.11309,-21.18475,2,2
19.95497,52.430836,1,5
12.291222,-12.205365,3,3
-26.271662,-37.17366,0,4
-37.651398,8.929976,1,1
74.13753,-24.900381,2,2
26.849386,-20.04044,3,3
-18.787905,10.010583,0,5
-26.781916,-3.6082082,0,5
-42.58815,-40.51156,0,4
-2.8657188,-14.760158,3,3
-48.469055,-37.854797,0,4
68.75741,-4.7070546,2,2
27.745834,-36.506504,3,3
26.066393,-32.721767,3,3
-9.561505,-29.158022,0,3
-27.62196,26.292044,1,5
-33.59824,-49.780457,0,4
-41.75065,-4.1470466,0,4
-33.07444,-45.75358,0,5
9.959891,-14.711363,3,3
-12.14464,32.620396,1,5
30.846575,-26.225906,3,2
31.979298,-22.35992,3,2
9.727737,-27.50826,3,3
-25.989927,40.866608,1,1
54.23853,-15.341455,2,2
-58.79823,-24.930712,0,5
-37.056435,32.809334,1,1
-43.081432,-19.726454,0,4
30.94353,-40.01648,3,2
55.14348,4.2118554,2,2
3.7732525,-11.270859,3,1
-7.980256,62.94993,1,1
16.674711,-23.766922,3,3
-36.651196,19.845793,1,1
-4.608713,68.26066,1,1
-44.108368,-16.566374,0,4
50.957535,-4.740098,2,2
82.80215,-2.6916022,2,2
-39.615395,-18.045738,0,4
-11.581497,15.442873,1,1
-35.531067,-47.169437,0,4
-41.608784,-12.678642,0,4
23.1138,41.924637,1,5
47.5905,-7.2176723,3,2
86.284004,-16.916624,2,2
-31.872162,13.390052,1,1
9.676434,8.799718,1,2
-51.651325,-16.452095,0,1
-28.740515,40.62693,1,5
-37.461517,14.614468,1,1
-33.342197,-1.0842992,0,4
-52.842056,-33.473003,0,4
70.6213,-17.72498,2,2
-20.431904,-17.687273,0,3
-10.635008,-36.156956,0,3
-48.69554,33.469147,1,5
37.936882,-32.106655,3,2
23.751104,7.0622044,3,3
-29.668901,-47.94817,0,4
82.86001,-3.818264,2,2
-9.436055,61.508247,1,1
13.682779,-5.1470695,3,3
-30.002201,-35.568604,0,4
69.055984,-28.654179,2,2
-22.563498,18.913038,1,5
89.037315,-13.3181505,2,2
-45.903214,30.536291,1,1
-38.96557,-13.459507,0,4
34.433926,-36.591797,3,2
-38.49593,28.384817,1,3
-46.25826,13.577916,1,5
-40.988274,-46.63315,0,4
82.356415,-2.2639751,2,2
-16.143827,2.9334874,0,5
16.339407,36.008137,1,5
10.840911,6.0208154,3,3
-6.82087,19.687763,1,1
14.089758,63.87858,1,5
-27.57423,-54.951164,0,4
58.85411,6.0792627,2,2
3.412996,21.728874,1,5
-5.8226304,-35.59167,0,3
41.487427,-0.2439529,3,3
43.48532,-16.992168,2,2
-33.111794,-50.754707,0,4
-18.650795,48.62064,1,5
-11.812039,62.892094,1,1
-39.084686,17.296206,1,1
84.495834,-4.086999,2,2
-11.824142,-2.4333766,0,4
-38.85332,-23.098757,0,4
-24.44616,61.477543,1,5
-34.72077,52.793266,1,1
72.608505,-19.703938,2,2
-28.197594,27.992764,1,5
46.943882,-13.108886,3,3
18.35993,-0.7323862,3,3
5.3045497,0.022638537,1,3
-52.510536,-16.290249,0,4
69.74451,2.089081,2,2
-1.2160046,32.861206,1,5
-33.82712,10.860511,0,4
55.242924,-8.650625,2,2
30.932104,-24.319998,3,2
-13.270276,51.566433,1,1
-38.234123,29.914192,1,1
8.367007,-2.940542,3,3
-17.49989,-49.519012,0,4
-35.152306,-26.358953,0,4
-26.0765,10.254574,0,4
3.086138,-8.898232,3,3
-58.278305,-16.205364,0,4
61.30948,-26.811005,2,2
-50.577133,-32.83924,0,4
-15.8160305,2.9381068,0,4
1.3146719,-22.699821,3,3
61.11417,-9.483261,2,2
-24.559668,-5.1076174,0,4
-24.973488,42.422443,1,5
-56.364132,-8.505777,0,4
76.69908,-10.324373,2,2
-14.385546,39.598064,1,5
-33.291702,20.040138,1,1
-31.544937,-39.63897,0,5
-41.268864,42.85012,1,1
-42.854313,-17.74737,0,4
46.2405,5.652962,3,2
16.30388,-24.309502,3,3
-8.710747,-35.182056,0,2
-7.7087283,12.829882,1,5
-41.539116,1.847436,0,1
12.494842,-10.983991,3,3
-24.511473,60.933815,1,5
61.64605,5.8931513,2,2
1.1379112,60.42326,1,1
-35.192966,2.7484584,0,4
82.05122,-1.1681705,2,2
5.64034,38.378082,1,1
-14.217882,39.57702,1,1
-54.1266,-31.600374,0,4
-23.70502,-47.113266,0,4
71.43854,-18.85491,2,2
40.262844,-15.681404,3,2
-10.793823,64.852394,1,5
-4.05364,-28.402678,0,3
-25.544834,5.7382646,0,4
-2.0195916,-37.298138,0,3
30.515047,-11.839134,3,3
-24.140553,40.7654,1,1
60.887054,-25.675316,2,2
-25.499746,44.83945,1,1
89.031525,-9.368366,2,2
-25.645426,64.82894,1,1
-42.002644,-8.2282505,0,3
60.583454,3.3784437,2,2
52.264194,-6.0333486,2,2
19.502329,44.53995,1,5
40.124195,-10.885317,3,2
3.211336,-34.028088,3,3
-48.40808,17.883236,1,1
-47.81817,31.674658,1,1
-6.988002,15.584729,1,1
6.63048,-15.676731,3,3
-35.686855,-49.40025,0,4
14.01003,5.13903,3,3
-24.81055,17.994152,1,5
74.508064,-12.585298,2,2
-28.883215,-13.63151,0,3
25.786634,-15.263722,3,3
-29.414318,22.670336,1,1
2.9008257,53.661465,1,5
52.519295,-12.784871,2,2
-17.91089,43.921787,1,5
-26.03191,43.799076,1,5
-2.0293143,38.46972,1,5
31.916838,-8.96034,3,3
17.903215,0.1649544,3,3
-28.875296,-32.817574,0,4
-7.311625,52.622856,1,5
26.931732,5.71963,3,3
-3.4698324,10.016248,1,5
-9.842384,64.13131,1,1
-9.62751,-33.19738,0,3
-41.601818,-36.405212,0,4
5.0999036,16.464996,0,5
-3.0782957,-43.036488,0,3
-34.677998,-30.110884,0,4
12.693119,65.13401,1,5
86.66435,-13.892353,2,2
29.034794,-38.706406,3,2
-47.868603,24.930517,1,1
51.39139,-1.5776937,2,2
-9.202436,-0.7724243,0,5
-29.581898,17.332067,1,4
-14.611574,11.074993,1,5
33.649254,-8.988723,3,2
-14.284727,-35.565033,0,4
-2.037899,-40.146782,3,3
-17.53815,8.958181,1,5
-26.972246,-20.685223,0,4
32.553547,-0.78925604,3,3
16.401958,-13.9828825,3,3
88.97019,-17.314913,2,2
-11.411906,60.13155,1,1
-10.642697,30.549131,1,5
-4.97141,-19.161291,0,4
36.722008,-29.776117,3,3
61.763912,-2.5883477,2,2
-33.202084,37.482628,1,1
-17.294033,26.089071,1,5
9.242572,-4.217164,3,3
-40.389217,43.812935,1,5
-48.699745,26.785439,1,1
-31.652887,10.309786,1,1
32.19695,-21.60753,3,2
-33.17424,53.92798,1,1
6.2333946,16.106583,0,5
8.429548,-24.256784,3,3
12.146693,33.326153,1,5
-22.187061,16.040434,1,1
-5.6847725,-12.914455,0,3
-35.174473,-49.3389,0,4
-3.5335302,37.425358,1,1
-51.391544,-43.54944,0,4
-40.249973,-33.016434,0,4
-41.665913,-23.672098,0,4
68.32314,-25.442472,2,2
18.567331,56.8454,1,5
-7.6695457,64.63088,1,1
3.8444614,51.13209,1,5
71.68466,0.19660325,2,2
-46.489967,-6.9375973,0,1
64.32531,-21.162416,2,2
-36.02246,-5.709703,0,1
-10.751756,-15.30982,0,5
17.976027,-25.903994,3,3
61.596375,3.2070467,2,2
-12.930372,-35.445717,0,4
-49.689777,-33.57584,0,4
55.293884,-13.651204,2,2
-6.252671,59.288986,1,1
-4.572385,64.37511,1,1
-30.171343,-50.86492,0,4
-43.32688,2.7342377,0,1
21.367044,-33.82698,3,3
72.425476,0.032095242,2,2
74.5066,-7.715553,2,2
-9.008031,-22.553364,0,3
-17.808144,34.673824,1,1
67.838264,-16.26891,2,2
64.63803,-10.861908,2,2
-36.94191,27.685957,1,1
-39.935287,-39.77118,0,4
49.23848,-2.4288843,2,2
-30.65236,-37.574116,0,5
3.0186362,-36.02753,3,3
-0.3778268,24.852053,1,5
-10.537037,7.218337,0,5
79.890625,-7.6542525,2,2
-4.800103,-19.693802,0,4
-45.67886,-34.163338,0,4
-11.833203,32.186806,1,5
-22.995333,-44.518223,0,4
-8.350546,10.54272,1,5
3.4935849,-32.763157,3,3
-28.325768,17.140787,1,5
-15.054737,-40.80206,0,3
13.475051,-24.064503,3,3
77.171104,-5.7855577,2,2
-33.024345,-5.5863714,0,5
-3.2034786,-36.99075,0,3
-1.9342849,14.106236,1,5
11.807031,-21.862392,3,3
-3.0942137,16.339033,1,5
4.7364745,21.627768,1,5
68.19279,-6.1046305,2,2
80.111046,0.3359203,2,2
-12.313882,-26.73451,0,4
-13.903221,-12.367787,0,4
5.6778407,-28.163982,3,2
-47.628643,35.787464,1,1
5.3197775,-31.97001,3,3
-6.3186793,-12.196533,0,4
12.044319,58.03947,1,5
-47.794163,-42.784622,0,4
3.963177,-6.9151397,3,3
-43.761368,-12.841306,0,1
-43.608288,4.087512,0,1
-5.324984,42.0308,1,5
35.883938,-7.7964025,3,2
-0.79496753,-40.642902,3,3
25.854645,-28.70849,3,3
-0.72671545,-42.35272,3,3
27.325794,-1.092035,3,3
-18.724241,41.97984,1,1
4.129314,15.569007,0,5
-19.989975,-23.150124,0,3
-35.798195,33.311665,1,1
-27.796875,32.04534,1,1
-36.792416,30.50261,1,1
17.804514,-26.963655,3,3
-51.72404,-18.289728,0,1
60.1737,-10.71438,2,2
72.271545,-5.6037297,2,2
-1.2785711,54.288013,1,5
37.86301,-26.910696,3,2
-48.491882,28.45488,1,1
-51.212425,-42.825905,0,4
76.10739,-14.748477,2,2
21.566843,-29.094072,3,3
-18.013155,12.163739,1,5
15.880851,23.367945,3,5
-25.962177,40.716904,1,5
-29.801023,15.053032,1,3
0.11965244,61.476852,1,1
79.140915,-15.317274,2,2
-35.174236,-18.570185,0,4
-19.594666,20.427544,1,1
-49.76973,9.679174,0,1
5.6012864,-18.295889,3,2
-18.808304,-44.389652,0,4
-1.5150162,-36.435204,0,3
-52.655632,20.049774,1,1
-49.28227,25.292904,1,1
49.872116,-2.2403421,2,2
34.35469,-0.3826799,3,3
26.894928,-33.628418,3,3
-7.0340676,6.9254375,1,5
24.0816,-28.776308,3,3
-47.695774,9.053997,0,1
18.332306,-25.315212,3,3
-8.003725,28.01962,1,1
27.01137,-21.574257,3,2
17.829817,21.03769,0,5
70.93965,-5.118238,2,2
-42.35234,-8.055874,0,4
72.56813,-13.825146,2,2
9.386012,32.312492,1,5
24.191832,6.9226403,3,3
9.420337,34.594006,1,5
-49.0093,11.449183,0,1
-14.21764,-39.178463,0,4
35.608994,2.4483452,3,3
-2.5862427,-31.483368,3,4
22.152924,-3.1975625,3,3
-35.205627,24.100094,1,5
75.18937,-17.03237,2,2
-15.6059065,20.068453,1,5
-19.768417,14.91301,1,5
75.63111,-21.5515,2,2
-0.9808049,-23.990347,3,3
20.130163,-2.5869262,3,3
7.0253234,-14.452452,3,3
-41.02394,24.537815,1,1
-29.701221,21.384897,1,5
-41.73326,-31.818666,0,4
72.67614,-24.717188,2,2
-43.421658,-13.2788515,0,4
-40.669216,-21.801683,0,4
51.44066,-22.329292,3,2
13.942713,38.172634,1,5
-29.036257,-43.290638,0,4
78.54897,-11.878436,2,2
67.100334,-28.50457,2,2
-24.426443,41.844833,1,1
11.660746,25.729834,1,5
24.325296,2.1995134,3,3
-31.04651,10.092135,0,5
-31.282326,37.750652,1,1
41.033028,-13.644491,3,2
74.796196,-13.019363,2,2
-33.54391,-29.60846,0,4
-35.704914,-41.294693,0,4
16.297764,32.946007,1,5
-40.525517,-21.93711,0,4
48.760708,-11.749566,2,2
5.8916054,39.31087,1,5
-13.933918,30.199081,1,5
-22.087492,16.124403,1,1
-26.573448,37.037384,1,1
56.448368,0.23504065,2,2
74.295296,-10.6361475,2,2
33.837185,6.631081,3,3
-17.477535,-14.427465,0,1
12.164854,53.41705,1,5
51.027122,-17.413982,2,2
-41.013622,-53.09646,0,4
-15.793371,8.451343,1,5
5.0610833,-4.6632686,3,3
37.20562,-30.25488,3,2
2.4313433,-41.420895,3,2
-34.403908,-29.889704,0,4
15.137906,23.469864,3,5
6.120287,46.03661,1,5
48.887016,-16.449482,2,2
-30.120846,-36.845314,0,4
14.601444,-26.569689,3,3
75.52141,-17.890749,2,2
11.826792,-31.704407,3,3
81.698,-16.132809,2,2
-23.158861,44.046272,1,1
-46.100616,-3.8850045,0,3
-50.451458,6.209738,0,5
-49.3954,-18.149866,0,4
13.947693,-26.652817,3,3
-0.29869395,29.399033,1,5
45.60591,-1.5073928,2,3
17.730904,51.27912,1,5
64.973915,-9.04021,2,2
-47.13806,22.439875,1,1
-33.605976,-49.026894,0,4
-6.726204,33.43507,1,5
-30.79904,45.88844,1,5
-14.312184,29.812654,1,5
-44.212784,38.556995,1,5
14.334659,62.8822,1,5
-24.265892,19.37925,1,1
-32.113297,40.19951,1,1
55.555508,-1.891738,2,2
42.917564,-30.929436,3,2
50.455544,-23.259264,3,2
-47.36041,12.537636,0,1
-40.2089,-48.291306,0,4
-28.660765,59.162342,1,5
61.681084,-2.5137606,2,2
12.818053,-3.1072297,3,3
17.128452,-8.872193,3,3
-32.80139,-29.231924,0,4
-2.3166606,36.884594,1,5
-55.702843,-7.25528,0,4
35.133163,5.0024967,3,3
-16.70425,2.3235292,0,5
-49.32613,16.234753,0,1
3.7010486,29.380749,1,5
-22.868229,-24.215378,0,3
-42.33187,18.786135,1,1
37.15073,-31.201591,3,2
-49.219982,-39.80209,0,4
8.125818,-9.240129,3,3
25.923794,-14.718371,3,3
71.33118,0.581325,2,2
39.95489,-18.929953,3,3
-31.954514,-39.300404,0,4
-23.945013,-33.544167,0,4
-0.74091065,28.486357,1,5
11.23625,-11.428228,3,3
10.672769,54.762627,1,5
65.64891,-27.44927,2,2
19.11234,30.58529,3,5
6.355644,50.71673,1,5
-22.39853,61.820145,1,5
-31.871157,4.257063,0,4
-9.674018,65.606674,1,1
8.7286005,28.353981,1,5
-39.412674,37.131824,1,1
-42.849773,-25.506878,0,4
-32.112804,-26.190527,0,4
68.46271,-16.683147,2,2
63.96724,-18.485203,2,2
-52.38287,16.942404,0,4
16.709156,5.655555,3,3
6.1747494,56.82669,1,5
-2.293352,-12.651398,3,3
-12.688516,28.539398,1,1
-38.47221,21.896988,1,1
-32.48094,-0.47081494,0,4
16.525156,34.910667,1,5
-1.2756557,63.123257,1,1
-50.56246,20.620142,1,1
6.457873,20.356337,1,5
-33.16024,-16.230238,0,4
7.866579,-15.405195,3,3
20.985731,-27.604622,3,3
-27.35295,53.95976,1,5
-36.854763,25.189566,1,5
-39.71279,18.618511,1,1
-44.13988,-40.072933,0,4
-20.508045,35.251705,1,1
-38.44044,32.01898,1,1
-28.40751,11.263779,1,1
-8.417332,-28.24149,0,3
-34.868595,-44.11486,0,4
8.572866,0.71666884,3,3
14.935939,20.79385,0,5
5.7747283,42.713676,1,5
48.49996,-11.546121,3,2
46.680336,-8.358542,3,2
22.359505,4.9395537,3,3
41.103416,-12.51849,3,2
-25.834726,-52.00712,0,4
-19.009024,-26.288988,0,4
30.567389,-8.030774,3,3
-19.709606,-19.67419,0,4
-35.311474,30.607597,1,5
79.807884,0.33407754,2,2
-49.784714,6.224843,0,1
15.270277,49.195644,1,5
-9.922268,12.671734,1,5
-50.095318,-39.45616,0,4
-20.531708,52.48499,1,1
57.68764,8.441547,2,2
-32.925743,-41.890423,0,4
-14.911744,31.121456,1,1
-49.32445,-39.02322,0,4
-26.231176,14.719167,1,5
50.89465,7.6361804,2,2
0.56218743,45.586952,1,5
60.838295,-9.669904,2,2
-41.835583,-32.472332,0,4
-50.51386,-19.243923,0,4
24.938831,-18.017187,3,3
-41.001102,1.1353023,0,1
-28.88951,12.090686,1,4
-38.541065,-54.400524,0,4
54.42411,-4.561152,2,2
29.866905,2.04219,3,3
-32.15497,42.49243,1,1
-13.726458,21.823639,1,5
39.357693,-17.915796,3,3
-54.67865,-31.616932,0,4
75.95842,-15.247728,2,2
48.54944,-9.097659,2,2
43.60413,-7.0716295,3,2
-18.225311,-13.557455,0,3
55.32178,-13.597817,2,2
27.636795,-1.6376073,3,3
-48.32389,36.326683,1,5
-13.604719,27.592566,1,5
-43.897697,-17.328575,0,4
-19.892006,-16.645489,0,2
16.056477,6.6190686,3,4
-45.39984,36.77893,1,5
54.78031,8.753391,3,3
-58.791515,-23.362465,0,4
22.727488,-37.03881,3,3
-50.105522,-16.7008,0,4
-0.60288626,19.929035,1,5
14.926597,40.36875,1,5
83.56997,-4.1567407,2,2
-19.163147,-0.73314255,0,4
59.35152,4.9290476,2,2
10.242737,63.286285,1,5
14.713061,24.901823,3,5
6.379463,-10.163471,3,3
40.814793,-9.348088,3,2
34.667934,-27.419151,3,3
3.7881217,57.10444,1,1
8.578309,49.98804,1,5
-11.661758,58.939796,1,1
-18.786972,63.995647,1,1
-41.56708,6.5579433,0,1
-38.584343,17.90202,1,1
66.88789,-8.952044,2,2
-27.22736,20.615965,1,1
30.472467,0.84790325,3,3
-1.6129078,54.544796,1,1
-54.110508,-11.63695,0,4
29.638477,-8.996231,3,3
9.488831,-18.045717,3,3
62.870132,-21.43763,2,2
30.606476,-38.619663,3,2
-17.46833,67.3879,1,1
89.76154,-12.80546,2,2
-31.902786,25.982586,1,1
-36.172592,19.759851,1,1
-51.93773,-38.877213,0,4
-15.468211,-52.29282,0,4
-33.841915,-29.14128,0,4
-12.353004,48.57537,1,5
-4.1600943,33.77023,1,5
-4.349772,-21.457039,3,4
72.42777,-1.0950079,2,2
11.962664,60.51895,1,5
15.207892,36.186214,1,5
18.239414,53.36138,1,5
-33.35779,7.4086986,0,1
1.7399435,-41.236393,3,3
-24.402025,9.808067,0,5
-48.35887,-35.023502,0,4
-17.782589,60.624863,1,1
29.86199,-21.514946,3,3
-24.617422,52.425705,1,1
-52.05967,-43.114986,0,4
4.95453,33.990055,1,5
38.15445,-14.830435,3,3
-20.713789,-55.303604,0,4
82.788155,-3.760158,2,2
-9.908345,47.79559,1,1
26.684645,-8.827685,3,2
-18.012503,45.19293,1,1
-7.0375032,32.502544,1,1
-32.574757,-13.993701,0,4
50.502182,6.281537,2,2
-23.599073,-52.75477,0,4
37.59212,-33.881744,3,2
83.800835,-14.358292,2,2
-39.721012,-16.837194,0,4
-35.963364,-26.831017,0,3
-31.17652,32.669086,1,1
-33.97098,-20.489954,0,4
-44.4898,-41.64443,0,4
-46.440643,-32.086758,0,4
-21.127007,14.424345,1,5
36.48243,-15.787506,3,3
8.769744,33.417076,1,5
6.081425,-8.698524,3,3
-1.8724879,5.6690984,1,5
11.006369,-17.283031,3,3
38.124466,3.4591,2,3
9.82798,-14.093439,3,3
14.464223,-31.167252,3,3
-36.74795,9.04621,0,1
60.25042,-21.655197,2,2
41.580585,-26.955864,3,2
-20.295452,12.528737,1,5
-19.544367,24.70246,1,5
-20.86762,24.665085,1,1
36.079655,-9.766835,3,2
-38.585625,8.761348,0,4
-27.730616,13.767633,1,5
4.490309,-27.887375,3,3
-23.74996,-5.2231536,0,4
-10.852367,-1.1076258,0,5
-21.058233,60.705456,1,1
-27.297562,-21.766407,0,3
41.9805,-13.775432,3,2
-35.053787,-3.7123682,0,1
11.017753,-4.3962092,3,3
-31.790348,-18.561924,0,4
-47.367672,-28.121286,0,4
59.058746,-10.03692,2,2
-48.70634,10.807716,0,5
-42.207993,-51.0668,0,4
0.5448033,50.237335,1,5
64.14299,5.031137,2,2
27.082788,-33.844936,3,3
-37.499523,8.479948,0,1
43.25008,-17.02901,3,2
-29.127197,-24.965652,0,3
8.808225,-4.860383,3,3
-43.439728,17.636421,0,5
-54.404938,-25.898556,0,4
-21.457882,0.96244705,0,4
-21.95394,-15.913404,0,4
-31.91073,35.82018,1,5
9.631792,59.92731,1,5
-48.515816,31.750132,1,1
-8.417924,-36.439636,0,4
-52.04425,-30.03912,0,4
-9.512013,-24.901497,3,3
2.144441,67.63679,1,5
60.39628,-11.178608,2,2
-2.2596006,14.511705,1,5
-50.83289,-29.510902,0,4
-18.566675,-54.67282,0,4
23.857704,5.0998697,3,3
47.688816,2.1152859,2,3
-49.07886,3.9863052,0,1
-53.704266,-39.527496,0,4
6.174544,-34.912872,3,4
-21.218744,50.24156,1,1
-9.480152,31.317581,1,1
-35.09227,-52.875957,0,4
-39.04793,-53.109608,0,4
7.1377735,37.816467,1,5
0.9800722,-9.471029,3,4
-44.982563,-12.680411,0,3
8.252593,-3.2995806,3,3
-34.205887,37.184616,1,3
23.568525,-10.535578,3,3
-16.32293,6.5610576,0,5
64.03994,5.4139466,2,2
-30.67223,54.2952,1,1
30.518166,-17.91798,3,2
-24.641327,-21.026564,0,3
-46.14273,-37.173473,0,4
-43.208603,10.979387,0,1
-26.862164,24.926395,1,1
-17.078634,40.311646,1,1
-52.752556,-16.54479,0,4
-13.234407,-40.819332,0,3
19.805584,-24.093096,3,3
-28.304726,11.612608,1,1
56.74027,-6.6454153,2,2
63.56739,-30.725088,2,2
-42.800323,-18.910389,0,4
-50.26543,-31.607933,0,4
-42.38228,-12.185437,0,4
-19.707993,5.181747,0,4
6.655382,-24.835182,3,3
-9.538627,52.73516,1,5
-48.17812,8.165976,0,1
20.210205,-27.844492,3,3
0.79899526,61.783474,1,1
86.145905,-7.1571198,2,2
55.218494,-10.570965,2,2
-28.358658,-26.85127,0,4
-43.349636,4.628111,0,4
40.91745,-29.006618,3,2
-38.05695,-46.053024,0,4
17.197643,31.00215,1,5
-59.084328,-22.645866,0,4
-43.335674,15.157632,1,1
-18.658691,-46.824764,0,4
-8.837364,67.29278,1,1
-33.702625,53.58177,1,1
30.899635,-12.10373,3,3
-10.113101,42.25544,1,5
12.530516,40.904804,1,5
72.321655,-14.374564,2,2
65.94632,-28.226349,2,2
59.752605,0.9582484,2,2
-52.283463,-15.468384,0,4
50.5093,-21.399937,2,2
-21.731976,-24.089241,0,4
-15.53279,-43.976604,0,4
38.41261,-8.685163,3,2
-3.4224105,17.99164,1,5
3.678759,-36.075184,3,3
-29.44092,9.781101,0,1
24.937067,-0.5553325,3,3
8.409357,51.048996,1,5
-35.089752,-50.763836,0,4
-2.1067197,42.92515,1,1
-34.044838,-18.32291,0,4
1.7845572,-33.11008,3,3
88.39246,-9.864157,2,2
-47.28482,22.841637,1,1
35.866558,-31.234455,3,3
-11.748664,-1.9712218,0,5
63.198147,-16.074823,2,2
43.238735,0.5212285,3,3
-36.036095,-16.176598,0,4
-31.800793,51.4104,1,1
-15.921217,35.15063,1,1
-30.0613,-27.294401,0,4
-13.251762,-39.76165,0,4
78.00062,-6.4496202,2,2
81.081726,-13.811272,2,2
-23.43553,29.09981,1,1
-13.941308,34.80539,1,5
17.412437,-28.41453,3,3
-32.839,37.972145,1,1
-22.54718,-35.035343,0,4
36.57792,-13.442493,3,3
62.055622,-28.172895,2,2
-5.4337807,8.575372,1,2
-9.979372,-41.394638,0,3
-25.357838,-42.82614,0,4
47.62774,-9.302403,3,2
-19.446564,55.281807,1,1
-44.795296,-47.88251,0,4
-24.01802,17.981909,1,5
-12.772168,-31.614058,0,4
-35.62045,-52.703487,0,4
39.172836,-4.8162603,3,3
62.614777,-17.6972,2,2
-3.3093944,37.59814,1,5
-49.31431,5.559994,0,1
4.3936253,24.142834,1,5
-40.253983,-4.2422233,0,4
70.26169,0.98509425,2,2
65.964,3.634378,2,2
-35.77059,37.56081,1,4
-50.68465,12.945997,0,1
29.481874,-22.158602,3,2
89.39936,-8.644052,2,2
-45.885372,-4.979406,0,3
63.884373,-29.94187,2,2
7.218957,39.071976,1,5
-30.044758,-50.98441,0,4
19.814083,-34.660965,3,3
-35.71784,-36.871685,0,4
-39.83076,0.6167329,0,4
1.9102712,66.207565,1,5
73.50319,-11.490764,2,2
-31.130302,-0.6461126,0,1
-26.583214,26.365108,1,1
35.871223,4.125503,3,3
10.111559,-27.712587,3,3
-38.61341,-54.458317,0,4
8.645831,49.236485,1,5
-39.68255,20.211697,1,1
45.957664,-24.6332,3,2
88.89837,-16.24835,2,2
-41.052082,31.0428,1,1
-29.003202,31.956512,1,1
-12.654153,-31.440973,0,4
50.946014,-23.340324,2,2
41.39528,-30.002232,3,2
-31.819208,29.672958,1,5
-4.1843686,40.209156,1,1
-42.534737,32.889206,1,1
-12.231139,37.002426,1,1
-41.973324,-42.61574,0,4
1.8582256,44.795273,1,5
-6.541693,-19.065413,0,4
-18.434387,-56.140038,0,4
-38.39176,22.38331,1,1
3.940704,43.008415,1,5
-27.853067,31.0004,1,1
-32.49136,-26.002123,0,4
81.41698,-5.454593,2,2
19.566933,47.428654,1,5
-19.417862,-1.792042,0,4
-11.081372,66.98304,1,1
15.3517065,-10.627772,3,3
-34.696926,37.833717,1,1
-55.82435,-36.086483,0,4
-3.9654565,-13.091133,3,3
-41.266968,40.666744,1,5
58.373775,-29.536196,2,2
28.338726,9.9219,1,2
39.39629,3.6064537,2,3
43.155743,-32.635597,3,2
-33.15799,-38.745403,0,4
53.657368,-14.787339,2,2
-33.198162,-36.03513,0,4
-13.799368,-29.211992,0,4
19.690647,2.862741,3,3
17.150333,55.538795,1,5
-33.357746,38.35394,1,1
-15.198829,64.53269,1,1
60.654617,3.6404598,2,2
-30.773502,-9.078702,0,4
-37.74625,3.9576216,0,1
-26.284187,63.383507,1,1
-45.327404,29.477097,1,1
-29.466072,-16.441334,0,4
-46.01696,-7.1884227,0,4
8.624356,27.287914,1,5
-11.128791,-42.484013,0,3
-52.48123,4.910457,0,4
50.427025,-22.321785,2,2
-48.04368,-21.035072,0,4
-14.269919,68.93919,1,1
-28.321663,17.112076,1,1
30.224592,11.347978,3,1
5.202911,-32.67776,3,3
-10.886676,-41.574924,0,3
-40.922066,24.34194,1,1
9.470802,28.145515,1,5
4.1753006,49.152122,1,5
-28.0317,-2.2192192,0,4
-19.975672,-16.504244,0,3
15.165579,-15.638072,3,3
-24.298788,2.499924,0,1
-21.098652,51.717785,1,1
-57.960663,-20.177626,0,4
17.910849,38.818306,1,5
31.196297,-33.037548,3,2
-43.723972,14.142367,1,1
12.473058,-5.0927663,3,3
-32.071667,-26.53876,0,4
-32.46972,17.657986,1,1
-1.3284001,63.417,1,1
-52.05009,19.472355,1,1
60.768566,-2.051954,2,2
11.232305,-6.1524825,3,3
51.414078,-8.860147,2,2
23.73398,-1.8666097,3,3
41.868843,-34.18636,3,2
-44.647808,18.326973,1,1
-13.076046,-12.893179,0,3
8.857725,-30.857187,3,3
71.13049,-23.038874,2,2
71.24952,-5.0118556,2,2
5.3704185,-31.307943,3,3
-42.77824,-27.922781,0,4
-15.797565,22.912252,1,1
31.095892,-17.951944,3,2
-16.262253,44.51272,1,1
-2.3027997,-31.930174,3,3
35.327618,2.1450813,3,3
55.692127,-12.5860405,2,2
-38.16912,33.08038,1,1
5.526047,23.285608,1,5
20.366228,47.33691,1,5
64.4981,-25.34959,2,2
24.873327,-28.78356,3,3
43.84891,-20.426317,2,2
15.215321,-26.266932,3,3
-19.8131,-16.156233,0,3
87.01587,-9.224858,2,2
8.980292,21.23432,1,5
-48.075733,3.6471744,0,1
15.003875,31.292976,1,5
-29.583838,34.708282,1,1
-48.2898,-22.536156,0,4
20.522648,-33.68975,3,3
-19.832155,20.035566,1,1
-34.053535,26.780025,1,1
20.12687,53.54559,1,5
-40.267006,-49.657784,0,4
8.4390955,61.713337,1,5
-9.330844,36.58505,1,5
-51.26108,13.005063,0,1
-38.273182,37.50101,1,1
63.48892,-0.90392655,2,2
-39.58825,-21.24268,0,4
-49.828102,18.346218,1,1
66.51323,-23.716774,2,2
80.04114,-15.282271,2,2
-32.839413,19.905128,1,5
12.602748,-19.87616,3,3
68.84709,-21.83841,2,2
-33.369606,49.567272,1,1
-16.553587,21.330654,1,5
31.743908,-7.201118,3,3
-50.8576,-1.8990381,0,1
74.6532,-18.298208,2,2
-30.514076,58.736603,1,1
31.940147,0.3905559,3,3
56.412006,-9.633178,2,2
-40.639694,22.919697,1,1
-18.489508,20.795082,1,5
-21.866732,-52.88787,0,4
-29.05484,57.859898,1,1
-17.44284,8.91709,1,5
-11.675528,-25.703478,0,3
-25.108824,-15.643155,0,4
-21.73078,-36.10853,0,4
-2.4419281,-17.178297,3,4
-16.81158,2.3930147,0,5
6.3558555,58.02256,1,5
19.461304,-15.519083,3,3
-5.433871,9.310482,1,4
26.340698,-21.275974,3,2
58.0401,-2.2651021,2,2
17.390898,5.440314,3,3
36.04206,-6.8430114,3,2
-15.56018,67.578896,1,5
-19.692068,9.05516,1,5
-18.168308,64.66507,1,5
-48.146603,-20.912241,0,4
68.40415,-27.638948,2,2
11.848038,-25.912216,3,3
-27.876236,24.6011,1,5
-54.281796,-20.933779,0,4
73.05826,-12.451765,2,2
-35.112827,-15.623455,0,4
-41.54463,33.633755,1,1
-30.027794,-42.592457,0,4
75.82103,-24.374302,2,2
-44.534405,38.75846,1,1
-3.594434,63.640053,1,1
8.301704,-23.39254,3,3
43.32601,-11.994125,3,2
55.023666,-12.772572,2,2
-10.946142,61.36585,1,1
7.081511,52.22324,1,5
9.720311,-26.019735,3,3
-46.632915,5.1516423,0,1
-0.778659,-24.482151,3,3
46.75561,-19.820663,2,2
-6.5173016,-19.130545,3,4
-4.693555,29.840122,1,5
33.89612,-7.256761,3,3
43.354294,-16.200449,3,2
-48.138596,-43.358032,0,4
70.66454,-0.55640805,2,2
78.437584,-12.118625,2,2
-51.54051,1.7557583,0,5
49.25964,-17.37593,3,2
0.45170906,-31.878502,3,3
13.916452,21.654306,1,5
-23.262918,-52.850956,0,4
7.3116927,-11.246558,3,3
23.201025,-25.047457,3,3
0.6587544,-21.582474,3,3
-24.32246,35.32407,1,1
-5.0424585,-12.029286,0,3
-6.4099035,61.84816,1,1
-9.307184,-20.253166,0,4
-23.609024,44.082504,1,5
48.166096,1.6695355,2,2
14.919722,7.2423086,1,3
-35.359745,21.984627,1,1
5.7403865,32.731316,1,5
15.131052,-17.692896,3,3
39.419304,-7.062583,3,2
-15.076926,-39.305004,0,4
-42.84414,-30.819038,0,4
76.038864,-3.5038137,2,2
-30.581305,3.0823457,0,5
41.67845,-25.585249,3,2
-33.480526,5.8182435,0,5
-40.491444,-5.0570755,0,4
-13.158055,67.30178,1,1
10.933873,-31.998894,3,3
40.22087,-13.060864,3,2
69.22443,-7.5289216,2,2
4.351109,16.565893,0,5
8.534864,66.022575,1,5
-31.162193,29.687447,1,1
55.08908,-6.1149826,2,2
-14.168074,41.54398,1,1
-5.6131,48.45616,1,5
21.50954,4.8961806,3,3
1.2893636,40.626686,1,5
6.3442006,-21.037865,3,3
-32.907604,-10.145321,0,5
2.517742,13.401981,0,5
-16.877352,-13.257076,0,3
-9.417702,23.606096,1,5
13.26604,-3.621818,3,3
43.03228,-16.58095,3,2
29.93781,9.12934,3,2
29.304396,-13.554803,3,3
-52.09864,4.24918,0,4
-27.969725,30.518118,1,1
2.7881174,67.43275,1,1
-8.723774,65.053055,1,1
-18.414076,-17.552988,0,3
55.303257,-15.201712,2,2
7.2717133,21.644445,1,5
-47.97462,-48.311874,0,4
-4.6476083,-17.25971,0,3
-16.950167,-37.43859,0,3
24.459745,-3.5987978,3,3
-46.144554,-6.3228793,0,4
-33.552998,-1.4673424,0,1
-22.864832,29.478111,1,1
-52.310738,-41.33871,0,4
0.8737283,-20.640493,3,3
-25.54862,-1.0566617,0,5
-55.980267,-11.733098,0,4
-36.705544,-5.679857,0,5
-25.292887,-46.66187,0,4
-0.34925774,-6.184213,1,3
15.668951,-9.299858,3,3
-35.52961,5.520632,0,1
-34.69798,-44.01173,0,4
-28.952394,46.596237,1,1
86.95248,-15.271754,2,2
-6.976588,55.373314,1,5
36.223854,5.334794,3,3
-14.305077,54.18316,1,1
-33.157223,-3.4011972,0,4
55.761555,3.568323,2,2
1.0602822,20.89671,1,5
-14.596912,-43.718784,0,2
-9.678288,48.445217,1,1
14.209018,41.476555,1,5
-40.22181,-37.604336,0,3
-27.393204,-3.8492155,0,5
-14.577375,7.169395,0,5
72.6406,-16.400705,2,2
83.11284,-18.783947,2,2
-45.983597,-3.9090853,0,4
3.2967272,52.159374,1,1
22.550198,-30.763573,3,3
-3.9576697,32.463997,1,5
-31.087973,52.276077,1,1
-38.38769,-32.157623,0,4
49.773663,-16.332916,2,2
61.89346,-2.9531956,2,2
-42.020763,-16.268885,0,4
3.6202888,49.845997,1,5
63.156796,-16.956177,2,2
-39.835197,9.238555,0,1
-26.753006,41.477924,1,1
-31.374325,-23.226305,0,4
-51.26139,-37.020042,0,4
0.90499157,47.104076,1,5
45.745605,-23.918581,3,3
-9.032845,-14.667116,1,3
-13.049379,24.739191,1,5
-47.36318,-24.28695,0,4
87.21623,-8.49885,2,2
-44.101246,13.379687,1,5
23.614767,-4.3349752,3,3
-18.64751,-52.718494,0,4
-19.553724,43.810574,1,5
23.760094,-15.463008,3,3
15.776712,44.295834,1,5
5.6401863,39.63311,1,1
7.2010946,-25.92747,3,3
70.81196,-0.6944768,2,2
75.039795,-3.5410647,2,2
-48.62394,-32.122326,0,4
-10.029804,-18.852823,0,5
-56.908073,-35.968426,0,4
38.707703,-10.95219,3,2
-25.09293,33.704617,1,1
-30.257479,4.343125,1,5
88.30626,-12.980154,2,2
-8.486585,42.067547,1,1
26.32038,-18.26627,3,3
80.103935,-3.44909,2,2
15.240074,38.95254,1,5
62.767433,0.73568493,2,2
6.225547,-21.787693,3,3
3.1508212,-37.15859,3,3
23.453035,-4.4381704,3,3
19.957516,48.297935,1,5
-22.810148,49.364677,1,1
-15.199234,5.8556066,0,5
74.6961,-22.093079,2,2
-0.6801611,46.530193,1,1
-32.357067,-2.1520998,0,5
-23.89219,-33.447613,0,4
-47.516632,-11.8980055,0,4
-37.250675,27.612135,1,5
-40.169987,21.313694,1,1
-51.64487,-12.57627,0,1
-12.638124,25.669415,1,5
-23.476967,49.226334,1,1
58.639645,-2.335274,2,2
-40.793453,43.12475,1,5
47.21194,-20.572456,3,2
-2.082067,-41.629093,3,3
61.89894,-18.231356,2,2
13.694037,5.0623302,3,3
-55.861057,-9.772432,0,4
-40.709415,-5.071324,0,4
-5.920739,-10.562567,1,3
10.085564,62.280575,1,5
-34.870426,-10.214428,0,4
-59.99024,-22.745874,0,4
66.07621,-12.075835,2,2
75.6367,-3.7224088,2,2
85.020874,-7.028659,2,2
-24.428282,-14.863554,0,4
-7.74627,12.753243,1,5
-25.21177,-2.975359,0,5
-1.209831,-20.100761,3,4
7.516527,1.1660607,1,1
82.11878,-1.6153921,2,2
75.42178,-10.42284,2,2
-53.946762,0.509415,0,1
72.85987,-4.462555,2,2
6.249944,-0.7261582,3,3
-24.459679,-14.960745,0,4
25.318941,-17.078466,3,3
-25.053099,15.102821,1,5
-10.551972,59.256283,1,1
-35.826794,2.0030768,0,1
69.50854,-19.223429,2,2
-36.02624,29.24526,1,1
69.94423,-22.572283,2,2
7.1562467,6.3693457,1,2
-3.5014694,36.565037,1,5
-32.940212,35.44333,1,1
-16.239494,51.987213,1,1
0.4682104,66.14051,1,1
-34.80564,-44.690998,0,4
18.96453,-5.156394,3,3
60.44701,-3.5971441,2,2
-35.36362,-27.651375,0,3
-12.593691,48.79568,1,1
-37.358788,46.431313,1,1
-14.078359,39.269943,1,5
-18.401459,21.693916,1,1
-24.83311,-51.826298,0,4
13.833047,49.37643,1,5
6.1716385,6.9781656,1,2
74.51212,-22.737873,2,2
-42.491966,-2.7375963,0,4
-23.006596,35.039787,1,1
-39.634346,29.41396,1,1
16.693232,-16.828976,3,3
9.0635605,31.269657,1,5
7.2673335,-31.163324,3,3
61.93783,-26.51623,2,2
26.5769,-33.316326,3,3
24.778719,-29.61696,3,3
-15.415275,64.85468,1,5
-15.049412,54.855995,1,1
-48.83083,-29.65324,0,1
-12.626113,17.071068,1,1
-6.2332087,9.819879,1,5
-28.734884,30.99819,1,1
6.710048,-30.5359,3,3
56.619446,-4.2864995,2,2
-32.686287,54.364605,1,1
-8.02608,30.744211,1,5
-34.885487,13.31603,0,1
-41.75311,-27.427444,0,4
57.610016,-11.302595,2,2
-30.941727,-32.61761,0,5
-41.4609,-15.657455,0,4
-24.055624,-52.77316,0,4
-32.602676,7.8604674,0,5
-11.737071,-42.090202,0,4
-27.429783,52.58412,1,1
75.04941,-20.872068,2,2
50.81836,-20.546352,2,2
-12.411536,-43.638115,3,3
-0.35742214,64.63837,1,1
-32.435593,16.83806,1,1
-25.673893,30.602438,1,1
-52.677345,-21.216202,0,4
-16.436426,54.259212,1,1
15.51989,39.347797,1,5
39.626236,-12.631978,3,2
-43.95672,-19.866407,0,4
-19.283514,52.75446,1,1
-50.374973,-33.608658,0,4
73.86384,-7.2063518,2,2
-8.829897,33.76784,1,5
-3.3583896,18.102077,1,5
-2.0896776,3.9795907,3,2
-24.066175,60.507187,1,1
-35.103573,6.45593,0,5
12.913758,5.8422475,1,3
-21.334555,-54.090942,0,4
-32.458694,-5.390247,0,5
34.762077,-37.77306,3,2
-18.194082,61.387936,1,1
-55.811424,-35.741333,0,4
-7.1482277,-11.953034,0,3
48.31508,-3.5078814,2,2
-51.960796,-43.190033,0,4
-25.62476,-44.105675,0,4
36.415863,-9.402647,3,2
42.712944,-8.559834,3,2
-22.67745,33.363766,1,5
-52.19048,4.7761183,0,1
-15.079166,-25.788612,0,3
-28.514807,-2.8470075,0,1
-51.225704,0.92856073,0,1
5.8143263,39.290257,1,5
5.822711,42.697266,1,5
18.755594,53.57633,1,5
17.81418,28.583508,1,5
-16.363928,25.119251,1,5
49.25,3.5393252,2,2
-0.0928567,-32.972244,3,3
-28.498787,48.729065,1,1
-35.821415,20.575216,1,1
-46.89885,-28.24431,0,4
66.995056,-29.16631,2,2
12.898419,-36.69674,3,3
58.93276,-28.006376,2,2
-20.47379,-53.945576,0,4
0.5217876,-29.090738,3,3
0.866328,-14.256121,3,3
-3.2570071,29.88847,1,1
1.9048454,-31.307262,3,3
4.125639,28.597006,1,5
63.450165,-0.73248136,2,2
76.50814,-10.01236,2,2
-25.509087,62.618145,1,1
18.409819,35.41777,1,5
31.820303,-21.756626,3,2
-16.65227,21.239595,1,5
-48.669292,19.570389,1,1
15.712011,24.535976,1,5
91.51589,-10.320437,2,2
11.802527,34.42032,1,5
-50.648296,27.712723,1,1
15.898513,-28.894175,3,3
11.115499,60.345345,1,1
61.509533,-9.932841,2,2
3.9448833,-0.7671796,3,1
-17.982655,-33.67309,0,3
-49.48386,-39.841408,0,1
-14.998742,-12.100449,0,4
12.979784,63.82294,1,5
35.825504,-10.359403,3,2
2.2314148,57.81194,1,5
-8.8677635,34.439644,1,5
-43.76717,-10.13074,0,4
-34.06074,-10.53341,0,5
39.435493,-35.816162,3,2
-9.966116,-19.34935,0,3
-48.922092,18.449938,1,1
47.443726,-8.427172,3,2
-47.89531,22.95733,1,1
7.083955,24.765608,1,5
-26.36493,43.76974,1,1
86.51438,-8.9675665,2,2
61.35766,-29.368517,2,2
-41.0885,30.693998,1,1
-14.042629,34.9608,1,1
52.920067,-19.727482,2,2
51.819016,-30.62122,3,2
27.983833,-35.080536,3,3
-0.41494167,-43.24512,3,3
13.751228,-15.488421,3,3
25.152979,-14.314666,3,3
57.631565,-7.3710604,2,2
26.612461,21.349121,1,2
18.670376,-4.954347,3,3
32.531452,-35.946007,3,2
29.322964,-35.728374,3,3
25.211134,-15.088522,3,3
-16.235594,-45.592575,0,3
-0.0066436366,36.455494,1,5
-33.91374,-44.289883,0,4
39.552708,-0.18168554,3,3
-7.3444414,64.328476,1,1
-34.415768,-18.753262,0,4
-3.8455567,-39.921986,0,3
-12.791158,13.2029505,1,3
47.23105,-12.106835,3,2
-6.103647,43.45238,1,5
5.9792666,18.80285,1,5
14.381051,5.822269,3,3
64.66097,-30.295937,2,2
-29.347477,53.662735,1,1
-21.545277,-16.026628,0,4
-53.341805,-31.033745,0,4
-24.414278,-35.209667,0,4
1.6916715,44.779438,1,5
-16.41856,22.266653,1,5
6.386276,55.07975,1,5
-23.282934,49.14161,1,1
-8.418675,68.55472,1,1
-34.895924,0.13694547,0,1
40.04495,-16.422281,3,3
-31.948282,22.022516,1,1
-20.382671,-35.246063,0,4
52.76964,-0.25228217,2,2
-21.426714,30.24976,1,5
-27.150003,56.389084,1,5
82.562386,-3.536548,2,2
50.378193,6.2435117,2,2
51.687588,-10.949016,2,2
-12.403778,7.0399837,0,1
21.264019,35.6843,1,5
40.461212,-9.437076,3,2
-30.017614,47.34765,1,5
8.550258,-33.328224,3,3
-14.268783,37.57939,1,1
-39.86479,-16.00466,0,1
-11.772828,-34.619686,0,3
17.842854,33.52029,1,5
-28.242426,-2.2584112,0,1
3.4740107,20.396753,1,5
-28.00686,-50.772263,0,4
-39.363186,-47.399025,0,4
-41.064514,-12.814578,0,4
-32.133213,29.993479,1,1
-11.1867285,65.16091,1,1
55.46184,-9.130094,2,2
-32.768215,51.62697,1,1
-12.1990385,1.9293417,0,5
-43.52717,19.454102,1,1
-41.10817,-53.424,0,4
73.30942,-6.1989326,2,2
-43.630184,41.09393,1,1
64.44943,-1.210852,2,2
2.995219,-12.210922,3,3
41.039505,-24.991985,3,2
-31.462938,54.73277,1,1
60.281345,-22.760593,2,2
-6.507526,15.718427,1,5
8.68999,34.28333,1,5
-21.261848,60.9916,1,1
13.784825,-2.8182662,3,3
-18.460949,18.939556,1,5
38.837505,-13.788507,3,3
3.1887639,52.598663,1,5
14.313505,-24.265339,3,3
-51.982986,-12.422245,0,1
5.6587596,55.132896,1,5
61.93429,2.260557,2,2
-9.512061,56.45598,1,1
4.6684575,66.9384,1,5
-36.846786,18.506226,1,1
-0.07718054,-16.70017,3,4
-45.94984,8.926235,0,5
-14.551907,56.45167,1,1
-21.153698,42.770992,1,1
-25.029161,47.265614,1,1
7.477507,44.497467,1,5
-3.8996086,-37.661667,0,4
-53.911694,-3.0597138,0,1
-46.646324,-46.59235,0,4
-12.147564,54.10756,1,1
-35.696163,33.318523,1,1
-47.784203,-32.14402,0,4
17.934866,38.403156,1,5
-11.555669,-41.215916,0,3
56.742958,-17.735868,2,2
-52.25687,-38.717464,0,4
-37.727383,27.595356,1,1
-35.566532,23.511854,1,1
-31.259275,-40.263664,0,4
-5.2257957,-10.805511,1,3
4.32408,35.228878,1,5
3.936838,-29.322567,3,3
-9.008721,-18.616402,0,3
32.386654,-1.2849184,3,3
42.979546,-10.589025,3,2
-52.980232,19.259727,1,1
-25.856733,-51.70949,0,3
-58.720573,-14.613542,0,4
-6.7527213,19.537485,1,5
-10.961062,6.4720488,0,5
26.490814,6.369522,3,3
-0.9389226,-14.06644,3,3
-11.688341,61.97032,1,1
49.235844,6.686253,2,3
84.43122,-5.7112207,2,2
-7.109184,66.11196,1,1
-15.023483,46.37192,1,5
7.0490785,17.450354,0,5
-48.373947,36.939114,1,1
61.494053,-22.181545,2,2
-41.462345,-50.678867,0,4
-25.35581,42.421085,1,5
-42.782448,34.18797,1,1
-53.967888,-29.788357,0,4
79.04359,-3.6609275,2,2
47.33845,-9.4233055,3,2
87.27454,-10.078255,2,2
-14.080584,-28.458834,0,4
60.76046,-28.742565,2,2
-1.2805434,-40.020676,3,3
4.672571,59.796043,1,5
36.873184,-37.79565,3,2
20.782797,-19.191801,3,3
4.845933,-30.172375,3,3
-52.733883,-37.627247,0,4
-52.701584,-28.273315,0,4
-24.417433,7.199013,0,4
-39.585915,-7.452855,0,4
-9.784052,-26.96123,0,3
59.08736,-2.101011,2,2
76.78168,-21.45552,2,2
-33.323475,49.02028,1,1
41.39184,-8.434698,3,2
30.616356,-39.680256,3,2
-7.6380672,-30.687965,3,3
-49.768757,-30.808329,0,4
-59.550125,-23.10129,0,4
-28.355227,-47.716667,0,4
32.499023,-0.008640965,3,3
15.0604,23.845299,3,5
43.711304,-20.529116,2,2
-25.077135,-46.578148,0,4
-42.401558,-42.48255,0,4
44.51143,-16.21137,2,2
-32.947475,-34.57389,0,4
-0.030072028,-15.901179,3,3
27.630033,4.1636724,3,3
-13.01392,67.46179,1,1
0.8186249,-30.880465,3,3
-33.283924,37.243027,1,1
-40.255535,-16.417286,0,4
12.657665,-1.3415782,3,3
-13.587606,37.208263,1,5
1.5818657,42.92304,1,5
2.092642,58.953575,1,1
-48.97239,-24.067965,0,4
-58.304977,-20.625387,0,4
-31.219875,-15.417964,0,4
-48.810104,25.579226,1,5
15.691363,56.589626,1,5
-42.21819,-44.72082,0,4
-20.013945,-55.326897,0,4
-25.224106,52.25529,1,1
-23.843744,-5.178455,0,4
-22.872667,5.1836224,0,5
-2.082934,-43.363945,3,2
-4.829785,5.9382167,1,3
-61.06106,-23.013048,0,4
34.334812,-38.2924,3,3
-7.9200263,56.95668,1,1
-15.295706,-51.962082,0,4
-43.264057,-35.39424,0,4
-9.605011,31.968185,1,5
30.156143,-37.546196,3,2
-4.596638,68.644875,1,1
45.365192,-27.942287,3,2
-38.104816,-22.666643,0,4
79.71834,-18.86846,2,2
-32.85806,-15.329165,0,4
14.891419,-4.6216273,3,4
-37.56406,4.409767,0,1
-54.120163,-6.091986,0,4
72.922066,-23.530785,2,2
-14.075321,-39.277622,0,4
-10.875166,-43.483395,0,3
19.792057,-15.19716,3,3
52.445282,-10.7753525,2,2
-15.77587,52.733543,1,1
-2.6134994,-29.012579,3,3
18.460676,-28.495974,3,3
26.77294,-4.694007,3,3
-15.755999,65.694984,1,1
-50.779076,20.309074,1,1
-40.51777,-52.635117,0,4
-41.40024,-43.47446,0,4
4.181189,-24.550755,3,3
-13.8140955,37.978218,1,5
-18.592194,-11.368774,3,3
-37.458805,-8.308663,0,1
-19.581285,49.40736,1,1
7.937621,62.668156,1,5
17.856802,-33.26821,3,3
57.888947,-9.8761,2,2
19.512465,50.179035,1,5
-41.884937,-2.21912,0,1
-15.190825,0.57744116,0,5
28.71872,-35.467834,3,3
57.921627,-21.476215,2,2
-59.28486,-21.64519,0,4
49.445755,-27.961086,3,2
-39.685516,2.8173742,0,1
53.94798,-16.8742,2,2
42.011654,8.247942,2,3
48.256348,-27.801613,3,2
85.90412,-14.854346,2,2
-47.181355,30.849567,1,1
-15.343251,4.6136937,0,5
59.25761,-9.820959,2,2
47.49121,3.152304,2,3
-21.035719,24.877232,1,1
-37.689747,-49.809288,0,4
9.833497,-9.6099,3,1
-41.232998,-52.601948,0,4
-48.101944,30.604467,1,1
2.4530025,-0.35361296,1,1
-27.098307,-21.931458,0,4
21.463827,48.34704,1,5
-22.15198,43.490208,1,1
-31.34475,-3.6833797,0,4
-51.624134,17.790512,0,1
-2.970968,-9.299631,3,4
27.166391,-14.625931,3,3
11.84281,41.22567,1,5
57.441154,3.0725546,2,2
30.22384,-32.72643,3,2
-37.9284,-21.626348,0,4
-7.753354,-33.13109,0,2
-34.873394,5.081047,0,1
19.027632,-7.8532314,3,3
-46.50924,14.45316,1,5
2.5998344,68.87913,1,1
45.88989,-27.500513,3,2
-30.227522,-15.12339,0,4
-20.882898,42.641636,1,1
56.208023,1.6381128,2,2
51.82416,-1.832023,2,2
-13.147251,13.489236,1,3
-9.041693,-28.861273,0,3
15.84687,43.86811,1,5
63.063843,-8.993056,2,2
-28.598139,-41.721836,0,4
-14.675194,-1.6594129,0,5
49.41202,2.7085698,2,2
-38.95901,31.201365,1,1
12.072761,42.02161,1,5
32.020042,-11.913254,3,2
-34.87704,32.40151,1,1
-7.644953,28.155405,1,1
54.895638,-16.601759,2,2
-35.885876,-46.418156,0,4
-52.315113,-18.595695,0,4
8.619169,36.744125,1,5
41.898502,-4.361327,3,2
63.429913,-28.330284,2,2
-21.76959,-38.838554,0,4
-29.022587,54.226704,1,1
13.175682,34.565792,1,5
-7.0094867,27.872215,1,5
-9.785271,25.028688,1,5
70.17364,-26.41123,2,2
-38.738136,-48.922874,0,4
70.34289,-18.709387,2,2
-37.31108,24.15875,1,1
13.191609,54.716274,1,5
-39.908764,-34.878666,0,4
-3.6107764,28.656315,1,5
11.918459,23.73393,1,5
-19.137669,47.4154,1,5
-18.85934,62.307507,1,1
21.441004,-26.615278,3,3
-32.906006,0.21638863,0,4
-42.05924,-37.668518,0,4
33.51841,-8.14437,3,1
-32.199177,52.548992,1,5
-22.873535,13.337761,1,1
-2.6663332,39.22297,1,5
-57.80304,-24.846617,0,4
-8.605448,-27.620596,0,4
-8.272387,-22.476028,0,4
90.40357,-7.3556433,2,2
-13.501387,-41.417797,0,3
-0.41610193,49.77489,1,5
71.07581,-0.58769214,2,2
23.30887,7.4489436,3,3
-36.744286,-49.363132,0,5
62.598843,6.269708,2,2
-41.212055,31.571257,1,1
-2.873713,60.14223,1,5
26.147942,-4.999942,3,3
20.18707,-12.236917,3,3
-5.9137135,61.502476,1,1
36.770668,-33.331673,3,2
6.1363835,-4.182408,3,3
12.243153,-29.475882,3,3
-21.323526,-25.86258,0,4
9.842524,47.002773,1,5
58.378193,-22.132135,2,2
11.859682,-23.834047,3,3
3.5518281,-37.554993,3,3
75.620026,-14.493295,2,2
-18.251143,-17.985872,0,3
18.18135,-25.478373,3,3
61.11282,-19.18061,2,2
49.910442,-17.188734,2,2
1.404086,33.96501,1,5
10.283751,57.54509,1,5
39.52291,-7.0505366,3,2
-12.559198,61.147163,3,2
45.55078,-0.16666803,2,3
-12.938705,-41.615063,0,3
-10.451311,-31.824306,0,3
2.8913486,-9.370326,3,3
-9.042957,-31.487917,3,3
35.001953,-36.62117,3,2
10.046889,-4.218724,3,3
55.24161,-13.522907,2,2
-54.36647,-35.750206,0,4
83.96998,-6.9537034,2,2
-2.5623057,55.44853,1,1
-43.8961,-9.967987,0,3
-9.981346,29.969166,1,5
-47.902905,28.09985,1,1
-0.83822775,50.161934,1,1
11.097022,62.481167,1,5
-40.049744,-24.870098,0,4
49.34907,-5.0113935,2,2
15.019719,55.35215,1,5
29.002174,-31.301952,3,3
-10.113411,-0.5885449,0,5
-6.2328176,-20.057117,3,4
58.900265,-29.006018,2,2
-32.942856,-45.112263,0,4
-52.51436,-30.344728,0,4
2.253244,65.45948,1,5
48.14689,-29.02613,3,2
-19.75764,33.430832,1,1
66.99359,-26.510298,2,2
11.260756,-23.106537,3,3
29.51416,2.0383093,3,3
57.00939,-1.6798756,2,2
91.62873,-11.103541,2,2
-25.231598,32.38423,1,1
9.206091,27.85113,1,5
-4.7567916,-37.538532,0,3
80.51747,-16.057194,2,2
-25.13995,12.511854,1,5
-41.689373,-6.82203,0,4
-0.8610232,48.276943,1,1
-10.481521,44.009567,1,5
-3.053092,63.866043,1,5
64.712036,-26.31844,2,2
41.2266,-3.3705728,3,2
48.5555,-18.680304,3,2
-3.5963092,-43.040703,0,3
-33.380726,35.349438,1,1
-13.901672,65.488556,1,1
-35.632664,52.48335,1,5
32.368927,-5.438837,3,3
-17.767143,61.97946,1,1
-44.633892,-23.499453,0,4
68.42054,-12.234458,2,2
-13.904178,-28.944172,0,1
-57.68169,-21.241802,0,4
11.320568,34.564392,1,5
26.42761,-4.8043213,3,3
58.094955,-22.911774,2,2
13.208931,60.94391,1,1
-6.2705336,62.600746,1,1
-8.828262,55.707123,1,1
10.883461,34.607075,1,5
15.400331,-9.710992,3,3
-29.930387,-16.149399,0,4
-11.798996,1.1957679,0,5
32.912174,-9.679141,3,3
-5.5577893,43.87721,1,1
36.012897,3.888037,3,3
-15.68366,-27.63791,0,4
67.22841,-16.477325,2,2
-59.06887,-19.235962,0,4
-48.95105,11.911085,1,5
-9.25427,12.110614,1,5
-35.039013,-18.600534,0,4
-50.359375,-1.8292295,0,1
57.67179,-29.688194,2,2
83.66875,-5.7742558,2,2
-29.227503,-13.535239,0,3
-27.817587,-55.109005,0,4
-44.207905,-32.183727,0,4
-8.54304,1.3861995,0,4
61.49678,2.7830606,2,2
73.52466,-15.248406,2,2
-33.641388,-23.80053,0,4
77.30104,-21.862982,2,2
-14.68099,8.988085,0,5
-36.52768,-33.353592,0,4
-34.12971,-19.468712,0,4
-51.89231,-38.22925,0,4
-49.42427,25.174929,1,5
6.7777176,-11.159379,3,3
-11.852238,-13.443359,0,3
-31.366575,-35.39695,0,4
-21.436024,-45.44661,0,3
-27.746778,-46.114624,0,4
20.137438,-10.854319,3,3
-20.753105,-52.715267,0,4
48.782555,-10.818287,2,2
7.373468,60.37314,1,5
9.799176,-27.873362,3,3
-39.929626,-52.806587,0,4
-14.449555,-12.334684,0,4
18.31718,5.1930203,3,3
-43.356403,-10.463047,0,4
50.541466,-18.425758,3,2
65.44241,-5.343371,2,2
35.650467,-36.021313,3,2
9.145969,33.863102,1,5
-49.452686,24.178188,1,1
19.337658,43.666885,1,5
1.8956788,13.830909,1,5
-45.076263,36.552197,1,1
-44.21081,-28.826277,0,4
-18.37438,55.52361,1,1
-8.056451,-26.400051,0,4
-42.51654,-39.60165,0,4
11.476916,36.41314,1,5
-36.97549,-42.300568,0,4
-0.6051561,-25.03253,3,3
-16.290983,-47.38746,0,3
30.027227,-9.255031,3,2
17.291714,-15.9305525,3,3
90.954575,-7.8206487,2,2
35.165764,-10.443122,3,2
82.36661,-14.8449335,2,2
-52.30544,-21.283749,0,4
4.993604,-7.1796947,3,3
-14.213245,-46.667404,0,3
12.035497,31.990952,1,5
-7.3791533,60.712,1,1
16.750727,-2.424501,3,3
-15.019815,2.0612009,0,5
81.64734,-12.048721,2,2
2.7931192,-3.730557,1,3
-50.77117,-34.099518,0,4
-48.37434,-31.309252,0,4
-28.200594,41.09589,1,1
-20.539902,-53.188793,0,4
2.9072745,-18.163847,3,5
14.109052,-1.7701277,3,3
-26.828453,41.888325,1,1
-21.783077,-38.8095,0,4
-52.179226,-1.440817,0,1
73.70321,-5.377888,2,2
1.618204,49.81104,1,1
30.042711,2.6080368,3,3
16.512747,-13.553884,3,3
-11.609257,-1.4820827,0,5
63.541912,2.8451478,2,2
-4.1041064,60.309563,1,1
-5.477759,23.407246,1,1
-19.95345,0.41587248,0,5
-15.793852,23.527382,1,1
0.38411632,34.809242,1,5
-37.004333,19.622143,1,1
50.795708,-22.07308,2,2
47.471542,-22.584698,3,2
-18.906242,10.856656,1,5
-31.321281,-41.36052,0,4
-44.207935,-48.77666,0,4
0.024690995,43.642605,1,5
-56.787506,-18.925554,0,4
16.3949,34.27077,1,5
-10.538843,9.183784,0,1
-27.003252,58.252193,1,1
55.05234,-18.690786,2,2
-53.649563,-27.199598,0,4
30.82085,-32.369675,3,2
-37.618233,34.819157,1,1
24.30238,-0.8932419,3,3
12.772547,-23.810987,3,3
40.73363,-9.159946,3,2
17.180292,-10.064506,3,3
-26.767237,-49.392937,0,4
-40.360806,20.673567,1,1
50.329468,-21.264624,2,2
-1.0528165,17.037756,1,5
3.3050706,-11.669568,3,3
34.178696,-8.608501,3,2
5.285386,35.159626,1,5
11.361344,-15.4882145,3,3
-4.1507945,42.28303,1,5
-51.63813,-37.656002,0,4
-52.779903,-25.926926,0,4
83.073715,-6.801192,2,2
17.37174,1.151551,3,3
-39.90396,-42.417747,0,4
64.7332,-25.83419,2,2
28.189753,-31.59976,3,3
-24.559568,31.300838,1,1
11.667415,-9.555179,3,3
-44.02907,5.2530503,0,5
-12.255128,60.40164,1,1
-34.713715,-17.444126,0,4
-26.672915,-1.0864084,0,5
-28.73259,48.466198,1,1
-59.72044,-24.799002,0,4
49.11584,-2.0247755,2,2
-50.727448,-43.932617,0,5
69.74423,-21.164726,2,2
81.19941,-10.954566,2,2
-24.189377,42.392242,1,1
-15.244951,35.11257,1,1
-29.472635,51.158855,1,1
-19.598866,36.39652,1,1
34.500114,-29.550913,3,2
60.77772,2.7709305,2,2
44.242386,-21.357037,3,2
-20.142939,34.004936,1,1
-42.9964,4.4009356,0,1
-34.828655,49.804813,1,1
72.44077,-18.071934,2,2
-15.230165,66.751076,1,1
-53.42236,-6.21211,0,4
18.306664,-2.2989695,3,3
57.565304,-24.526638,2,2
52.55934,-12.652445,2,2
13.6300955,-6.964191,3,3
40.36381,-25.408552,3,2
20.207838,-0.6776317,3,3
-46.23544,12.83271,1,1
77.63846,-8.723504,2,2
-48.74982,22.735266,1,1
8.586286,-33.27695,3,3
-10.014612,59.940945,1,1
-51.153107,-15.446288,0,1
71.97119,-12.77886,2,2
51.457977,-1.842279,2,2
72.1324,0.88721323,2,2
43.55842,-24.35099,3,2
30.466848,-24.438185,3,2
-53.456593,-27.48235,0,4
75.50123,-25.105772,2,2
86.56236,-10.882123,2,2
-27.174967,46.185722,1,1
-18.5751,-53.337326,0,4
-10.654526,41.22078,1,1
-35.84241,34.592197,1,1
20.270323,53.072853,1,5
57.15191,7.863714,2,2
-29.49938,30.777943,1,1
69.96507,-3.0211933,2,2
-43.795597,-50.598534,0,4
-38.60274,19.677044,1,1
13.709909,21.440956,1,5
3.7004194,-13.799437,3,4
-41.92184,24.623756,1,1
-33.8106,18.864452,1,1
-26.407238,37.296658,1,5
78.88816,-7.995567,2,2
-37.72262,33.587646,1,1
28.443861,-35.639633,3,3
-30.165297,54.319218,1,1
6.2345967,28.952148,1,5
28.616558,2.5420332,3,3
-4.5054097,-18.551798,0,3
55.37569,-31.20498,2,2
21.659908,-14.559079,3,3
-46.660866,-14.757824,0,4
-44.60798,13.967356,1,5
-23.782793,-44.857635,0,4
-43.231396,-6.081856,0,3
-44.61855,-32.51207,0,4
-18.570034,-38.60954,0,4
-40.754955,26.942572,1,1
-51.124355,-13.396817,0,4
-0.006723402,60.819294,1,1
-13.077279,-1.6088504,0,4
41.354294,-29.8321,3,2
20.155973,33.61451,1,5
57.338207,-26.551603,2,2
2.9766476,-18.214401,3,4
77.82638,-4.485734,2,2
-5.8623962,64.96766,1,1
-32.1708,38.876743,1,1
-1.6247774,18.47248,1,5
5.400635,39.455044,1,5
1.3645836,22.129126,1,5
44.215347,-31.306013,3,2
-54.069946,-32.03039,0,4
52.961792,3.414897,2,2
-29.068836,2.1518867,1,1
34.84764,-16.21103,3,3
-14.496246,9.179588,1,5
31.46304,-22.553032,3,2
66.31634,-24.832773,2,2
9.011576,20.958742,1,5
24.754852,-29.0156,3,3
-36.880535,16.842121,1,5
4.7392564,58.31422,1,1
-28.936039,59.48759,1,1
-34.315746,50.70534,1,1
59.808926,1.2077471,2,2
71.68095,-14.688179,2,2
-36.258728,10.2691345,1,1
15.860418,-22.755457,3,3
-41.18384,42.84855,1,1
-24.831924,-27.604794,0,4
7.756246,62.036213,1,5
14.381244,57.281075,1,5
-30.009405,-5.315383,0,1
86.015854,-16.60919,2,2
-2.665084,47.070095,1,1
-37.38694,-48.60714,0,4
14.804041,-21.625982,3,3
5.5537696,47.325386,1,5
6.7414837,-12.448928,3,3
-2.8389435,14.108521,1,1
9.424013,23.765837,1,5
0.91643465,-16.100779,3,3
-14.191676,-12.326278,0,4
-29.277637,52.24421,1,1
-31.620829,50.69253,1,1
57.022213,0.93752104,2,2
11.281749,38.702026,1,5
-28.949757,0.73891646,0,1
9.513088,25.160578,1,5
10.262535,20.635849,1,5
-18.09415,14.628341,1,5
24.331287,5.147319,3,3
47.576828,-25.22598,3,2
39.92085,-20.947384,3,3
-25.959167,-41.34528,0,4
-22.442408,1.8940812,0,4
-45.489033,-41.97835,0,4
-0.5262327,32.84433,1,5
-31.930704,-38.33604,0,4
13.022522,36.52518,1,5
-30.945068,55.593605,1,5
35.103786,-10.073595,3,2
-2.3339117,-12.1753235,3,3
60.474953,-23.814697,2,2
-12.452438,37.725212,1,1
-57.953632,-15.220053,0,4
-21.384363,34.375393,1,5
-46.68441,-46.439922,0,4
-33.608284,32.264114,1,5
-61.05339,-22.9532,0,4
67.06681,-15.769912,2,2
-3.9774127,45.53244,1,1
-32.968197,55.098938,1,1
-24.606224,27.072615,1,1
59.49217,-0.17835312,2,2
-7.4264894,-0.6982464,0,3
54.122707,7.5079703,2,2
30.900326,-19.488937,3,2
30.888939,-6.5920415,3,3
-19.166153,51.082825,1,5
29.16804,-7.781002,3,3
23.722345,0.9309798,3,3
-45.131542,-38.922348,0,4
-44.618233,-10.592432,0,4
-34.616104,-46.514587,0,4
16.680588,35.742016,1,5
5.9484186,-7.29827,3,4
0.6395204,16.478874,1,5
-24.016354,-38.140354,0,4
-36.126717,35.133553,1,1
8.130989,-14.218465,3,3
-16.144985,-51.77513,0,4
11.122726,-29.658,3,3
13.439112,38.69413,1,5
-1.6745855,-43.967484,3,2
23.176228,-15.71234,3,3
-8.838821,68.01712,1,1
-5.284927,51.424923,1,1
11.695317,-29.90755,3,3
1.8439127,-23.359634,3,2
-17.04742,30.281826,1,1
20.947073,48.53628,1,5
12.399013,-12.115566,3,3
-34.013096,24.258745,1,1
-1.3845788,-11.512262,3,3
71.73028,-5.290125,2,2
70.74058,0.77340174,2,2
-29.401148,6.6739573,0,1
-36.770767,-34.40292,0,4
-15.37418,64.832214,1,1
6.0492163,-15.911243,3,3
24.316023,-0.2630992,3,3
-18.281818,-46.51263,0,4
-49.15292,-45.38685,0,4
62.79934,0.6631954,2,2
20.46843,34.9089,1,5
-15.338714,52.190353,1,1
-19.870628,51.68437,1,1
38.808075,-32.679882,3,2
-54.613422,-21.5026,0,4
10.892845,48.099457,3,5
65.185104,-10.331998,2,2
-36.61498,-13.427832,0,4
88.09428,-9.086817,2,2
-52.392525,16.678066,0,3
-9.359691,-16.187384,1,4
15.738082,56.483253,1,5
82.89857,-10.058676,2,2
-15.092938,-44.74231,0,3
-54.54413,-10.308637,0,4
-50.867878,-19.395004,0,4
81.20129,-13.645104,2,2
4.7443132,-32.6124,3,3
-28.22434,22.769468,1,1
-53.27119,-17.048311,0,4
-32.97036,-27.577364,0,4
-41.67711,5.455571,0,1
65.2657,-12.595401,2,2
66.877716,-25.173199,2,2
-19.880371,20.093338,1,1
-36.589935,-43.852577,0,4
-18.09541,12.107234,1,5
-12.143362,49.676605,1,1
-8.84891,34.011433,1,1
56.439713,-24.157152,2,2
60.507603,-1.1297934,2,2
-7.3943987,34.693626,1,5
20.78627,-28.482985,3,3
38.12732,-19.728073,2,3
82.99672,-5.3762407,2,2
37.620205,-34.6011,3,2
-48.324326,-5.5393777,0,4
-8.703016,-23.49143,0,3
77.26897,-3.2401857,2,2
-6.625623,61.360092,1,1
23.619478,1.7634653,3,3
3.6272798,-28.957684,3,3
-36.904987,48.726498,1,1
-42.19125,-14.467656,0,4
65.20589,-17.330124,2,2
-27.491795,37.34473,1,1
-16.343168,59.059708,1,1
60.507698,-10.210307,2,2
60.282936,-0.7146,2,2
34.60655,-27.14387,3,3
-43.250755,12.951853,1,1
76.59884,-2.3248737,2,2
61.21451,-18.256805,2,2
-18.195784,-17.869873,3,3
-18.749868,41.772182,1,5
-46.261753,-20.844389,0,4
-17.406202,42.312347,1,1
-33.14522,52.13753,1,1
-38.973682,21.692665,1,1
10.475529,53.105118,1,5
-6.6282663,19.816153,1,1
-26.667746,-46.386185,0,4
44.53686,-5.977516,2,2
86.66944,-6.3590255,2,2
85.32831,-15.2463875,2,2
17.50073,30.112822,1,5
50.58649,-16.706953,2,2
-48.247906,29.297958,1,1
17.297838,44.672245,1,5
-7.7176423,10.661155,1,5
-0.6194012,-30.844942,3,3
-32.712437,-1.1643964,0,4
-34.67746,-10.356401,0,1
-19.380148,37.36662,1,1
-35.025944,-25.925213,0,4
-24.950808,-5.41393,0,4
35.295147,-29.614664,3,2
32.928844,-5.155234,3,3
-14.465168,26.270006,1,1
-33.121277,53.932518,1,1
8.226366,3.191912,1,1
-4.1097174,39.80928,1,5
-21.200594,1.2003621,0,1
49.271484,-10.339859,2,2
19.87532,-27.783688,3,3
-52.397415,-19.372839,0,4
-40.266254,-29.403887,0,4
9.008226,21.161268,1,5
-44.72218,-1.0246471,0,4
42.79491,-30.76932,3,2
-20.404703,35.924767,1,5
73.266594,-5.6615424,2,2
66.17878,-27.212236,2,2
68.699715,-16.967478,2,2
-17.813925,36.809555,1,5
-45.251774,13.263197,1,1
-23.8517,-37.992313,0,4
2.612498,-36.779243,3,3
-22.916845,39.203766,1,5
46.25867,-25.240063,2,2
-51.646313,0.9055963,0,1
-48.666653,25.046995,1,1
-53.777924,16.010244,0,1
21.416065,-1.201439,3,3
-43.83434,-48.819954,0,4
-36.71335,-55.490868,0,4
67.100204,-26.417938,2,2
-11.2144165,39.45929,1,1
59.841232,4.764194,2,2
-28.250921,-55.356403,0,4
42.251945,-33.614605,3,2
88.12004,-13.957454,2,2
-17.464266,-11.050547,3,3
3.6422296,-33.794674,3,3
-1.7679876,17.596066,1,5
52.310925,-15.360737,2,2
-23.989723,13.5869465,0,4
32.522243,-31.629131,3,2
20.000435,39.518345,1,5
13.370446,-7.0875707,3,3
-56.00899,-5.0681605,0,4
-19.98876,-13.945546,0,1
76.27634,-22.504036,2,2
41.91922,-21.439032,3,2
-38.436752,32.932194,1,1
-32.27312,-35.789406,0,4
-20.408192,8.548803,0,5
21.181969,38.789745,1,5
-52.005684,-42.570843,0,4
-34.956593,47.346294,1,1
35.548203,-17.253117,3,3
44.717644,-27.964659,3,2
-3.4153473,-28.851223,0,3
2.2269516,-28.680033,3,3
2.722675,-22.38643,3,3
-2.5438004,-20.06833,3,3
10.527097,-11.73075,3,3
-17.161182,53.974354,1,1
58.01735,1.4402813,2,2
17.768814,57.551212,1,5
57.00509,-15.2701845,2,2
41.522453,-7.2757263,3,2
-34.48955,-33.905838,0,4
52.95336,-0.17726533,2,2
17.188221,46.156685,1,5
-53.881523,-26.09153,0,4
-26.679567,-47.725075,0,4
50.47792,-30.931408,3,2
-23.505457,16.984955,1,5
-41.00405,19.584488,1,1
-36.73251,-33.875885,0,4
68.63407,-4.7452264,2,2
4.951649,59.359856,1,5
-10.398064,-1.0368291,0,5
3.3046472,15.695593,0,5
-30.343878,49.052853,1,1
-2.9582005,66.46539,1,1
-14.686545,-38.518394,0,4
-36.693687,25.629078,1,5
29.282513,4.5193586,3,3
-58.653473,-22.79924,0,4
4.804554,-6.017163,3,3
-11.371652,42.390247,1,1
62.460655,-9.394407,2,2
-17.00903,-37.94317,0,4
-17.12484,68.23427,1,1
78.59179,-8.486955,2,2
2.8831563,-21.327652,3,3
-21.175562,-47.827953,0,4
-27.238274,44.32754,1,1
67.09638,-23.529102,2,2
-2.5177498,-8.185155,1,3
-25.427052,59.828625,1,5
-6.7130313,-12.160515,0,4
-52.180614,-33.980713,0,4
-16.638857,-51.08439,0,4
12.615693,19.975716,0,5
33.740555,-27.600464,3,3
20.10686,46.617283,1,5
-40.2631,9.402133,0,1
14.166855,22.17102,1,5
15.123166,-0.48842382,3,4
-52.07761,16.720486,0,1
-25.38766,61.398,1,5
55.568424,2.1957722,2,2
-4.797527,39.64444,1,5
-41.04845,-45.703693,0,4
28.341003,3.8944886,3,3
-15.984703,-21.282545,3,3
-10.3116255,30.167555,1,1
-6.082609,56.10387,1,1
-55.429554,-20.442007,0,4
15.118837,22.112854,1,5
-4.8413534,58.06717,1,5
-15.084603,29.728615,1,1
2.3078356,34.461254,1,5
-28.671818,15.012879,1,4
-25.80166,-44.436188,0,3
-18.609653,-22.311657,0,3
1.7553071,12.502811,0,5
-44.390247,-26.22373,0,4
-4.6576953,64.16919,1,1
-7.829981,43.113598,1,1
-16.69902,-21.830463,0,3
-1.0320708,36.65427,1,5
-43.871407,-50.565304,0,4
47.24017,-13.0085745,3,2
38.031166,-5.5947623,2,2
-14.924781,-40.64579,0,3
-23.187832,-39.809002,0,4
58.898846,-1.2434034,2,2
11.148087,-12.088137,3,3
-47.543396,-40.036293,0,4
64.3459,-10.977483,2,2
-35.91939,-27.187151,0,4
-20.301819,17.88979,1,5
-9.497385,65.38828,1,1
25.13541,-17.900017,3,3
0.566205,15.355626,1,5
-48.638153,31.978355,1,1
-19.748026,16.169529,1,1
53.78282,7.452319,2,2
44.183235,-28.459274,3,2
68.47909,-15.8496,2,2
-18.995718,-38.945465,0,4
-49.966713,-1.4192693,0,1
85.10048,-5.4601636,2,2
-25.106611,41.619816,1,1
-50.152653,-44.530914,0,4
59.92907,-10.248262,2,2
-25.246582,39.15149,1,1
-27.110588,46.247505,1,1
52.284187,-29.276999,3,2
11.906743,-21.888477,3,3
33.753376,-28.35587,3,3
-5.498717,34.63322,1,5
-11.950839,66.638954,1,1
42.31871,-34.465027,3,2
63.040012,3.2979994,2,2
-17.555996,28.101189,1,5
-37.503777,-38.05133,0,4
-6.775196,35.537804,1,5
2.3313782,54.909058,1,5
-41.419487,-45.29802,0,4
-31.300657,9.144387,1,1
50.48822,5.9640074,2,2
14.341456,41.593567,1,5
13.438397,24.319918,1,5
-41.6551,30.586412,1,1
41.049706,8.982488,3,3
-40.111496,-4.515294,0,4
30.367655,-31.81597,3,2
-29.32223,-44.504787,0,4
70.51972,-19.39177,2,2
-1.9057642,55.76022,1,5
-19.804615,-34.549404,0,4
24.473507,-6.504668,3,3
-50.40556,27.484196,1,1
-21.331165,48.142666,1,1
-32.633675,36.47406,1,1
-0.61761594,-16.41491,3,3
-44.28832,-18.237331,0,4
-25.47003,25.44184,1,1
-33.414013,7.129424,0,5
64.18385,3.317026,2,2
-1.6026865,-41.797264,3,3
-41.10256,-22.075968,0,4
-10.522246,0.83212924,0,4
15.919552,33.463154,1,5
50.997852,-4.8214173,2,2
-15.812385,9.128085,1,5
-9.027264,52.681732,1,1
16.958261,-34.376293,3,3
20.88779,-1.8556393,3,3
21.297123,-17.822271,3,3
15.27025,-25.491268,3,3
-15.399515,20.027657,1,1
67.72387,-11.024228,2,2
-13.654664,67.60626,1,1
-50.491547,24.751732,1,1
-8.389323,62.985947,1,1
40.09995,-14.124335,3,2
-32.204037,50.738705,1,1
-47.9762,-18.929068,0,4
-36.468864,20.157757,1,1
6.9083366,-24.79809,3,3
-23.019892,28.37961,1,1
23.172606,-12.287678,3,3
22.71569,42.270996,1,5
-9.953219,9.734822,0,1
41.078964,-24.716349,3,2
-16.467327,-13.18473,0,1
-33.949154,10.657949,0,1
1.8730764,57.73892,1,5
-2.5477254,-24.008245,3,3
-33.917297,20.186132,1,1
-17.726526,67.126724,1,1
59.252014,-17.151068,2,2
72.596886,-6.086064,2,2
36.02628,-6.978517,3,2
39.680443,-7.401468,3,2
28.613594,-40.143845,3,2
-31.156515,-18.66552,0,4
-14.4451685,36.89276,1,1
18.644325,-2.586525,3,3
11.179563,-33.677025,3,3
44.39613,-26.814054,3,2
-33.930435,-6.733554,0,1
59.818146,-15.878739,2,2
-15.663633,59.1828,1,1
36.399063,3.8058143,3,3
-45.80761,-27.85948,0,4
17.227604,37.4626,1,5
-23.045925,-18.613667,0,3
40.678825,-12.128066,3,2
24.365446,0.35021684,3,3
-23.099844,-42.462086,0,3
5.0327306,-21.247633,3,3
11.610324,45.818573,1,3
7.616735,38.767387,1,5
-20.125095,-53.83186,0,4
70.37543,1.2532061,2,2
-27.838669,-37.538006,0,4
46.313168,-15.90363,2,2
-0.21896264,66.31268,1,1
17.399681,-23.455988,3,3
-58.43726,-18.537598,0,1
-48.27699,35.5498,1,1
-20.755325,42.658314,1,1
-43.278847,-20.082481,0,4
-56.772034,-10.296294,0,4
13.44106,60.93636,1,5
34.75856,-10.820006,3,2
-13.23368,-22.192343,0,3
-25.2118,-34.942596,0,4
-12.7027645,36.725193,1,5
-37.887577,18.898626,1,1
-12.590502,20.991043,1,5
-24.150587,-3.0174081,0,4
14.436846,54.457752,1,5
-15.296396,53.56889,1,1
-48.197395,37.12483,1,1
15.27737,35.33883,1,5
-25.206844,-23.389482,0,4
-54.12137,-21.099329,0,4
14.750093,44.433277,1,5
47.513485,-10.010624,3,2
23.636885,-19.839144,3,3
-1.1173995,56.000923,1,5
11.2485285,32.222195,1,5
-28.357704,47.07255,1,1
78.44741,-7.2199764,2,2
18.119034,35.820786,1,5
-22.683523,51.918766,1,1
-25.474281,52.271893,1,1
14.032513,-1.0491328,3,3
29.41223,-19.35453,3,2
66.62856,-10.755936,2,2
-37.098274,-33.25042,0,4
17.24587,-23.46281,3,3
46.56392,-9.13591,2,2
